2025-11-29T07:20:23.982572Z  INFO tailwindcss_oxide::scanner: Provided sources:
2025-11-29T07:20:23.982680Z  INFO tailwindcss_oxide::scanner: Source: PublicSourceEntry { base: "D:\\AI-Workspace\\employee-identity-portal", pattern: "**/*", negated: false }
2025-11-29T07:20:23.982925Z  INFO tailwindcss_oxide::scanner: Optimized sources:
2025-11-29T07:20:23.982950Z  INFO tailwindcss_oxide::scanner: Source: Auto { base: "D:\\AI-Workspace\\employee-identity-portal" }
2025-11-29T07:20:23.988262Z  INFO scan_sources: tailwindcss_oxide::scanner: enter
2025-11-29T07:20:23.990445Z  INFO scan_sources: tailwindcss_oxide::scanner: Discovering "D:\\AI-Workspace\\employee-identity-portal\\.env.example"
2025-11-29T07:20:23.990622Z  INFO scan_sources: tailwindcss_oxide::scanner: Discovering "D:\\AI-Workspace\\employee-identity-portal\\.env.local"
2025-11-29T07:20:23.991601Z  INFO scan_sources: tailwindcss_oxide::scanner: Discovering "D:\\AI-Workspace\\employee-identity-portal\\backend"
2025-11-29T07:20:23.991891Z  INFO scan_sources: tailwindcss_oxide::scanner: Discovering "D:\\AI-Workspace\\employee-identity-portal\\backend\\.env"
2025-11-29T07:20:23.992076Z  INFO scan_sources: tailwindcss_oxide::scanner: Discovering "D:\\AI-Workspace\\employee-identity-portal\\backend\\config"
2025-11-29T07:20:23.992372Z  INFO scan_sources: tailwindcss_oxide::scanner: Discovering "D:\\AI-Workspace\\employee-identity-portal\\backend\\config\\features.json"
2025-11-29T07:20:23.992497Z  INFO scan_sources: tailwindcss_oxide::scanner: Discovering "D:\\AI-Workspace\\employee-identity-portal\\backend\\config\\roles.json"
2025-11-29T07:20:23.992710Z  INFO scan_sources: tailwindcss_oxide::scanner: Discovering "D:\\AI-Workspace\\employee-identity-portal\\backend\\logs"
2025-11-29T07:20:23.993077Z  INFO scan_sources: tailwindcss_oxide::scanner: Discovering "D:\\AI-Workspace\\employee-identity-portal\\backend\\middleware"
2025-11-29T07:20:23.993339Z  INFO scan_sources: tailwindcss_oxide::scanner: Discovering "D:\\AI-Workspace\\employee-identity-portal\\backend\\middleware\\auth.js"
2025-11-29T07:20:23.993459Z  INFO scan_sources: tailwindcss_oxide::scanner: Discovering "D:\\AI-Workspace\\employee-identity-portal\\backend\\middleware\\errorHandler.js"
2025-11-29T07:20:23.993582Z  INFO scan_sources: tailwindcss_oxide::scanner: Discovering "D:\\AI-Workspace\\employee-identity-portal\\backend\\middleware\\index.js"
2025-11-29T07:20:23.993699Z  INFO scan_sources: tailwindcss_oxide::scanner: Discovering "D:\\AI-Workspace\\employee-identity-portal\\backend\\middleware\\requestLogger.js"
2025-11-29T07:20:23.993908Z  INFO scan_sources: tailwindcss_oxide::scanner: Discovering "D:\\AI-Workspace\\employee-identity-portal\\backend\\mocks"
2025-11-29T07:20:23.994182Z  INFO scan_sources: tailwindcss_oxide::scanner: Discovering "D:\\AI-Workspace\\employee-identity-portal\\backend\\mocks\\all-users.json"
2025-11-29T07:20:23.994294Z  INFO scan_sources: tailwindcss_oxide::scanner: Discovering "D:\\AI-Workspace\\employee-identity-portal\\backend\\mocks\\azure-ad-details.json"
2025-11-29T07:20:23.994400Z  INFO scan_sources: tailwindcss_oxide::scanner: Discovering "D:\\AI-Workspace\\employee-identity-portal\\backend\\mocks\\azure-ad-initial.json"
2025-11-29T07:20:23.994511Z  INFO scan_sources: tailwindcss_oxide::scanner: Discovering "D:\\AI-Workspace\\employee-identity-portal\\backend\\mocks\\cyberark-details.json"
2025-11-29T07:20:23.994608Z  INFO scan_sources: tailwindcss_oxide::scanner: Discovering "D:\\AI-Workspace\\employee-identity-portal\\backend\\mocks\\cyberark-initial.json"
2025-11-29T07:20:23.994731Z  INFO scan_sources: tailwindcss_oxide::scanner: Discovering "D:\\AI-Workspace\\employee-identity-portal\\backend\\mocks\\ping-access-details.json"
2025-11-29T07:20:23.994839Z  INFO scan_sources: tailwindcss_oxide::scanner: Discovering "D:\\AI-Workspace\\employee-identity-portal\\backend\\mocks\\ping-access-initial.json"
2025-11-29T07:20:23.994948Z  INFO scan_sources: tailwindcss_oxide::scanner: Discovering "D:\\AI-Workspace\\employee-identity-portal\\backend\\mocks\\ping-access-search.json"
2025-11-29T07:20:23.995122Z  INFO scan_sources: tailwindcss_oxide::scanner: Discovering "D:\\AI-Workspace\\employee-identity-portal\\backend\\mocks\\ping-authorize-details.json"
2025-11-29T07:20:23.995234Z  INFO scan_sources: tailwindcss_oxide::scanner: Discovering "D:\\AI-Workspace\\employee-identity-portal\\backend\\mocks\\ping-authorize-initial.json"
2025-11-29T07:20:23.995336Z  INFO scan_sources: tailwindcss_oxide::scanner: Discovering "D:\\AI-Workspace\\employee-identity-portal\\backend\\mocks\\ping-authorize-search.json"
2025-11-29T07:20:23.995425Z  INFO scan_sources: tailwindcss_oxide::scanner: Discovering "D:\\AI-Workspace\\employee-identity-portal\\backend\\mocks\\ping-directory-details.json"
2025-11-29T07:20:23.995517Z  INFO scan_sources: tailwindcss_oxide::scanner: Discovering "D:\\AI-Workspace\\employee-identity-portal\\backend\\mocks\\ping-directory-initial.json"
2025-11-29T07:20:23.995625Z  INFO scan_sources: tailwindcss_oxide::scanner: Discovering "D:\\AI-Workspace\\employee-identity-portal\\backend\\mocks\\ping-directory-search.json"
2025-11-29T07:20:23.995739Z  INFO scan_sources: tailwindcss_oxide::scanner: Discovering "D:\\AI-Workspace\\employee-identity-portal\\backend\\mocks\\ping-federate-details.json"
2025-11-29T07:20:23.995840Z  INFO scan_sources: tailwindcss_oxide::scanner: Discovering "D:\\AI-Workspace\\employee-identity-portal\\backend\\mocks\\ping-federate-initial.json"
2025-11-29T07:20:23.995959Z  INFO scan_sources: tailwindcss_oxide::scanner: Discovering "D:\\AI-Workspace\\employee-identity-portal\\backend\\mocks\\ping-intelligence-details.json"
2025-11-29T07:20:23.996081Z  INFO scan_sources: tailwindcss_oxide::scanner: Discovering "D:\\AI-Workspace\\employee-identity-portal\\backend\\mocks\\ping-intelligence-initial.json"
2025-11-29T07:20:23.996188Z  INFO scan_sources: tailwindcss_oxide::scanner: Discovering "D:\\AI-Workspace\\employee-identity-portal\\backend\\mocks\\ping-intelligence-search.json"
2025-11-29T07:20:23.996311Z  INFO scan_sources: tailwindcss_oxide::scanner: Discovering "D:\\AI-Workspace\\employee-identity-portal\\backend\\mocks\\ping-mfa-details.json"
2025-11-29T07:20:23.996424Z  INFO scan_sources: tailwindcss_oxide::scanner: Discovering "D:\\AI-Workspace\\employee-identity-portal\\backend\\mocks\\ping-mfa-initial.json"
2025-11-29T07:20:23.996534Z  INFO scan_sources: tailwindcss_oxide::scanner: Discovering "D:\\AI-Workspace\\employee-identity-portal\\backend\\mocks\\ping-mfa-search.json"
2025-11-29T07:20:23.996656Z  INFO scan_sources: tailwindcss_oxide::scanner: Discovering "D:\\AI-Workspace\\employee-identity-portal\\backend\\mocks\\readme.txt"
2025-11-29T07:20:23.996765Z  INFO scan_sources: tailwindcss_oxide::scanner: Discovering "D:\\AI-Workspace\\employee-identity-portal\\backend\\mocks\\saviynt-details.json"
2025-11-29T07:20:23.996879Z  INFO scan_sources: tailwindcss_oxide::scanner: Discovering "D:\\AI-Workspace\\employee-identity-portal\\backend\\mocks\\saviynt-initial.json"
2025-11-29T07:20:23.996985Z  INFO scan_sources: tailwindcss_oxide::scanner: Discovering "D:\\AI-Workspace\\employee-identity-portal\\backend\\mocks\\snow-incidents.json"
2025-11-29T07:20:23.997450Z  INFO scan_sources: tailwindcss_oxide::scanner: Discovering "D:\\AI-Workspace\\employee-identity-portal\\backend\\package.json"
2025-11-29T07:20:23.997623Z  INFO scan_sources: tailwindcss_oxide::scanner: Discovering "D:\\AI-Workspace\\employee-identity-portal\\backend\\routes"
2025-11-29T07:20:23.997871Z  INFO scan_sources: tailwindcss_oxide::scanner: Discovering "D:\\AI-Workspace\\employee-identity-portal\\backend\\routes\\auth.js"
2025-11-29T07:20:23.997981Z  INFO scan_sources: tailwindcss_oxide::scanner: Discovering "D:\\AI-Workspace\\employee-identity-portal\\backend\\routes\\index.js"
2025-11-29T07:20:23.998087Z  INFO scan_sources: tailwindcss_oxide::scanner: Discovering "D:\\AI-Workspace\\employee-identity-portal\\backend\\routes\\search.js"
2025-11-29T07:20:23.998193Z  INFO scan_sources: tailwindcss_oxide::scanner: Discovering "D:\\AI-Workspace\\employee-identity-portal\\backend\\routes\\snow.js"
2025-11-29T07:20:23.998381Z  INFO scan_sources: tailwindcss_oxide::scanner: Discovering "D:\\AI-Workspace\\employee-identity-portal\\backend\\routes\\systems.js"
2025-11-29T07:20:23.998523Z  INFO scan_sources: tailwindcss_oxide::scanner: Discovering "D:\\AI-Workspace\\employee-identity-portal\\backend\\server.js"
2025-11-29T07:20:23.998687Z  INFO scan_sources: tailwindcss_oxide::scanner: Discovering "D:\\AI-Workspace\\employee-identity-portal\\backend\\services"
2025-11-29T07:20:23.998928Z  INFO scan_sources: tailwindcss_oxide::scanner: Discovering "D:\\AI-Workspace\\employee-identity-portal\\backend\\services\\index.js"
2025-11-29T07:20:23.999039Z  INFO scan_sources: tailwindcss_oxide::scanner: Discovering "D:\\AI-Workspace\\employee-identity-portal\\backend\\services\\mockDataService.js"
2025-11-29T07:20:23.999148Z  INFO scan_sources: tailwindcss_oxide::scanner: Discovering "D:\\AI-Workspace\\employee-identity-portal\\backend\\services\\rbacService.js"
2025-11-29T07:20:23.999344Z  INFO scan_sources: tailwindcss_oxide::scanner: Discovering "D:\\AI-Workspace\\employee-identity-portal\\backend\\utils"
2025-11-29T07:20:23.999585Z  INFO scan_sources: tailwindcss_oxide::scanner: Discovering "D:\\AI-Workspace\\employee-identity-portal\\backend\\utils\\logger.js"
2025-11-29T07:20:23.999786Z  INFO scan_sources: tailwindcss_oxide::scanner: Discovering "D:\\AI-Workspace\\employee-identity-portal\\components.json"
2025-11-29T07:20:23.999900Z  INFO scan_sources: tailwindcss_oxide::scanner: Discovering "D:\\AI-Workspace\\employee-identity-portal\\DATA_FLOW.md"
2025-11-29T07:20:24.000011Z  INFO scan_sources: tailwindcss_oxide::scanner: Discovering "D:\\AI-Workspace\\employee-identity-portal\\eslint.config.mjs"
2025-11-29T07:20:24.000140Z  INFO scan_sources: tailwindcss_oxide::scanner: Discovering "D:\\AI-Workspace\\employee-identity-portal\\next.config.ts"
2025-11-29T07:20:24.000498Z  INFO scan_sources: tailwindcss_oxide::scanner: Discovering "D:\\AI-Workspace\\employee-identity-portal\\package.json"
2025-11-29T07:20:24.000604Z  INFO scan_sources: tailwindcss_oxide::scanner: Discovering "D:\\AI-Workspace\\employee-identity-portal\\postcss.config.mjs"
2025-11-29T07:20:24.000774Z  INFO scan_sources: tailwindcss_oxide::scanner: Discovering "D:\\AI-Workspace\\employee-identity-portal\\public"
2025-11-29T07:20:24.001024Z  INFO scan_sources: tailwindcss_oxide::scanner: Discovering "D:\\AI-Workspace\\employee-identity-portal\\public\\file.svg"
2025-11-29T07:20:24.001170Z  INFO scan_sources: tailwindcss_oxide::scanner: Discovering "D:\\AI-Workspace\\employee-identity-portal\\public\\globe.svg"
2025-11-29T07:20:24.002160Z  INFO scan_sources: tailwindcss_oxide::scanner: Discovering "D:\\AI-Workspace\\employee-identity-portal\\public\\next.svg"
2025-11-29T07:20:24.002297Z  INFO scan_sources: tailwindcss_oxide::scanner: Discovering "D:\\AI-Workspace\\employee-identity-portal\\public\\vercel.svg"
2025-11-29T07:20:24.002428Z  INFO scan_sources: tailwindcss_oxide::scanner: Discovering "D:\\AI-Workspace\\employee-identity-portal\\public\\window.svg"
2025-11-29T07:20:24.002571Z  INFO scan_sources: tailwindcss_oxide::scanner: Discovering "D:\\AI-Workspace\\employee-identity-portal\\README.md"
2025-11-29T07:20:24.002678Z  INFO scan_sources: tailwindcss_oxide::scanner: Discovering "D:\\AI-Workspace\\employee-identity-portal\\REFACTORING.md"
2025-11-29T07:20:24.002787Z  INFO scan_sources: tailwindcss_oxide::scanner: Discovering "D:\\AI-Workspace\\employee-identity-portal\\REFACTORING_COMPLETION.md"
2025-11-29T07:20:24.002896Z  INFO scan_sources: tailwindcss_oxide::scanner: Discovering "D:\\AI-Workspace\\employee-identity-portal\\REFACTORING_EXECUTIVE_SUMMARY.md"
2025-11-29T07:20:24.003000Z  INFO scan_sources: tailwindcss_oxide::scanner: Discovering "D:\\AI-Workspace\\employee-identity-portal\\REFACTORING_TECHNICAL_DETAILS.md"
2025-11-29T07:20:24.003178Z  INFO scan_sources: tailwindcss_oxide::scanner: Discovering "D:\\AI-Workspace\\employee-identity-portal\\src"
2025-11-29T07:20:24.003497Z  INFO scan_sources: tailwindcss_oxide::scanner: Discovering "D:\\AI-Workspace\\employee-identity-portal\\src\\app"
2025-11-29T07:20:24.003804Z  INFO scan_sources: tailwindcss_oxide::scanner: Discovering "D:\\AI-Workspace\\employee-identity-portal\\src\\app\\api"
2025-11-29T07:20:24.004124Z  INFO scan_sources: tailwindcss_oxide::scanner: Discovering "D:\\AI-Workspace\\employee-identity-portal\\src\\app\\api\\aad"
2025-11-29T07:20:24.004413Z  INFO scan_sources: tailwindcss_oxide::scanner: Discovering "D:\\AI-Workspace\\employee-identity-portal\\src\\app\\api\\aad\\groups"
2025-11-29T07:20:24.004654Z  INFO scan_sources: tailwindcss_oxide::scanner: Discovering "D:\\AI-Workspace\\employee-identity-portal\\src\\app\\api\\aad\\groups\\route.ts"
2025-11-29T07:20:24.004849Z  INFO scan_sources: tailwindcss_oxide::scanner: Discovering "D:\\AI-Workspace\\employee-identity-portal\\src\\app\\api\\aad\\signins"
2025-11-29T07:20:24.005095Z  INFO scan_sources: tailwindcss_oxide::scanner: Discovering "D:\\AI-Workspace\\employee-identity-portal\\src\\app\\api\\aad\\signins\\route.ts"
2025-11-29T07:20:24.005288Z  INFO scan_sources: tailwindcss_oxide::scanner: Discovering "D:\\AI-Workspace\\employee-identity-portal\\src\\app\\api\\aad\\user"
2025-11-29T07:20:24.005524Z  INFO scan_sources: tailwindcss_oxide::scanner: Discovering "D:\\AI-Workspace\\employee-identity-portal\\src\\app\\api\\aad\\user\\route.ts"
2025-11-29T07:20:24.005760Z  INFO scan_sources: tailwindcss_oxide::scanner: Discovering "D:\\AI-Workspace\\employee-identity-portal\\src\\app\\api\\auth"
2025-11-29T07:20:24.006048Z  INFO scan_sources: tailwindcss_oxide::scanner: Discovering "D:\\AI-Workspace\\employee-identity-portal\\src\\app\\api\\auth\\login"
2025-11-29T07:20:24.006278Z  INFO scan_sources: tailwindcss_oxide::scanner: Discovering "D:\\AI-Workspace\\employee-identity-portal\\src\\app\\api\\auth\\login\\route.ts"
2025-11-29T07:20:24.006497Z  INFO scan_sources: tailwindcss_oxide::scanner: Discovering "D:\\AI-Workspace\\employee-identity-portal\\src\\app\\api\\config"
2025-11-29T07:20:24.006795Z  INFO scan_sources: tailwindcss_oxide::scanner: Discovering "D:\\AI-Workspace\\employee-identity-portal\\src\\app\\api\\config\\features"
2025-11-29T07:20:24.007039Z  INFO scan_sources: tailwindcss_oxide::scanner: Discovering "D:\\AI-Workspace\\employee-identity-portal\\src\\app\\api\\config\\features\\route.ts"
2025-11-29T07:20:24.007253Z  INFO scan_sources: tailwindcss_oxide::scanner: Discovering "D:\\AI-Workspace\\employee-identity-portal\\src\\app\\api\\cyberark"
2025-11-29T07:20:24.007551Z  INFO scan_sources: tailwindcss_oxide::scanner: Discovering "D:\\AI-Workspace\\employee-identity-portal\\src\\app\\api\\cyberark\\accounts"
2025-11-29T07:20:24.007787Z  INFO scan_sources: tailwindcss_oxide::scanner: Discovering "D:\\AI-Workspace\\employee-identity-portal\\src\\app\\api\\cyberark\\accounts\\route.ts"
2025-11-29T07:20:24.007976Z  INFO scan_sources: tailwindcss_oxide::scanner: Discovering "D:\\AI-Workspace\\employee-identity-portal\\src\\app\\api\\cyberark\\activity"
2025-11-29T07:20:24.008214Z  INFO scan_sources: tailwindcss_oxide::scanner: Discovering "D:\\AI-Workspace\\employee-identity-portal\\src\\app\\api\\cyberark\\activity\\route.ts"
2025-11-29T07:20:24.008406Z  INFO scan_sources: tailwindcss_oxide::scanner: Discovering "D:\\AI-Workspace\\employee-identity-portal\\src\\app\\api\\cyberark\\safes"
2025-11-29T07:20:24.008651Z  INFO scan_sources: tailwindcss_oxide::scanner: Discovering "D:\\AI-Workspace\\employee-identity-portal\\src\\app\\api\\cyberark\\safes\\route.ts"
2025-11-29T07:20:24.008865Z  INFO scan_sources: tailwindcss_oxide::scanner: Discovering "D:\\AI-Workspace\\employee-identity-portal\\src\\app\\api\\cyberark-alero"
2025-11-29T07:20:24.009125Z  INFO scan_sources: tailwindcss_oxide::scanner: Discovering "D:\\AI-Workspace\\employee-identity-portal\\src\\app\\api\\cyberark-alero\\recordings"
2025-11-29T07:20:24.009359Z  INFO scan_sources: tailwindcss_oxide::scanner: Discovering "D:\\AI-Workspace\\employee-identity-portal\\src\\app\\api\\cyberark-alero\\recordings\\route.ts"
2025-11-29T07:20:24.009564Z  INFO scan_sources: tailwindcss_oxide::scanner: Discovering "D:\\AI-Workspace\\employee-identity-portal\\src\\app\\api\\cyberark-alero\\sessions"
2025-11-29T07:20:24.009880Z  INFO scan_sources: tailwindcss_oxide::scanner: Discovering "D:\\AI-Workspace\\employee-identity-portal\\src\\app\\api\\cyberark-alero\\sessions\\route.ts"
2025-11-29T07:20:24.010088Z  INFO scan_sources: tailwindcss_oxide::scanner: Discovering "D:\\AI-Workspace\\employee-identity-portal\\src\\app\\api\\cyberark-alero\\targets"
2025-11-29T07:20:24.010343Z  INFO scan_sources: tailwindcss_oxide::scanner: Discovering "D:\\AI-Workspace\\employee-identity-portal\\src\\app\\api\\cyberark-alero\\targets\\route.ts"
2025-11-29T07:20:24.010571Z  INFO scan_sources: tailwindcss_oxide::scanner: Discovering "D:\\AI-Workspace\\employee-identity-portal\\src\\app\\api\\cyberark-conjur"
2025-11-29T07:20:24.010871Z  INFO scan_sources: tailwindcss_oxide::scanner: Discovering "D:\\AI-Workspace\\employee-identity-portal\\src\\app\\api\\cyberark-conjur\\rotation"
2025-11-29T07:20:24.011109Z  INFO scan_sources: tailwindcss_oxide::scanner: Discovering "D:\\AI-Workspace\\employee-identity-portal\\src\\app\\api\\cyberark-conjur\\rotation\\route.ts"
2025-11-29T07:20:24.011311Z  INFO scan_sources: tailwindcss_oxide::scanner: Discovering "D:\\AI-Workspace\\employee-identity-portal\\src\\app\\api\\cyberark-conjur\\secrets"
2025-11-29T07:20:24.011567Z  INFO scan_sources: tailwindcss_oxide::scanner: Discovering "D:\\AI-Workspace\\employee-identity-portal\\src\\app\\api\\cyberark-conjur\\secrets\\route.ts"
2025-11-29T07:20:24.011766Z  INFO scan_sources: tailwindcss_oxide::scanner: Discovering "D:\\AI-Workspace\\employee-identity-portal\\src\\app\\api\\cyberark-conjur\\vaults"
2025-11-29T07:20:24.012011Z  INFO scan_sources: tailwindcss_oxide::scanner: Discovering "D:\\AI-Workspace\\employee-identity-portal\\src\\app\\api\\cyberark-conjur\\vaults\\route.ts"
2025-11-29T07:20:24.012233Z  INFO scan_sources: tailwindcss_oxide::scanner: Discovering "D:\\AI-Workspace\\employee-identity-portal\\src\\app\\api\\cyberark-dpa"
2025-11-29T07:20:24.012522Z  INFO scan_sources: tailwindcss_oxide::scanner: Discovering "D:\\AI-Workspace\\employee-identity-portal\\src\\app\\api\\cyberark-dpa\\authorizations"
2025-11-29T07:20:24.012760Z  INFO scan_sources: tailwindcss_oxide::scanner: Discovering "D:\\AI-Workspace\\employee-identity-portal\\src\\app\\api\\cyberark-dpa\\authorizations\\route.ts"
2025-11-29T07:20:24.012955Z  INFO scan_sources: tailwindcss_oxide::scanner: Discovering "D:\\AI-Workspace\\employee-identity-portal\\src\\app\\api\\cyberark-dpa\\policies"
2025-11-29T07:20:24.013190Z  INFO scan_sources: tailwindcss_oxide::scanner: Discovering "D:\\AI-Workspace\\employee-identity-portal\\src\\app\\api\\cyberark-dpa\\policies\\route.ts"
2025-11-29T07:20:24.013390Z  INFO scan_sources: tailwindcss_oxide::scanner: Discovering "D:\\AI-Workspace\\employee-identity-portal\\src\\app\\api\\cyberark-dpa\\risk-assessment"
2025-11-29T07:20:24.013647Z  INFO scan_sources: tailwindcss_oxide::scanner: Discovering "D:\\AI-Workspace\\employee-identity-portal\\src\\app\\api\\cyberark-dpa\\risk-assessment\\route.ts"
2025-11-29T07:20:24.013874Z  INFO scan_sources: tailwindcss_oxide::scanner: Discovering "D:\\AI-Workspace\\employee-identity-portal\\src\\app\\api\\cyberark-epm"
2025-11-29T07:20:24.014168Z  INFO scan_sources: tailwindcss_oxide::scanner: Discovering "D:\\AI-Workspace\\employee-identity-portal\\src\\app\\api\\cyberark-epm\\applications"
2025-11-29T07:20:24.014428Z  INFO scan_sources: tailwindcss_oxide::scanner: Discovering "D:\\AI-Workspace\\employee-identity-portal\\src\\app\\api\\cyberark-epm\\applications\\route.ts"
2025-11-29T07:20:24.014633Z  INFO scan_sources: tailwindcss_oxide::scanner: Discovering "D:\\AI-Workspace\\employee-identity-portal\\src\\app\\api\\cyberark-epm\\elevation-history"
2025-11-29T07:20:24.014871Z  INFO scan_sources: tailwindcss_oxide::scanner: Discovering "D:\\AI-Workspace\\employee-identity-portal\\src\\app\\api\\cyberark-epm\\elevation-history\\route.ts"
2025-11-29T07:20:24.015069Z  INFO scan_sources: tailwindcss_oxide::scanner: Discovering "D:\\AI-Workspace\\employee-identity-portal\\src\\app\\api\\cyberark-epm\\policies"
2025-11-29T07:20:24.015307Z  INFO scan_sources: tailwindcss_oxide::scanner: Discovering "D:\\AI-Workspace\\employee-identity-portal\\src\\app\\api\\cyberark-epm\\policies\\route.ts"
2025-11-29T07:20:24.015532Z  INFO scan_sources: tailwindcss_oxide::scanner: Discovering "D:\\AI-Workspace\\employee-identity-portal\\src\\app\\api\\cyberark-identity"
2025-11-29T07:20:24.015833Z  INFO scan_sources: tailwindcss_oxide::scanner: Discovering "D:\\AI-Workspace\\employee-identity-portal\\src\\app\\api\\cyberark-identity\\devices"
2025-11-29T07:20:24.016078Z  INFO scan_sources: tailwindcss_oxide::scanner: Discovering "D:\\AI-Workspace\\employee-identity-portal\\src\\app\\api\\cyberark-identity\\devices\\route.ts"
2025-11-29T07:20:24.016287Z  INFO scan_sources: tailwindcss_oxide::scanner: Discovering "D:\\AI-Workspace\\employee-identity-portal\\src\\app\\api\\cyberark-identity\\login-history"
2025-11-29T07:20:24.016527Z  INFO scan_sources: tailwindcss_oxide::scanner: Discovering "D:\\AI-Workspace\\employee-identity-portal\\src\\app\\api\\cyberark-identity\\login-history\\route.ts"
2025-11-29T07:20:24.016746Z  INFO scan_sources: tailwindcss_oxide::scanner: Discovering "D:\\AI-Workspace\\employee-identity-portal\\src\\app\\api\\cyberark-identity\\sso-apps"
2025-11-29T07:20:24.017015Z  INFO scan_sources: tailwindcss_oxide::scanner: Discovering "D:\\AI-Workspace\\employee-identity-portal\\src\\app\\api\\cyberark-identity\\sso-apps\\route.ts"
2025-11-29T07:20:24.017234Z  INFO scan_sources: tailwindcss_oxide::scanner: Discovering "D:\\AI-Workspace\\employee-identity-portal\\src\\app\\api\\mfa"
2025-11-29T07:20:24.017526Z  INFO scan_sources: tailwindcss_oxide::scanner: Discovering "D:\\AI-Workspace\\employee-identity-portal\\src\\app\\api\\mfa\\devices"
2025-11-29T07:20:24.017770Z  INFO scan_sources: tailwindcss_oxide::scanner: Discovering "D:\\AI-Workspace\\employee-identity-portal\\src\\app\\api\\mfa\\devices\\route.ts"
2025-11-29T07:20:24.021221Z  INFO scan_sources: tailwindcss_oxide::scanner: Discovering "D:\\AI-Workspace\\employee-identity-portal\\src\\app\\api\\mfa\\events"
2025-11-29T07:20:24.021530Z  INFO scan_sources: tailwindcss_oxide::scanner: Discovering "D:\\AI-Workspace\\employee-identity-portal\\src\\app\\api\\mfa\\events\\route.ts"
2025-11-29T07:20:24.021725Z  INFO scan_sources: tailwindcss_oxide::scanner: Discovering "D:\\AI-Workspace\\employee-identity-portal\\src\\app\\api\\mfa\\status"
2025-11-29T07:20:24.021951Z  INFO scan_sources: tailwindcss_oxide::scanner: Discovering "D:\\AI-Workspace\\employee-identity-portal\\src\\app\\api\\mfa\\status\\route.ts"
2025-11-29T07:20:24.022167Z  INFO scan_sources: tailwindcss_oxide::scanner: Discovering "D:\\AI-Workspace\\employee-identity-portal\\src\\app\\api\\own-cyberark-alero"
2025-11-29T07:20:24.022498Z  INFO scan_sources: tailwindcss_oxide::scanner: Discovering "D:\\AI-Workspace\\employee-identity-portal\\src\\app\\api\\own-cyberark-alero\\details"
2025-11-29T07:20:24.022766Z  INFO scan_sources: tailwindcss_oxide::scanner: Discovering "D:\\AI-Workspace\\employee-identity-portal\\src\\app\\api\\own-cyberark-alero\\details\\route.ts"
2025-11-29T07:20:24.022914Z  INFO scan_sources: tailwindcss_oxide::scanner: Discovering "D:\\AI-Workspace\\employee-identity-portal\\src\\app\\api\\own-cyberark-alero\\route.ts"
2025-11-29T07:20:24.023101Z  INFO scan_sources: tailwindcss_oxide::scanner: Discovering "D:\\AI-Workspace\\employee-identity-portal\\src\\app\\api\\own-cyberark-conjur"
2025-11-29T07:20:24.023384Z  INFO scan_sources: tailwindcss_oxide::scanner: Discovering "D:\\AI-Workspace\\employee-identity-portal\\src\\app\\api\\own-cyberark-conjur\\details"
2025-11-29T07:20:24.023621Z  INFO scan_sources: tailwindcss_oxide::scanner: Discovering "D:\\AI-Workspace\\employee-identity-portal\\src\\app\\api\\own-cyberark-conjur\\details\\route.ts"
2025-11-29T07:20:24.023769Z  INFO scan_sources: tailwindcss_oxide::scanner: Discovering "D:\\AI-Workspace\\employee-identity-portal\\src\\app\\api\\own-cyberark-conjur\\route.ts"
2025-11-29T07:20:24.023969Z  INFO scan_sources: tailwindcss_oxide::scanner: Discovering "D:\\AI-Workspace\\employee-identity-portal\\src\\app\\api\\own-cyberark-dpa"
2025-11-29T07:20:24.024267Z  INFO scan_sources: tailwindcss_oxide::scanner: Discovering "D:\\AI-Workspace\\employee-identity-portal\\src\\app\\api\\own-cyberark-dpa\\details"
2025-11-29T07:20:24.024529Z  INFO scan_sources: tailwindcss_oxide::scanner: Discovering "D:\\AI-Workspace\\employee-identity-portal\\src\\app\\api\\own-cyberark-dpa\\details\\route.ts"
2025-11-29T07:20:24.024673Z  INFO scan_sources: tailwindcss_oxide::scanner: Discovering "D:\\AI-Workspace\\employee-identity-portal\\src\\app\\api\\own-cyberark-dpa\\route.ts"
2025-11-29T07:20:24.024874Z  INFO scan_sources: tailwindcss_oxide::scanner: Discovering "D:\\AI-Workspace\\employee-identity-portal\\src\\app\\api\\own-cyberark-epm"
2025-11-29T07:20:24.025192Z  INFO scan_sources: tailwindcss_oxide::scanner: Discovering "D:\\AI-Workspace\\employee-identity-portal\\src\\app\\api\\own-cyberark-epm\\details"
2025-11-29T07:20:24.025460Z  INFO scan_sources: tailwindcss_oxide::scanner: Discovering "D:\\AI-Workspace\\employee-identity-portal\\src\\app\\api\\own-cyberark-epm\\details\\route.ts"
2025-11-29T07:20:24.025607Z  INFO scan_sources: tailwindcss_oxide::scanner: Discovering "D:\\AI-Workspace\\employee-identity-portal\\src\\app\\api\\own-cyberark-epm\\route.ts"
2025-11-29T07:20:24.025804Z  INFO scan_sources: tailwindcss_oxide::scanner: Discovering "D:\\AI-Workspace\\employee-identity-portal\\src\\app\\api\\own-cyberark-identity"
2025-11-29T07:20:24.026134Z  INFO scan_sources: tailwindcss_oxide::scanner: Discovering "D:\\AI-Workspace\\employee-identity-portal\\src\\app\\api\\own-cyberark-identity\\details"
2025-11-29T07:20:24.026424Z  INFO scan_sources: tailwindcss_oxide::scanner: Discovering "D:\\AI-Workspace\\employee-identity-portal\\src\\app\\api\\own-cyberark-identity\\details\\route.ts"
2025-11-29T07:20:24.026562Z  INFO scan_sources: tailwindcss_oxide::scanner: Discovering "D:\\AI-Workspace\\employee-identity-portal\\src\\app\\api\\own-cyberark-identity\\route.ts"
2025-11-29T07:20:24.026754Z  INFO scan_sources: tailwindcss_oxide::scanner: Discovering "D:\\AI-Workspace\\employee-identity-portal\\src\\app\\api\\own-ping-access"
2025-11-29T07:20:24.027042Z  INFO scan_sources: tailwindcss_oxide::scanner: Discovering "D:\\AI-Workspace\\employee-identity-portal\\src\\app\\api\\own-ping-access\\details"
2025-11-29T07:20:24.027286Z  INFO scan_sources: tailwindcss_oxide::scanner: Discovering "D:\\AI-Workspace\\employee-identity-portal\\src\\app\\api\\own-ping-access\\details\\route.ts"
2025-11-29T07:20:24.027430Z  INFO scan_sources: tailwindcss_oxide::scanner: Discovering "D:\\AI-Workspace\\employee-identity-portal\\src\\app\\api\\own-ping-access\\route.ts"
2025-11-29T07:20:24.027627Z  INFO scan_sources: tailwindcss_oxide::scanner: Discovering "D:\\AI-Workspace\\employee-identity-portal\\src\\app\\api\\own-ping-authorize"
2025-11-29T07:20:24.027916Z  INFO scan_sources: tailwindcss_oxide::scanner: Discovering "D:\\AI-Workspace\\employee-identity-portal\\src\\app\\api\\own-ping-authorize\\details"
2025-11-29T07:20:24.028141Z  INFO scan_sources: tailwindcss_oxide::scanner: Discovering "D:\\AI-Workspace\\employee-identity-portal\\src\\app\\api\\own-ping-authorize\\details\\route.ts"
2025-11-29T07:20:24.028287Z  INFO scan_sources: tailwindcss_oxide::scanner: Discovering "D:\\AI-Workspace\\employee-identity-portal\\src\\app\\api\\own-ping-authorize\\route.ts"
2025-11-29T07:20:24.028473Z  INFO scan_sources: tailwindcss_oxide::scanner: Discovering "D:\\AI-Workspace\\employee-identity-portal\\src\\app\\api\\own-ping-intelligence"
2025-11-29T07:20:24.028783Z  INFO scan_sources: tailwindcss_oxide::scanner: Discovering "D:\\AI-Workspace\\employee-identity-portal\\src\\app\\api\\own-ping-intelligence\\details"
2025-11-29T07:20:24.029087Z  INFO scan_sources: tailwindcss_oxide::scanner: Discovering "D:\\AI-Workspace\\employee-identity-portal\\src\\app\\api\\own-ping-intelligence\\details\\route.ts"
2025-11-29T07:20:24.029237Z  INFO scan_sources: tailwindcss_oxide::scanner: Discovering "D:\\AI-Workspace\\employee-identity-portal\\src\\app\\api\\own-ping-intelligence\\route.ts"
2025-11-29T07:20:24.029443Z  INFO scan_sources: tailwindcss_oxide::scanner: Discovering "D:\\AI-Workspace\\employee-identity-portal\\src\\app\\api\\pd"
2025-11-29T07:20:24.029739Z  INFO scan_sources: tailwindcss_oxide::scanner: Discovering "D:\\AI-Workspace\\employee-identity-portal\\src\\app\\api\\pd\\audit"
2025-11-29T07:20:24.029987Z  INFO scan_sources: tailwindcss_oxide::scanner: Discovering "D:\\AI-Workspace\\employee-identity-portal\\src\\app\\api\\pd\\audit\\route.ts"
2025-11-29T07:20:24.030180Z  INFO scan_sources: tailwindcss_oxide::scanner: Discovering "D:\\AI-Workspace\\employee-identity-portal\\src\\app\\api\\pd\\groups"
2025-11-29T07:20:24.030426Z  INFO scan_sources: tailwindcss_oxide::scanner: Discovering "D:\\AI-Workspace\\employee-identity-portal\\src\\app\\api\\pd\\groups\\route.ts"
2025-11-29T07:20:24.030621Z  INFO scan_sources: tailwindcss_oxide::scanner: Discovering "D:\\AI-Workspace\\employee-identity-portal\\src\\app\\api\\pd\\profile"
2025-11-29T07:20:24.030871Z  INFO scan_sources: tailwindcss_oxide::scanner: Discovering "D:\\AI-Workspace\\employee-identity-portal\\src\\app\\api\\pd\\profile\\route.ts"
2025-11-29T07:20:24.031092Z  INFO scan_sources: tailwindcss_oxide::scanner: Discovering "D:\\AI-Workspace\\employee-identity-portal\\src\\app\\api\\pf"
2025-11-29T07:20:24.031382Z  INFO scan_sources: tailwindcss_oxide::scanner: Discovering "D:\\AI-Workspace\\employee-identity-portal\\src\\app\\api\\pf\\oidc"
2025-11-29T07:20:24.031628Z  INFO scan_sources: tailwindcss_oxide::scanner: Discovering "D:\\AI-Workspace\\employee-identity-portal\\src\\app\\api\\pf\\oidc\\route.ts"
2025-11-29T07:20:24.031818Z  INFO scan_sources: tailwindcss_oxide::scanner: Discovering "D:\\AI-Workspace\\employee-identity-portal\\src\\app\\api\\pf\\saml"
2025-11-29T07:20:24.032133Z  INFO scan_sources: tailwindcss_oxide::scanner: Discovering "D:\\AI-Workspace\\employee-identity-portal\\src\\app\\api\\pf\\saml\\route.ts"
2025-11-29T07:20:24.032359Z  INFO scan_sources: tailwindcss_oxide::scanner: Discovering "D:\\AI-Workspace\\employee-identity-portal\\src\\app\\api\\pf\\userinfo"
2025-11-29T07:20:24.032634Z  INFO scan_sources: tailwindcss_oxide::scanner: Discovering "D:\\AI-Workspace\\employee-identity-portal\\src\\app\\api\\pf\\userinfo\\route.ts"
2025-11-29T07:20:24.032852Z  INFO scan_sources: tailwindcss_oxide::scanner: Discovering "D:\\AI-Workspace\\employee-identity-portal\\src\\app\\api\\saviynt"
2025-11-29T07:20:24.033141Z  INFO scan_sources: tailwindcss_oxide::scanner: Discovering "D:\\AI-Workspace\\employee-identity-portal\\src\\app\\api\\saviynt\\entitlements"
2025-11-29T07:20:24.033417Z  INFO scan_sources: tailwindcss_oxide::scanner: Discovering "D:\\AI-Workspace\\employee-identity-portal\\src\\app\\api\\saviynt\\entitlements\\route.ts"
2025-11-29T07:20:24.033641Z  INFO scan_sources: tailwindcss_oxide::scanner: Discovering "D:\\AI-Workspace\\employee-identity-portal\\src\\app\\api\\saviynt\\requests"
2025-11-29T07:20:24.033888Z  INFO scan_sources: tailwindcss_oxide::scanner: Discovering "D:\\AI-Workspace\\employee-identity-portal\\src\\app\\api\\saviynt\\requests\\route.ts"
2025-11-29T07:20:24.034065Z  INFO scan_sources: tailwindcss_oxide::scanner: Discovering "D:\\AI-Workspace\\employee-identity-portal\\src\\app\\api\\saviynt\\roles"
2025-11-29T07:20:24.034338Z  INFO scan_sources: tailwindcss_oxide::scanner: Discovering "D:\\AI-Workspace\\employee-identity-portal\\src\\app\\api\\saviynt\\roles\\route.ts"
2025-11-29T07:20:24.035549Z  INFO scan_sources: tailwindcss_oxide::scanner: Discovering "D:\\AI-Workspace\\employee-identity-portal\\src\\app\\api\\search-employee"
2025-11-29T07:20:24.035832Z  INFO scan_sources: tailwindcss_oxide::scanner: Discovering "D:\\AI-Workspace\\employee-identity-portal\\src\\app\\api\\search-employee\\route.ts"
2025-11-29T07:20:24.036004Z  INFO scan_sources: tailwindcss_oxide::scanner: Discovering "D:\\AI-Workspace\\employee-identity-portal\\src\\app\\api\\search-employee\\[query]"
2025-11-29T07:20:24.036464Z  INFO scan_sources: tailwindcss_oxide::scanner: Discovering "D:\\AI-Workspace\\employee-identity-portal\\src\\app\\api\\search-employee\\[query]\\details"
2025-11-29T07:20:24.036724Z  INFO scan_sources: tailwindcss_oxide::scanner: Discovering "D:\\AI-Workspace\\employee-identity-portal\\src\\app\\api\\search-employee\\[query]\\details\\route.ts"
2025-11-29T07:20:24.036872Z  INFO scan_sources: tailwindcss_oxide::scanner: Discovering "D:\\AI-Workspace\\employee-identity-portal\\src\\app\\api\\search-employee\\[query]\\route.ts"
2025-11-29T07:20:24.037100Z  INFO scan_sources: tailwindcss_oxide::scanner: Discovering "D:\\AI-Workspace\\employee-identity-portal\\src\\app\\api\\send-email"
2025-11-29T07:20:24.037348Z  INFO scan_sources: tailwindcss_oxide::scanner: Discovering "D:\\AI-Workspace\\employee-identity-portal\\src\\app\\api\\send-email\\route.ts"
2025-11-29T07:20:24.037542Z  INFO scan_sources: tailwindcss_oxide::scanner: Discovering "D:\\AI-Workspace\\employee-identity-portal\\src\\app\\api\\snow"
2025-11-29T07:20:24.037827Z  INFO scan_sources: tailwindcss_oxide::scanner: Discovering "D:\\AI-Workspace\\employee-identity-portal\\src\\app\\api\\snow\\incidents"
2025-11-29T07:20:24.038161Z  INFO scan_sources: tailwindcss_oxide::scanner: Discovering "D:\\AI-Workspace\\employee-identity-portal\\src\\app\\api\\snow\\incidents\\route.ts"
2025-11-29T07:20:24.038411Z  INFO scan_sources: tailwindcss_oxide::scanner: Discovering "D:\\AI-Workspace\\employee-identity-portal\\src\\app\\api\\submit-snow-ticket"
2025-11-29T07:20:24.038681Z  INFO scan_sources: tailwindcss_oxide::scanner: Discovering "D:\\AI-Workspace\\employee-identity-portal\\src\\app\\api\\submit-snow-ticket\\route.ts"
2025-11-29T07:20:24.038891Z  INFO scan_sources: tailwindcss_oxide::scanner: Discovering "D:\\AI-Workspace\\employee-identity-portal\\src\\app\\global-error.tsx"
2025-11-29T07:20:24.039021Z  INFO scan_sources: tailwindcss_oxide::scanner: Discovering "D:\\AI-Workspace\\employee-identity-portal\\src\\app\\globals.css"
2025-11-29T07:20:24.039132Z  INFO scan_sources: tailwindcss_oxide::scanner: Discovering "D:\\AI-Workspace\\employee-identity-portal\\src\\app\\layout.tsx"
2025-11-29T07:20:24.039249Z  INFO scan_sources: tailwindcss_oxide::scanner: Discovering "D:\\AI-Workspace\\employee-identity-portal\\src\\app\\page.tsx"
2025-11-29T07:20:24.039458Z  INFO scan_sources: tailwindcss_oxide::scanner: Discovering "D:\\AI-Workspace\\employee-identity-portal\\src\\components"
2025-11-29T07:20:24.039780Z  INFO scan_sources: tailwindcss_oxide::scanner: Discovering "D:\\AI-Workspace\\employee-identity-portal\\src\\components\\dialogs"
2025-11-29T07:20:24.040039Z  INFO scan_sources: tailwindcss_oxide::scanner: Discovering "D:\\AI-Workspace\\employee-identity-portal\\src\\components\\dialogs\\EducateGuideDialog.tsx"
2025-11-29T07:20:24.040161Z  INFO scan_sources: tailwindcss_oxide::scanner: Discovering "D:\\AI-Workspace\\employee-identity-portal\\src\\components\\dialogs\\PfOpsDialog.tsx"
2025-11-29T07:20:24.040275Z  INFO scan_sources: tailwindcss_oxide::scanner: Discovering "D:\\AI-Workspace\\employee-identity-portal\\src\\components\\dialogs\\SettingsDialog.tsx"
2025-11-29T07:20:24.040391Z  INFO scan_sources: tailwindcss_oxide::scanner: Discovering "D:\\AI-Workspace\\employee-identity-portal\\src\\components\\dialogs\\SnowIncidentsDialog.tsx"
2025-11-29T07:20:24.040539Z  INFO scan_sources: tailwindcss_oxide::scanner: Discovering "D:\\AI-Workspace\\employee-identity-portal\\src\\components\\ErrorReporter.tsx"
2025-11-29T07:20:24.040652Z  INFO scan_sources: tailwindcss_oxide::scanner: Discovering "D:\\AI-Workspace\\employee-identity-portal\\src\\components\\Header.tsx"
2025-11-29T07:20:24.040766Z  INFO scan_sources: tailwindcss_oxide::scanner: Discovering "D:\\AI-Workspace\\employee-identity-portal\\src\\components\\layout-index.ts"
2025-11-29T07:20:24.040885Z  INFO scan_sources: tailwindcss_oxide::scanner: Discovering "D:\\AI-Workspace\\employee-identity-portal\\src\\components\\LoginForm.tsx"
2025-11-29T07:20:24.041004Z  INFO scan_sources: tailwindcss_oxide::scanner: Discovering "D:\\AI-Workspace\\employee-identity-portal\\src\\components\\MainContent.tsx"
2025-11-29T07:20:24.041120Z  INFO scan_sources: tailwindcss_oxide::scanner: Discovering "D:\\AI-Workspace\\employee-identity-portal\\src\\components\\RecentFailuresPanel.tsx"
2025-11-29T07:20:24.041294Z  INFO scan_sources: tailwindcss_oxide::scanner: Discovering "D:\\AI-Workspace\\employee-identity-portal\\src\\components\\sections"
2025-11-29T07:20:24.041563Z  INFO scan_sources: tailwindcss_oxide::scanner: Discovering "D:\\AI-Workspace\\employee-identity-portal\\src\\components\\sections\\DialogsSection.tsx"
2025-11-29T07:20:24.041682Z  INFO scan_sources: tailwindcss_oxide::scanner: Discovering "D:\\AI-Workspace\\employee-identity-portal\\src\\components\\sections\\QuickActionsCard.tsx"
2025-11-29T07:20:24.041800Z  INFO scan_sources: tailwindcss_oxide::scanner: Discovering "D:\\AI-Workspace\\employee-identity-portal\\src\\components\\sections\\SearchSection.tsx"
2025-11-29T07:20:24.041945Z  INFO scan_sources: tailwindcss_oxide::scanner: Discovering "D:\\AI-Workspace\\employee-identity-portal\\src\\components\\SystemCard.tsx"
2025-11-29T07:20:24.042057Z  INFO scan_sources: tailwindcss_oxide::scanner: Discovering "D:\\AI-Workspace\\employee-identity-portal\\src\\components\\SystemCardsGrid.tsx"
2025-11-29T07:20:24.042234Z  INFO scan_sources: tailwindcss_oxide::scanner: Discovering "D:\\AI-Workspace\\employee-identity-portal\\src\\components\\ui"
2025-11-29T07:20:24.042521Z  INFO scan_sources: tailwindcss_oxide::scanner: Discovering "D:\\AI-Workspace\\employee-identity-portal\\src\\components\\ui\\accordion.tsx"
2025-11-29T07:20:24.042637Z  INFO scan_sources: tailwindcss_oxide::scanner: Discovering "D:\\AI-Workspace\\employee-identity-portal\\src\\components\\ui\\alert-dialog.tsx"
2025-11-29T07:20:24.042750Z  INFO scan_sources: tailwindcss_oxide::scanner: Discovering "D:\\AI-Workspace\\employee-identity-portal\\src\\components\\ui\\alert.tsx"
2025-11-29T07:20:24.042863Z  INFO scan_sources: tailwindcss_oxide::scanner: Discovering "D:\\AI-Workspace\\employee-identity-portal\\src\\components\\ui\\aspect-ratio.tsx"
2025-11-29T07:20:24.042974Z  INFO scan_sources: tailwindcss_oxide::scanner: Discovering "D:\\AI-Workspace\\employee-identity-portal\\src\\components\\ui\\avatar.tsx"
2025-11-29T07:20:24.043091Z  INFO scan_sources: tailwindcss_oxide::scanner: Discovering "D:\\AI-Workspace\\employee-identity-portal\\src\\components\\ui\\background-boxes.tsx"
2025-11-29T07:20:24.043205Z  INFO scan_sources: tailwindcss_oxide::scanner: Discovering "D:\\AI-Workspace\\employee-identity-portal\\src\\components\\ui\\badge.tsx"
2025-11-29T07:20:24.043319Z  INFO scan_sources: tailwindcss_oxide::scanner: Discovering "D:\\AI-Workspace\\employee-identity-portal\\src\\components\\ui\\breadcrumb.tsx"
2025-11-29T07:20:24.043435Z  INFO scan_sources: tailwindcss_oxide::scanner: Discovering "D:\\AI-Workspace\\employee-identity-portal\\src\\components\\ui\\button.tsx"
2025-11-29T07:20:24.043546Z  INFO scan_sources: tailwindcss_oxide::scanner: Discovering "D:\\AI-Workspace\\employee-identity-portal\\src\\components\\ui\\calendar.tsx"
2025-11-29T07:20:24.043658Z  INFO scan_sources: tailwindcss_oxide::scanner: Discovering "D:\\AI-Workspace\\employee-identity-portal\\src\\components\\ui\\card.tsx"
2025-11-29T07:20:24.043771Z  INFO scan_sources: tailwindcss_oxide::scanner: Discovering "D:\\AI-Workspace\\employee-identity-portal\\src\\components\\ui\\carousel.tsx"
2025-11-29T07:20:24.043882Z  INFO scan_sources: tailwindcss_oxide::scanner: Discovering "D:\\AI-Workspace\\employee-identity-portal\\src\\components\\ui\\chart.tsx"
2025-11-29T07:20:24.043994Z  INFO scan_sources: tailwindcss_oxide::scanner: Discovering "D:\\AI-Workspace\\employee-identity-portal\\src\\components\\ui\\checkbox.tsx"
2025-11-29T07:20:24.044107Z  INFO scan_sources: tailwindcss_oxide::scanner: Discovering "D:\\AI-Workspace\\employee-identity-portal\\src\\components\\ui\\collapsible.tsx"
2025-11-29T07:20:24.044228Z  INFO scan_sources: tailwindcss_oxide::scanner: Discovering "D:\\AI-Workspace\\employee-identity-portal\\src\\components\\ui\\command.tsx"
2025-11-29T07:20:24.044345Z  INFO scan_sources: tailwindcss_oxide::scanner: Discovering "D:\\AI-Workspace\\employee-identity-portal\\src\\components\\ui\\ComponentSeparator.tsx"
2025-11-29T07:20:24.044460Z  INFO scan_sources: tailwindcss_oxide::scanner: Discovering "D:\\AI-Workspace\\employee-identity-portal\\src\\components\\ui\\container-scroll-animation.tsx"
2025-11-29T07:20:24.044573Z  INFO scan_sources: tailwindcss_oxide::scanner: Discovering "D:\\AI-Workspace\\employee-identity-portal\\src\\components\\ui\\context-menu.tsx"
2025-11-29T07:20:24.044681Z  INFO scan_sources: tailwindcss_oxide::scanner: Discovering "D:\\AI-Workspace\\employee-identity-portal\\src\\components\\ui\\dialog.tsx"
2025-11-29T07:20:24.044790Z  INFO scan_sources: tailwindcss_oxide::scanner: Discovering "D:\\AI-Workspace\\employee-identity-portal\\src\\components\\ui\\drawer.tsx"
2025-11-29T07:20:24.044907Z  INFO scan_sources: tailwindcss_oxide::scanner: Discovering "D:\\AI-Workspace\\employee-identity-portal\\src\\components\\ui\\dropdown-menu.tsx"
2025-11-29T07:20:24.045017Z  INFO scan_sources: tailwindcss_oxide::scanner: Discovering "D:\\AI-Workspace\\employee-identity-portal\\src\\components\\ui\\form.tsx"
2025-11-29T07:20:24.045144Z  INFO scan_sources: tailwindcss_oxide::scanner: Discovering "D:\\AI-Workspace\\employee-identity-portal\\src\\components\\ui\\hover-card.tsx"
2025-11-29T07:20:24.045255Z  INFO scan_sources: tailwindcss_oxide::scanner: Discovering "D:\\AI-Workspace\\employee-identity-portal\\src\\components\\ui\\input-otp.tsx"
2025-11-29T07:20:24.045365Z  INFO scan_sources: tailwindcss_oxide::scanner: Discovering "D:\\AI-Workspace\\employee-identity-portal\\src\\components\\ui\\input.tsx"
2025-11-29T07:20:24.045476Z  INFO scan_sources: tailwindcss_oxide::scanner: Discovering "D:\\AI-Workspace\\employee-identity-portal\\src\\components\\ui\\label.tsx"
2025-11-29T07:20:24.045588Z  INFO scan_sources: tailwindcss_oxide::scanner: Discovering "D:\\AI-Workspace\\employee-identity-portal\\src\\components\\ui\\menubar.tsx"
2025-11-29T07:20:24.045707Z  INFO scan_sources: tailwindcss_oxide::scanner: Discovering "D:\\AI-Workspace\\employee-identity-portal\\src\\components\\ui\\navigation-menu.tsx"
2025-11-29T07:20:24.045817Z  INFO scan_sources: tailwindcss_oxide::scanner: Discovering "D:\\AI-Workspace\\employee-identity-portal\\src\\components\\ui\\navigation.tsx"
2025-11-29T07:20:24.045931Z  INFO scan_sources: tailwindcss_oxide::scanner: Discovering "D:\\AI-Workspace\\employee-identity-portal\\src\\components\\ui\\pagination.tsx"
2025-11-29T07:20:24.046041Z  INFO scan_sources: tailwindcss_oxide::scanner: Discovering "D:\\AI-Workspace\\employee-identity-portal\\src\\components\\ui\\popover.tsx"
2025-11-29T07:20:24.046151Z  INFO scan_sources: tailwindcss_oxide::scanner: Discovering "D:\\AI-Workspace\\employee-identity-portal\\src\\components\\ui\\progress.tsx"
2025-11-29T07:20:24.046261Z  INFO scan_sources: tailwindcss_oxide::scanner: Discovering "D:\\AI-Workspace\\employee-identity-portal\\src\\components\\ui\\radio-group.tsx"
2025-11-29T07:20:24.046372Z  INFO scan_sources: tailwindcss_oxide::scanner: Discovering "D:\\AI-Workspace\\employee-identity-portal\\src\\components\\ui\\resizable.tsx"
2025-11-29T07:20:24.046483Z  INFO scan_sources: tailwindcss_oxide::scanner: Discovering "D:\\AI-Workspace\\employee-identity-portal\\src\\components\\ui\\scroll-area.tsx"
2025-11-29T07:20:24.046601Z  INFO scan_sources: tailwindcss_oxide::scanner: Discovering "D:\\AI-Workspace\\employee-identity-portal\\src\\components\\ui\\select.tsx"
2025-11-29T07:20:24.046711Z  INFO scan_sources: tailwindcss_oxide::scanner: Discovering "D:\\AI-Workspace\\employee-identity-portal\\src\\components\\ui\\separator.tsx"
2025-11-29T07:20:24.046822Z  INFO scan_sources: tailwindcss_oxide::scanner: Discovering "D:\\AI-Workspace\\employee-identity-portal\\src\\components\\ui\\sheet.tsx"
2025-11-29T07:20:24.046939Z  INFO scan_sources: tailwindcss_oxide::scanner: Discovering "D:\\AI-Workspace\\employee-identity-portal\\src\\components\\ui\\sidebar.tsx"
2025-11-29T07:20:24.047064Z  INFO scan_sources: tailwindcss_oxide::scanner: Discovering "D:\\AI-Workspace\\employee-identity-portal\\src\\components\\ui\\skeleton.tsx"
2025-11-29T07:20:24.047198Z  INFO scan_sources: tailwindcss_oxide::scanner: Discovering "D:\\AI-Workspace\\employee-identity-portal\\src\\components\\ui\\slider.tsx"
2025-11-29T07:20:24.047309Z  INFO scan_sources: tailwindcss_oxide::scanner: Discovering "D:\\AI-Workspace\\employee-identity-portal\\src\\components\\ui\\sonner.tsx"
2025-11-29T07:20:24.047427Z  INFO scan_sources: tailwindcss_oxide::scanner: Discovering "D:\\AI-Workspace\\employee-identity-portal\\src\\components\\ui\\switch.tsx"
2025-11-29T07:20:24.047538Z  INFO scan_sources: tailwindcss_oxide::scanner: Discovering "D:\\AI-Workspace\\employee-identity-portal\\src\\components\\ui\\table.tsx"
2025-11-29T07:20:24.047648Z  INFO scan_sources: tailwindcss_oxide::scanner: Discovering "D:\\AI-Workspace\\employee-identity-portal\\src\\components\\ui\\tabs.tsx"
2025-11-29T07:20:24.047757Z  INFO scan_sources: tailwindcss_oxide::scanner: Discovering "D:\\AI-Workspace\\employee-identity-portal\\src\\components\\ui\\textarea.tsx"
2025-11-29T07:20:24.047866Z  INFO scan_sources: tailwindcss_oxide::scanner: Discovering "D:\\AI-Workspace\\employee-identity-portal\\src\\components\\ui\\toggle-group.tsx"
2025-11-29T07:20:24.047975Z  INFO scan_sources: tailwindcss_oxide::scanner: Discovering "D:\\AI-Workspace\\employee-identity-portal\\src\\components\\ui\\toggle.tsx"
2025-11-29T07:20:24.048085Z  INFO scan_sources: tailwindcss_oxide::scanner: Discovering "D:\\AI-Workspace\\employee-identity-portal\\src\\components\\ui\\tooltip.tsx"
2025-11-29T07:20:24.048347Z  INFO scan_sources: tailwindcss_oxide::scanner: Discovering "D:\\AI-Workspace\\employee-identity-portal\\src\\context"
2025-11-29T07:20:24.048612Z  INFO scan_sources: tailwindcss_oxide::scanner: Discovering "D:\\AI-Workspace\\employee-identity-portal\\src\\context\\AppContext.tsx"
2025-11-29T07:20:24.048812Z  INFO scan_sources: tailwindcss_oxide::scanner: Discovering "D:\\AI-Workspace\\employee-identity-portal\\src\\hooks"
2025-11-29T07:20:24.049069Z  INFO scan_sources: tailwindcss_oxide::scanner: Discovering "D:\\AI-Workspace\\employee-identity-portal\\src\\hooks\\use-mobile.ts"
2025-11-29T07:20:24.049185Z  INFO scan_sources: tailwindcss_oxide::scanner: Discovering "D:\\AI-Workspace\\employee-identity-portal\\src\\hooks\\useAppAuth.ts"
2025-11-29T07:20:24.049298Z  INFO scan_sources: tailwindcss_oxide::scanner: Discovering "D:\\AI-Workspace\\employee-identity-portal\\src\\hooks\\useAppTheme.ts"
2025-11-29T07:20:24.049411Z  INFO scan_sources: tailwindcss_oxide::scanner: Discovering "D:\\AI-Workspace\\employee-identity-portal\\src\\hooks\\useAppToggles.ts"
2025-11-29T07:20:24.049524Z  INFO scan_sources: tailwindcss_oxide::scanner: Discovering "D:\\AI-Workspace\\employee-identity-portal\\src\\hooks\\useAppUI.ts"
2025-11-29T07:20:24.049636Z  INFO scan_sources: tailwindcss_oxide::scanner: Discovering "D:\\AI-Workspace\\employee-identity-portal\\src\\hooks\\useFeatures.ts"
2025-11-29T07:20:24.049749Z  INFO scan_sources: tailwindcss_oxide::scanner: Discovering "D:\\AI-Workspace\\employee-identity-portal\\src\\hooks\\useOpsFeatures.ts"
2025-11-29T07:20:24.049861Z  INFO scan_sources: tailwindcss_oxide::scanner: Discovering "D:\\AI-Workspace\\employee-identity-portal\\src\\hooks\\usePageState.ts"
2025-11-29T07:20:24.049979Z  INFO scan_sources: tailwindcss_oxide::scanner: Discovering "D:\\AI-Workspace\\employee-identity-portal\\src\\hooks\\usePfOps.ts"
2025-11-29T07:20:24.050173Z  INFO scan_sources: tailwindcss_oxide::scanner: Discovering "D:\\AI-Workspace\\employee-identity-portal\\src\\hooks\\useSearch.ts"
2025-11-29T07:20:24.050310Z  INFO scan_sources: tailwindcss_oxide::scanner: Discovering "D:\\AI-Workspace\\employee-identity-portal\\src\\hooks\\useSnow.ts"
2025-11-29T07:20:24.050422Z  INFO scan_sources: tailwindcss_oxide::scanner: Discovering "D:\\AI-Workspace\\employee-identity-portal\\src\\hooks\\useTheme.ts"
2025-11-29T07:20:24.050540Z  INFO scan_sources: tailwindcss_oxide::scanner: Discovering "D:\\AI-Workspace\\employee-identity-portal\\src\\hooks\\useThemeDOM.ts"
2025-11-29T07:20:24.050655Z  INFO scan_sources: tailwindcss_oxide::scanner: Discovering "D:\\AI-Workspace\\employee-identity-portal\\src\\hooks\\useUserToggles.ts"
2025-11-29T07:20:24.050875Z  INFO scan_sources: tailwindcss_oxide::scanner: Discovering "D:\\AI-Workspace\\employee-identity-portal\\src\\lib"
2025-11-29T07:20:24.051291Z  INFO scan_sources: tailwindcss_oxide::scanner: Discovering "D:\\AI-Workspace\\employee-identity-portal\\src\\lib\\api-service.ts"
2025-11-29T07:20:24.051414Z  INFO scan_sources: tailwindcss_oxide::scanner: Discovering "D:\\AI-Workspace\\employee-identity-portal\\src\\lib\\api.ts"
2025-11-29T07:20:24.051545Z  INFO scan_sources: tailwindcss_oxide::scanner: Discovering "D:\\AI-Workspace\\employee-identity-portal\\src\\lib\\constants.ts"
2025-11-29T07:20:24.051652Z  INFO scan_sources: tailwindcss_oxide::scanner: Discovering "D:\\AI-Workspace\\employee-identity-portal\\src\\lib\\data-service.ts"
2025-11-29T07:20:24.052123Z  INFO scan_sources: tailwindcss_oxide::scanner: Discovering "D:\\AI-Workspace\\employee-identity-portal\\src\\lib\\educate-config.json"
2025-11-29T07:20:24.052294Z  INFO scan_sources: tailwindcss_oxide::scanner: Discovering "D:\\AI-Workspace\\employee-identity-portal\\src\\lib\\error-handler.ts"
2025-11-29T07:20:24.052395Z  INFO scan_sources: tailwindcss_oxide::scanner: Discovering "D:\\AI-Workspace\\employee-identity-portal\\src\\lib\\formatters.ts"
2025-11-29T07:20:24.052550Z  INFO scan_sources: tailwindcss_oxide::scanner: Discovering "D:\\AI-Workspace\\employee-identity-portal\\src\\lib\\hooks"
2025-11-29T07:20:24.052780Z  INFO scan_sources: tailwindcss_oxide::scanner: Discovering "D:\\AI-Workspace\\employee-identity-portal\\src\\lib\\hooks\\use-mobile.tsx"
2025-11-29T07:20:24.052908Z  INFO scan_sources: tailwindcss_oxide::scanner: Discovering "D:\\AI-Workspace\\employee-identity-portal\\src\\lib\\logger.ts"
2025-11-29T07:20:24.053003Z  INFO scan_sources: tailwindcss_oxide::scanner: Discovering "D:\\AI-Workspace\\employee-identity-portal\\src\\lib\\role-utils.ts"
2025-11-29T07:20:24.053097Z  INFO scan_sources: tailwindcss_oxide::scanner: Discovering "D:\\AI-Workspace\\employee-identity-portal\\src\\lib\\storage.ts"
2025-11-29T07:20:24.053186Z  INFO scan_sources: tailwindcss_oxide::scanner: Discovering "D:\\AI-Workspace\\employee-identity-portal\\src\\lib\\support-emails.ts"
2025-11-29T07:20:24.053276Z  INFO scan_sources: tailwindcss_oxide::scanner: Discovering "D:\\AI-Workspace\\employee-identity-portal\\src\\lib\\types.ts"
2025-11-29T07:20:24.053365Z  INFO scan_sources: tailwindcss_oxide::scanner: Discovering "D:\\AI-Workspace\\employee-identity-portal\\src\\lib\\ui-config.ts"
2025-11-29T07:20:24.053480Z  INFO scan_sources: tailwindcss_oxide::scanner: Discovering "D:\\AI-Workspace\\employee-identity-portal\\src\\lib\\utils.ts"
2025-11-29T07:20:24.053723Z  INFO scan_sources: tailwindcss_oxide::scanner: Discovering "D:\\AI-Workspace\\employee-identity-portal\\src\\lib\\validation.ts"
2025-11-29T07:20:24.055187Z  INFO scan_sources: tailwindcss_oxide::scanner: Discovering "D:\\AI-Workspace\\employee-identity-portal\\src\\visual-edits"
2025-11-29T07:20:24.055508Z  INFO scan_sources: tailwindcss_oxide::scanner: Discovering "D:\\AI-Workspace\\employee-identity-portal\\src\\visual-edits\\component-tagger-loader.js"
2025-11-29T07:20:24.055654Z  INFO scan_sources: tailwindcss_oxide::scanner: Discovering "D:\\AI-Workspace\\employee-identity-portal\\src\\visual-edits\\VisualEditsMessenger.tsx"
2025-11-29T07:20:24.055843Z  INFO scan_sources: tailwindcss_oxide::scanner: Discovering "D:\\AI-Workspace\\employee-identity-portal\\SSO_OPS_IMPLEMENTATION.md"
2025-11-29T07:20:24.055974Z  INFO scan_sources: tailwindcss_oxide::scanner: Discovering "D:\\AI-Workspace\\employee-identity-portal\\tsconfig.json"
2025-11-29T07:20:24.056195Z  INFO scan_sources: tailwindcss_oxide::scanner: exit
2025-11-29T07:20:24.056222Z  INFO extract_candidates: tailwindcss_oxide::scanner: enter
2025-11-29T07:20:24.056248Z  INFO extract_candidates:read_all_files: tailwindcss_oxide::scanner: enter
2025-11-29T07:20:24.056259Z  INFO extract_candidates:read_all_files: tailwindcss_oxide::scanner: Reading 222 file(s)
2025-11-29T07:20:24.065700Z  INFO tailwindcss_oxide::scanner: Reading "D:\\AI-Workspace\\employee-identity-portal\\.env.example"
2025-11-29T07:20:24.065808Z  INFO tailwindcss_oxide::scanner: Reading "D:\\AI-Workspace\\employee-identity-portal\\.env.local"
2025-11-29T07:20:24.065889Z  INFO tailwindcss_oxide::scanner: Reading "D:\\AI-Workspace\\employee-identity-portal\\backend\\.env"
2025-11-29T07:20:24.066005Z  INFO tailwindcss_oxide::scanner: Reading "D:\\AI-Workspace\\employee-identity-portal\\backend\\config\\features.json"
2025-11-29T07:20:24.066101Z  INFO tailwindcss_oxide::scanner: Reading "D:\\AI-Workspace\\employee-identity-portal\\backend\\config\\roles.json"
2025-11-29T07:20:24.066193Z  INFO tailwindcss_oxide::scanner: Reading "D:\\AI-Workspace\\employee-identity-portal\\backend\\middleware\\auth.js"
2025-11-29T07:20:24.066285Z  INFO tailwindcss_oxide::scanner: Reading "D:\\AI-Workspace\\employee-identity-portal\\backend\\middleware\\errorHandler.js"
2025-11-29T07:20:24.066367Z  INFO tailwindcss_oxide::scanner: Reading "D:\\AI-Workspace\\employee-identity-portal\\backend\\middleware\\index.js"
2025-11-29T07:20:24.066449Z  INFO tailwindcss_oxide::scanner: Reading "D:\\AI-Workspace\\employee-identity-portal\\backend\\middleware\\requestLogger.js"
2025-11-29T07:20:24.066532Z  INFO tailwindcss_oxide::scanner: Reading "D:\\AI-Workspace\\employee-identity-portal\\backend\\mocks\\all-users.json"
2025-11-29T07:20:24.066643Z  INFO tailwindcss_oxide::scanner: Reading "D:\\AI-Workspace\\employee-identity-portal\\backend\\mocks\\azure-ad-details.json"
2025-11-29T07:20:24.066751Z  INFO tailwindcss_oxide::scanner: Reading "D:\\AI-Workspace\\employee-identity-portal\\backend\\mocks\\azure-ad-initial.json"
2025-11-29T07:20:24.066836Z  INFO tailwindcss_oxide::scanner: Reading "D:\\AI-Workspace\\employee-identity-portal\\backend\\mocks\\cyberark-details.json"
2025-11-29T07:20:24.066934Z  INFO tailwindcss_oxide::scanner: Reading "D:\\AI-Workspace\\employee-identity-portal\\backend\\mocks\\cyberark-initial.json"
2025-11-29T07:20:24.067042Z  INFO tailwindcss_oxide::scanner: Reading "D:\\AI-Workspace\\employee-identity-portal\\backend\\mocks\\ping-access-details.json"
2025-11-29T07:20:24.067143Z  INFO tailwindcss_oxide::scanner: Reading "D:\\AI-Workspace\\employee-identity-portal\\backend\\mocks\\ping-access-initial.json"
2025-11-29T07:20:24.067241Z  INFO tailwindcss_oxide::scanner: Reading "D:\\AI-Workspace\\employee-identity-portal\\backend\\mocks\\ping-access-search.json"
2025-11-29T07:20:24.067350Z  INFO tailwindcss_oxide::scanner: Reading "D:\\AI-Workspace\\employee-identity-portal\\backend\\mocks\\ping-authorize-details.json"
2025-11-29T07:20:24.067447Z  INFO tailwindcss_oxide::scanner: Reading "D:\\AI-Workspace\\employee-identity-portal\\backend\\mocks\\ping-authorize-initial.json"
2025-11-29T07:20:24.067569Z  INFO tailwindcss_oxide::scanner: Reading "D:\\AI-Workspace\\employee-identity-portal\\backend\\mocks\\ping-authorize-search.json"
2025-11-29T07:20:24.067674Z  INFO tailwindcss_oxide::scanner: Reading "D:\\AI-Workspace\\employee-identity-portal\\backend\\mocks\\ping-directory-details.json"
2025-11-29T07:20:24.068695Z  INFO tailwindcss_oxide::scanner: Reading "D:\\AI-Workspace\\employee-identity-portal\\backend\\mocks\\ping-directory-initial.json"
2025-11-29T07:20:24.068895Z  INFO tailwindcss_oxide::scanner: Reading "D:\\AI-Workspace\\employee-identity-portal\\backend\\mocks\\ping-directory-search.json"
2025-11-29T07:20:24.069176Z  INFO tailwindcss_oxide::scanner: Reading "D:\\AI-Workspace\\employee-identity-portal\\backend\\mocks\\ping-federate-details.json"
2025-11-29T07:20:24.069328Z  INFO tailwindcss_oxide::scanner: Reading "D:\\AI-Workspace\\employee-identity-portal\\backend\\mocks\\ping-federate-initial.json"
2025-11-29T07:20:24.069458Z  INFO tailwindcss_oxide::scanner: Reading "D:\\AI-Workspace\\employee-identity-portal\\backend\\mocks\\ping-intelligence-details.json"
2025-11-29T07:20:24.069571Z  INFO tailwindcss_oxide::scanner: Reading "D:\\AI-Workspace\\employee-identity-portal\\backend\\mocks\\ping-intelligence-initial.json"
2025-11-29T07:20:24.069670Z  INFO tailwindcss_oxide::scanner: Reading "D:\\AI-Workspace\\employee-identity-portal\\backend\\mocks\\ping-intelligence-search.json"
2025-11-29T07:20:24.069776Z  INFO tailwindcss_oxide::scanner: Reading "D:\\AI-Workspace\\employee-identity-portal\\backend\\mocks\\ping-mfa-details.json"
2025-11-29T07:20:24.070069Z  INFO tailwindcss_oxide::scanner: Reading "D:\\AI-Workspace\\employee-identity-portal\\backend\\mocks\\ping-mfa-initial.json"
2025-11-29T07:20:24.070189Z  INFO tailwindcss_oxide::scanner: Reading "D:\\AI-Workspace\\employee-identity-portal\\backend\\mocks\\ping-mfa-search.json"
2025-11-29T07:20:24.070276Z  INFO tailwindcss_oxide::scanner: Reading "D:\\AI-Workspace\\employee-identity-portal\\backend\\mocks\\readme.txt"
2025-11-29T07:20:24.070357Z  INFO tailwindcss_oxide::scanner: Reading "D:\\AI-Workspace\\employee-identity-portal\\backend\\mocks\\saviynt-details.json"
2025-11-29T07:20:24.070461Z  INFO tailwindcss_oxide::scanner: Reading "D:\\AI-Workspace\\employee-identity-portal\\backend\\mocks\\saviynt-initial.json"
2025-11-29T07:20:24.070544Z  INFO tailwindcss_oxide::scanner: Reading "D:\\AI-Workspace\\employee-identity-portal\\backend\\mocks\\snow-incidents.json"
2025-11-29T07:20:24.070656Z  INFO tailwindcss_oxide::scanner: Reading "D:\\AI-Workspace\\employee-identity-portal\\backend\\package.json"
2025-11-29T07:20:24.070741Z  INFO tailwindcss_oxide::scanner: Reading "D:\\AI-Workspace\\employee-identity-portal\\backend\\routes\\auth.js"
2025-11-29T07:20:24.070821Z  INFO tailwindcss_oxide::scanner: Reading "D:\\AI-Workspace\\employee-identity-portal\\backend\\routes\\index.js"
2025-11-29T07:20:24.070907Z  INFO tailwindcss_oxide::scanner: Reading "D:\\AI-Workspace\\employee-identity-portal\\backend\\routes\\search.js"
2025-11-29T07:20:24.070989Z  INFO tailwindcss_oxide::scanner: Reading "D:\\AI-Workspace\\employee-identity-portal\\backend\\routes\\snow.js"
2025-11-29T07:20:24.071069Z  INFO tailwindcss_oxide::scanner: Reading "D:\\AI-Workspace\\employee-identity-portal\\backend\\routes\\systems.js"
2025-11-29T07:20:24.071154Z  INFO tailwindcss_oxide::scanner: Reading "D:\\AI-Workspace\\employee-identity-portal\\backend\\server.js"
2025-11-29T07:20:24.071262Z  INFO tailwindcss_oxide::scanner: Reading "D:\\AI-Workspace\\employee-identity-portal\\backend\\services\\index.js"
2025-11-29T07:20:24.071362Z  INFO tailwindcss_oxide::scanner: Reading "D:\\AI-Workspace\\employee-identity-portal\\backend\\services\\mockDataService.js"
2025-11-29T07:20:24.071464Z  INFO tailwindcss_oxide::scanner: Reading "D:\\AI-Workspace\\employee-identity-portal\\backend\\services\\rbacService.js"
2025-11-29T07:20:24.071559Z  INFO tailwindcss_oxide::scanner: Reading "D:\\AI-Workspace\\employee-identity-portal\\backend\\utils\\logger.js"
2025-11-29T07:20:24.071663Z  INFO tailwindcss_oxide::scanner: Reading "D:\\AI-Workspace\\employee-identity-portal\\components.json"
2025-11-29T07:20:24.071783Z  INFO tailwindcss_oxide::scanner: Reading "D:\\AI-Workspace\\employee-identity-portal\\DATA_FLOW.md"
2025-11-29T07:20:24.071877Z  INFO tailwindcss_oxide::scanner: Reading "D:\\AI-Workspace\\employee-identity-portal\\eslint.config.mjs"
2025-11-29T07:20:24.071972Z  INFO tailwindcss_oxide::scanner: Reading "D:\\AI-Workspace\\employee-identity-portal\\next.config.ts"
2025-11-29T07:20:24.072064Z  INFO tailwindcss_oxide::scanner: Reading "D:\\AI-Workspace\\employee-identity-portal\\package.json"
2025-11-29T07:20:24.072170Z  INFO tailwindcss_oxide::scanner: Reading "D:\\AI-Workspace\\employee-identity-portal\\postcss.config.mjs"
2025-11-29T07:20:24.072256Z  INFO tailwindcss_oxide::scanner: Reading "D:\\AI-Workspace\\employee-identity-portal\\public\\file.svg"
2025-11-29T07:20:24.072341Z  INFO tailwindcss_oxide::scanner: Reading "D:\\AI-Workspace\\employee-identity-portal\\public\\globe.svg"
2025-11-29T07:20:24.072417Z  INFO tailwindcss_oxide::scanner: Reading "D:\\AI-Workspace\\employee-identity-portal\\public\\next.svg"
2025-11-29T07:20:24.072493Z  INFO tailwindcss_oxide::scanner: Reading "D:\\AI-Workspace\\employee-identity-portal\\public\\vercel.svg"
2025-11-29T07:20:24.072571Z  INFO tailwindcss_oxide::scanner: Reading "D:\\AI-Workspace\\employee-identity-portal\\public\\window.svg"
2025-11-29T07:20:24.072670Z  INFO tailwindcss_oxide::scanner: Reading "D:\\AI-Workspace\\employee-identity-portal\\README.md"
2025-11-29T07:20:24.072809Z  INFO tailwindcss_oxide::scanner: Reading "D:\\AI-Workspace\\employee-identity-portal\\REFACTORING.md"
2025-11-29T07:20:24.072913Z  INFO tailwindcss_oxide::scanner: Reading "D:\\AI-Workspace\\employee-identity-portal\\REFACTORING_COMPLETION.md"
2025-11-29T07:20:24.073004Z  INFO tailwindcss_oxide::scanner: Reading "D:\\AI-Workspace\\employee-identity-portal\\REFACTORING_EXECUTIVE_SUMMARY.md"
2025-11-29T07:20:24.076449Z  INFO tailwindcss_oxide::scanner: Reading "D:\\AI-Workspace\\employee-identity-portal\\REFACTORING_TECHNICAL_DETAILS.md"
2025-11-29T07:20:24.076622Z  INFO tailwindcss_oxide::scanner: Reading "D:\\AI-Workspace\\employee-identity-portal\\src\\app\\api\\aad\\groups\\route.ts"
2025-11-29T07:20:24.076742Z  INFO tailwindcss_oxide::scanner: Reading "D:\\AI-Workspace\\employee-identity-portal\\src\\app\\api\\aad\\signins\\route.ts"
2025-11-29T07:20:24.076838Z  INFO tailwindcss_oxide::scanner: Reading "D:\\AI-Workspace\\employee-identity-portal\\src\\app\\api\\aad\\user\\route.ts"
2025-11-29T07:20:24.076937Z  INFO tailwindcss_oxide::scanner: Reading "D:\\AI-Workspace\\employee-identity-portal\\src\\app\\api\\auth\\login\\route.ts"
2025-11-29T07:20:24.077056Z  INFO tailwindcss_oxide::scanner: Reading "D:\\AI-Workspace\\employee-identity-portal\\src\\app\\api\\config\\features\\route.ts"
2025-11-29T07:20:24.077355Z  INFO tailwindcss_oxide::scanner: Reading "D:\\AI-Workspace\\employee-identity-portal\\src\\app\\api\\saviynt\\requests\\route.ts"
2025-11-29T07:20:24.077451Z  INFO tailwindcss_oxide::scanner: Reading "D:\\AI-Workspace\\employee-identity-portal\\src\\app\\api\\saviynt\\roles\\route.ts"
2025-11-29T07:20:24.077540Z  INFO tailwindcss_oxide::scanner: Reading "D:\\AI-Workspace\\employee-identity-portal\\src\\app\\api\\search-employee\\route.ts"
2025-11-29T07:20:24.077640Z  INFO tailwindcss_oxide::scanner: Reading "D:\\AI-Workspace\\employee-identity-portal\\src\\app\\api\\search-employee\\[query]\\details\\route.ts"
2025-11-29T07:20:24.077620Z  INFO tailwindcss_oxide::scanner: Reading "D:\\AI-Workspace\\employee-identity-portal\\src\\app\\api\\cyberark\\accounts\\route.ts"
2025-11-29T07:20:24.077748Z  INFO tailwindcss_oxide::scanner: Reading "D:\\AI-Workspace\\employee-identity-portal\\src\\app\\api\\search-employee\\[query]\\route.ts"
2025-11-29T07:20:24.077844Z  INFO tailwindcss_oxide::scanner: Reading "D:\\AI-Workspace\\employee-identity-portal\\src\\app\\api\\send-email\\route.ts"
2025-11-29T07:20:24.077949Z  INFO tailwindcss_oxide::scanner: Reading "D:\\AI-Workspace\\employee-identity-portal\\src\\app\\api\\snow\\incidents\\route.ts"
2025-11-29T07:20:24.078041Z  INFO tailwindcss_oxide::scanner: Reading "D:\\AI-Workspace\\employee-identity-portal\\src\\app\\api\\submit-snow-ticket\\route.ts"
2025-11-29T07:20:24.078135Z  INFO tailwindcss_oxide::scanner: Reading "D:\\AI-Workspace\\employee-identity-portal\\src\\app\\global-error.tsx"
2025-11-29T07:20:24.078161Z  INFO tailwindcss_oxide::scanner: Reading "D:\\AI-Workspace\\employee-identity-portal\\src\\app\\api\\cyberark\\activity\\route.ts"
2025-11-29T07:20:24.078277Z  INFO tailwindcss_oxide::scanner: Reading "D:\\AI-Workspace\\employee-identity-portal\\src\\app\\layout.tsx"
2025-11-29T07:20:24.078375Z  INFO tailwindcss_oxide::scanner: Reading "D:\\AI-Workspace\\employee-identity-portal\\src\\app\\page.tsx"
2025-11-29T07:20:24.078471Z  INFO tailwindcss_oxide::scanner: Reading "D:\\AI-Workspace\\employee-identity-portal\\src\\components\\dialogs\\EducateGuideDialog.tsx"
2025-11-29T07:20:24.078538Z  INFO tailwindcss_oxide::scanner: Reading "D:\\AI-Workspace\\employee-identity-portal\\src\\app\\api\\cyberark\\safes\\route.ts"
2025-11-29T07:20:24.078624Z  INFO tailwindcss_oxide::scanner: Reading "D:\\AI-Workspace\\employee-identity-portal\\src\\components\\dialogs\\PfOpsDialog.tsx"
2025-11-29T07:20:24.078642Z  INFO tailwindcss_oxide::scanner: Reading "D:\\AI-Workspace\\employee-identity-portal\\src\\app\\api\\cyberark-alero\\recordings\\route.ts"
2025-11-29T07:20:24.078736Z  INFO tailwindcss_oxide::scanner: Reading "D:\\AI-Workspace\\employee-identity-portal\\src\\app\\api\\cyberark-alero\\sessions\\route.ts"
2025-11-29T07:20:24.078740Z  INFO tailwindcss_oxide::scanner: Reading "D:\\AI-Workspace\\employee-identity-portal\\src\\components\\dialogs\\SettingsDialog.tsx"
2025-11-29T07:20:24.078827Z  INFO tailwindcss_oxide::scanner: Reading "D:\\AI-Workspace\\employee-identity-portal\\src\\app\\api\\cyberark-alero\\targets\\route.ts"
2025-11-29T07:20:24.078838Z  INFO tailwindcss_oxide::scanner: Reading "D:\\AI-Workspace\\employee-identity-portal\\src\\components\\dialogs\\SnowIncidentsDialog.tsx"
2025-11-29T07:20:24.078915Z  INFO tailwindcss_oxide::scanner: Reading "D:\\AI-Workspace\\employee-identity-portal\\src\\app\\api\\cyberark-conjur\\rotation\\route.ts"
2025-11-29T07:20:24.078928Z  INFO tailwindcss_oxide::scanner: Reading "D:\\AI-Workspace\\employee-identity-portal\\src\\components\\ErrorReporter.tsx"
2025-11-29T07:20:24.079004Z  INFO tailwindcss_oxide::scanner: Reading "D:\\AI-Workspace\\employee-identity-portal\\src\\app\\api\\cyberark-conjur\\secrets\\route.ts"
2025-11-29T07:20:24.079024Z  INFO tailwindcss_oxide::scanner: Reading "D:\\AI-Workspace\\employee-identity-portal\\src\\components\\Header.tsx"
2025-11-29T07:20:24.079099Z  INFO tailwindcss_oxide::scanner: Reading "D:\\AI-Workspace\\employee-identity-portal\\src\\app\\api\\cyberark-conjur\\vaults\\route.ts"
2025-11-29T07:20:24.079116Z  INFO tailwindcss_oxide::scanner: Reading "D:\\AI-Workspace\\employee-identity-portal\\src\\components\\layout-index.ts"
2025-11-29T07:20:24.079183Z  INFO tailwindcss_oxide::scanner: Reading "D:\\AI-Workspace\\employee-identity-portal\\src\\app\\api\\cyberark-dpa\\authorizations\\route.ts"
2025-11-29T07:20:24.079198Z  INFO tailwindcss_oxide::scanner: Reading "D:\\AI-Workspace\\employee-identity-portal\\src\\components\\LoginForm.tsx"
2025-11-29T07:20:24.079265Z  INFO tailwindcss_oxide::scanner: Reading "D:\\AI-Workspace\\employee-identity-portal\\src\\app\\api\\cyberark-dpa\\policies\\route.ts"
2025-11-29T07:20:24.079287Z  INFO tailwindcss_oxide::scanner: Reading "D:\\AI-Workspace\\employee-identity-portal\\src\\components\\MainContent.tsx"
2025-11-29T07:20:24.079350Z  INFO tailwindcss_oxide::scanner: Reading "D:\\AI-Workspace\\employee-identity-portal\\src\\app\\api\\cyberark-dpa\\risk-assessment\\route.ts"
2025-11-29T07:20:24.079374Z  INFO tailwindcss_oxide::scanner: Reading "D:\\AI-Workspace\\employee-identity-portal\\src\\components\\RecentFailuresPanel.tsx"
2025-11-29T07:20:24.079508Z  INFO tailwindcss_oxide::scanner: Reading "D:\\AI-Workspace\\employee-identity-portal\\src\\components\\sections\\DialogsSection.tsx"
2025-11-29T07:20:24.079640Z  INFO tailwindcss_oxide::scanner: Reading "D:\\AI-Workspace\\employee-identity-portal\\src\\components\\sections\\QuickActionsCard.tsx"
2025-11-29T07:20:24.079696Z  INFO tailwindcss_oxide::scanner: Reading "D:\\AI-Workspace\\employee-identity-portal\\src\\app\\api\\cyberark-epm\\applications\\route.ts"
2025-11-29T07:20:24.079747Z  INFO tailwindcss_oxide::scanner: Reading "D:\\AI-Workspace\\employee-identity-portal\\src\\components\\sections\\SearchSection.tsx"
2025-11-29T07:20:24.079795Z  INFO tailwindcss_oxide::scanner: Reading "D:\\AI-Workspace\\employee-identity-portal\\src\\app\\api\\cyberark-epm\\elevation-history\\route.ts"
2025-11-29T07:20:24.079873Z  INFO tailwindcss_oxide::scanner: Reading "D:\\AI-Workspace\\employee-identity-portal\\src\\components\\SystemCard.tsx"
2025-11-29T07:20:24.079888Z  INFO tailwindcss_oxide::scanner: Reading "D:\\AI-Workspace\\employee-identity-portal\\src\\app\\api\\cyberark-epm\\policies\\route.ts"
2025-11-29T07:20:24.080053Z  INFO tailwindcss_oxide::scanner: Reading "D:\\AI-Workspace\\employee-identity-portal\\src\\app\\api\\cyberark-identity\\devices\\route.ts"
2025-11-29T07:20:24.080057Z  INFO tailwindcss_oxide::scanner: Reading "D:\\AI-Workspace\\employee-identity-portal\\src\\components\\SystemCardsGrid.tsx"
2025-11-29T07:20:24.080142Z  INFO tailwindcss_oxide::scanner: Reading "D:\\AI-Workspace\\employee-identity-portal\\src\\app\\api\\cyberark-identity\\login-history\\route.ts"
2025-11-29T07:20:24.080152Z  INFO tailwindcss_oxide::scanner: Reading "D:\\AI-Workspace\\employee-identity-portal\\src\\components\\ui\\accordion.tsx"
2025-11-29T07:20:24.080232Z  INFO tailwindcss_oxide::scanner: Reading "D:\\AI-Workspace\\employee-identity-portal\\src\\app\\api\\cyberark-identity\\sso-apps\\route.ts"
2025-11-29T07:20:24.080244Z  INFO tailwindcss_oxide::scanner: Reading "D:\\AI-Workspace\\employee-identity-portal\\src\\components\\ui\\alert-dialog.tsx"
2025-11-29T07:20:24.080319Z  INFO tailwindcss_oxide::scanner: Reading "D:\\AI-Workspace\\employee-identity-portal\\src\\app\\api\\mfa\\devices\\route.ts"
2025-11-29T07:20:24.080401Z  INFO tailwindcss_oxide::scanner: Reading "D:\\AI-Workspace\\employee-identity-portal\\src\\app\\api\\mfa\\events\\route.ts"
2025-11-29T07:20:24.080476Z  INFO tailwindcss_oxide::scanner: Reading "D:\\AI-Workspace\\employee-identity-portal\\src\\app\\api\\mfa\\status\\route.ts"
2025-11-29T07:20:24.080560Z  INFO tailwindcss_oxide::scanner: Reading "D:\\AI-Workspace\\employee-identity-portal\\src\\app\\api\\own-cyberark-alero\\details\\route.ts"
2025-11-29T07:20:24.080676Z  INFO tailwindcss_oxide::scanner: Reading "D:\\AI-Workspace\\employee-identity-portal\\src\\app\\api\\own-cyberark-alero\\route.ts"
2025-11-29T07:20:24.080774Z  INFO tailwindcss_oxide::scanner: Reading "D:\\AI-Workspace\\employee-identity-portal\\src\\app\\api\\own-cyberark-conjur\\details\\route.ts"
2025-11-29T07:20:24.080804Z  INFO tailwindcss_oxide::scanner: Reading "D:\\AI-Workspace\\employee-identity-portal\\src\\components\\ui\\alert.tsx"
2025-11-29T07:20:24.080864Z  INFO tailwindcss_oxide::scanner: Reading "D:\\AI-Workspace\\employee-identity-portal\\src\\app\\api\\own-cyberark-conjur\\route.ts"
2025-11-29T07:20:24.080900Z  INFO tailwindcss_oxide::scanner: Reading "D:\\AI-Workspace\\employee-identity-portal\\src\\components\\ui\\aspect-ratio.tsx"
2025-11-29T07:20:24.080952Z  INFO tailwindcss_oxide::scanner: Reading "D:\\AI-Workspace\\employee-identity-portal\\src\\app\\api\\own-cyberark-dpa\\details\\route.ts"
2025-11-29T07:20:24.080989Z  INFO tailwindcss_oxide::scanner: Reading "D:\\AI-Workspace\\employee-identity-portal\\src\\components\\ui\\avatar.tsx"
2025-11-29T07:20:24.081062Z  INFO tailwindcss_oxide::scanner: Reading "D:\\AI-Workspace\\employee-identity-portal\\src\\app\\api\\own-cyberark-dpa\\route.ts"
2025-11-29T07:20:24.081076Z  INFO tailwindcss_oxide::scanner: Reading "D:\\AI-Workspace\\employee-identity-portal\\src\\components\\ui\\background-boxes.tsx"
2025-11-29T07:20:24.081148Z  INFO tailwindcss_oxide::scanner: Reading "D:\\AI-Workspace\\employee-identity-portal\\src\\app\\api\\own-cyberark-epm\\details\\route.ts"
2025-11-29T07:20:24.081163Z  INFO tailwindcss_oxide::scanner: Reading "D:\\AI-Workspace\\employee-identity-portal\\src\\components\\ui\\badge.tsx"
2025-11-29T07:20:24.081236Z  INFO tailwindcss_oxide::scanner: Reading "D:\\AI-Workspace\\employee-identity-portal\\src\\app\\api\\own-cyberark-epm\\route.ts"
2025-11-29T07:20:24.081249Z  INFO tailwindcss_oxide::scanner: Reading "D:\\AI-Workspace\\employee-identity-portal\\src\\components\\ui\\breadcrumb.tsx"
2025-11-29T07:20:24.081323Z  INFO tailwindcss_oxide::scanner: Reading "D:\\AI-Workspace\\employee-identity-portal\\src\\app\\api\\own-cyberark-identity\\details\\route.ts"
2025-11-29T07:20:24.081335Z  INFO tailwindcss_oxide::scanner: Reading "D:\\AI-Workspace\\employee-identity-portal\\src\\components\\ui\\button.tsx"
2025-11-29T07:20:24.081413Z  INFO tailwindcss_oxide::scanner: Reading "D:\\AI-Workspace\\employee-identity-portal\\src\\app\\api\\own-cyberark-identity\\route.ts"
2025-11-29T07:20:24.081425Z  INFO tailwindcss_oxide::scanner: Reading "D:\\AI-Workspace\\employee-identity-portal\\src\\components\\ui\\calendar.tsx"
2025-11-29T07:20:24.081502Z  INFO tailwindcss_oxide::scanner: Reading "D:\\AI-Workspace\\employee-identity-portal\\src\\app\\api\\own-ping-access\\details\\route.ts"
2025-11-29T07:20:24.081507Z  INFO tailwindcss_oxide::scanner: Reading "D:\\AI-Workspace\\employee-identity-portal\\src\\components\\ui\\card.tsx"
2025-11-29T07:20:24.081594Z  INFO tailwindcss_oxide::scanner: Reading "D:\\AI-Workspace\\employee-identity-portal\\src\\app\\api\\own-ping-access\\route.ts"
2025-11-29T07:20:24.081600Z  INFO tailwindcss_oxide::scanner: Reading "D:\\AI-Workspace\\employee-identity-portal\\src\\components\\ui\\carousel.tsx"
2025-11-29T07:20:24.081682Z  INFO tailwindcss_oxide::scanner: Reading "D:\\AI-Workspace\\employee-identity-portal\\src\\app\\api\\own-ping-authorize\\details\\route.ts"
2025-11-29T07:20:24.081687Z  INFO tailwindcss_oxide::scanner: Reading "D:\\AI-Workspace\\employee-identity-portal\\src\\components\\ui\\chart.tsx"
2025-11-29T07:20:24.081775Z  INFO tailwindcss_oxide::scanner: Reading "D:\\AI-Workspace\\employee-identity-portal\\src\\components\\ui\\checkbox.tsx"
2025-11-29T07:20:24.081775Z  INFO tailwindcss_oxide::scanner: Reading "D:\\AI-Workspace\\employee-identity-portal\\src\\app\\api\\own-ping-authorize\\route.ts"
2025-11-29T07:20:24.081863Z  INFO tailwindcss_oxide::scanner: Reading "D:\\AI-Workspace\\employee-identity-portal\\src\\components\\ui\\collapsible.tsx"
2025-11-29T07:20:24.081863Z  INFO tailwindcss_oxide::scanner: Reading "D:\\AI-Workspace\\employee-identity-portal\\src\\app\\api\\own-ping-intelligence\\details\\route.ts"
2025-11-29T07:20:24.081953Z  INFO tailwindcss_oxide::scanner: Reading "D:\\AI-Workspace\\employee-identity-portal\\src\\components\\ui\\command.tsx"
2025-11-29T07:20:24.081953Z  INFO tailwindcss_oxide::scanner: Reading "D:\\AI-Workspace\\employee-identity-portal\\src\\app\\api\\own-ping-intelligence\\route.ts"
2025-11-29T07:20:24.082048Z  INFO tailwindcss_oxide::scanner: Reading "D:\\AI-Workspace\\employee-identity-portal\\src\\components\\ui\\ComponentSeparator.tsx"
2025-11-29T07:20:24.082048Z  INFO tailwindcss_oxide::scanner: Reading "D:\\AI-Workspace\\employee-identity-portal\\src\\app\\api\\pd\\audit\\route.ts"
2025-11-29T07:20:24.082168Z  INFO tailwindcss_oxide::scanner: Reading "D:\\AI-Workspace\\employee-identity-portal\\src\\app\\api\\pd\\groups\\route.ts"
2025-11-29T07:20:24.082186Z  INFO tailwindcss_oxide::scanner: Reading "D:\\AI-Workspace\\employee-identity-portal\\src\\components\\ui\\container-scroll-animation.tsx"
2025-11-29T07:20:24.082255Z  INFO tailwindcss_oxide::scanner: Reading "D:\\AI-Workspace\\employee-identity-portal\\src\\app\\api\\pd\\profile\\route.ts"
2025-11-29T07:20:24.082280Z  INFO tailwindcss_oxide::scanner: Reading "D:\\AI-Workspace\\employee-identity-portal\\src\\components\\ui\\context-menu.tsx"
2025-11-29T07:20:24.082344Z  INFO tailwindcss_oxide::scanner: Reading "D:\\AI-Workspace\\employee-identity-portal\\src\\app\\api\\pf\\oidc\\route.ts"
2025-11-29T07:20:24.082379Z  INFO tailwindcss_oxide::scanner: Reading "D:\\AI-Workspace\\employee-identity-portal\\src\\components\\ui\\dialog.tsx"
2025-11-29T07:20:24.082464Z  INFO tailwindcss_oxide::scanner: Reading "D:\\AI-Workspace\\employee-identity-portal\\src\\app\\api\\pf\\saml\\route.ts"
2025-11-29T07:20:24.082476Z  INFO tailwindcss_oxide::scanner: Reading "D:\\AI-Workspace\\employee-identity-portal\\src\\components\\ui\\drawer.tsx"
2025-11-29T07:20:24.082554Z  INFO tailwindcss_oxide::scanner: Reading "D:\\AI-Workspace\\employee-identity-portal\\src\\app\\api\\pf\\userinfo\\route.ts"
2025-11-29T07:20:24.082562Z  INFO tailwindcss_oxide::scanner: Reading "D:\\AI-Workspace\\employee-identity-portal\\src\\components\\ui\\dropdown-menu.tsx"
2025-11-29T07:20:24.082641Z  INFO tailwindcss_oxide::scanner: Reading "D:\\AI-Workspace\\employee-identity-portal\\src\\app\\api\\saviynt\\entitlements\\route.ts"
2025-11-29T07:20:24.082647Z  INFO tailwindcss_oxide::scanner: Reading "D:\\AI-Workspace\\employee-identity-portal\\src\\components\\ui\\form.tsx"
2025-11-29T07:20:24.082742Z  INFO tailwindcss_oxide::scanner: Reading "D:\\AI-Workspace\\employee-identity-portal\\src\\components\\ui\\hover-card.tsx"
2025-11-29T07:20:24.082742Z  INFO tailwindcss_oxide::scanner: Reading "D:\\AI-Workspace\\employee-identity-portal\\src\\components\\ui\\navigation.tsx"
2025-11-29T07:20:24.082832Z  INFO tailwindcss_oxide::scanner: Reading "D:\\AI-Workspace\\employee-identity-portal\\src\\components\\ui\\pagination.tsx"
2025-11-29T07:20:24.082832Z  INFO tailwindcss_oxide::scanner: Reading "D:\\AI-Workspace\\employee-identity-portal\\src\\components\\ui\\input-otp.tsx"
2025-11-29T07:20:24.082920Z  INFO tailwindcss_oxide::scanner: Reading "D:\\AI-Workspace\\employee-identity-portal\\src\\components\\ui\\popover.tsx"
2025-11-29T07:20:24.082922Z  INFO tailwindcss_oxide::scanner: Reading "D:\\AI-Workspace\\employee-identity-portal\\src\\components\\ui\\input.tsx"
2025-11-29T07:20:24.083009Z  INFO tailwindcss_oxide::scanner: Reading "D:\\AI-Workspace\\employee-identity-portal\\src\\components\\ui\\label.tsx"
2025-11-29T07:20:24.083009Z  INFO tailwindcss_oxide::scanner: Reading "D:\\AI-Workspace\\employee-identity-portal\\src\\components\\ui\\progress.tsx"
2025-11-29T07:20:24.083095Z  INFO tailwindcss_oxide::scanner: Reading "D:\\AI-Workspace\\employee-identity-portal\\src\\components\\ui\\radio-group.tsx"
2025-11-29T07:20:24.083098Z  INFO tailwindcss_oxide::scanner: Reading "D:\\AI-Workspace\\employee-identity-portal\\src\\components\\ui\\menubar.tsx"
2025-11-29T07:20:24.083203Z  INFO tailwindcss_oxide::scanner: Reading "D:\\AI-Workspace\\employee-identity-portal\\src\\components\\ui\\resizable.tsx"
2025-11-29T07:20:24.083231Z  INFO tailwindcss_oxide::scanner: Reading "D:\\AI-Workspace\\employee-identity-portal\\src\\components\\ui\\navigation-menu.tsx"
2025-11-29T07:20:24.083300Z  INFO tailwindcss_oxide::scanner: Reading "D:\\AI-Workspace\\employee-identity-portal\\src\\components\\ui\\scroll-area.tsx"
2025-11-29T07:20:24.083349Z  INFO tailwindcss_oxide::scanner: Reading "D:\\AI-Workspace\\employee-identity-portal\\src\\hooks\\useOpsFeatures.ts"
2025-11-29T07:20:24.083417Z  INFO tailwindcss_oxide::scanner: Reading "D:\\AI-Workspace\\employee-identity-portal\\src\\components\\ui\\select.tsx"
2025-11-29T07:20:24.083451Z  INFO tailwindcss_oxide::scanner: Reading "D:\\AI-Workspace\\employee-identity-portal\\src\\hooks\\usePageState.ts"
2025-11-29T07:20:24.083513Z  INFO tailwindcss_oxide::scanner: Reading "D:\\AI-Workspace\\employee-identity-portal\\src\\components\\ui\\separator.tsx"
2025-11-29T07:20:24.083546Z  INFO tailwindcss_oxide::scanner: Reading "D:\\AI-Workspace\\employee-identity-portal\\src\\hooks\\usePfOps.ts"
2025-11-29T07:20:24.083603Z  INFO tailwindcss_oxide::scanner: Reading "D:\\AI-Workspace\\employee-identity-portal\\src\\components\\ui\\sheet.tsx"
2025-11-29T07:20:24.083640Z  INFO tailwindcss_oxide::scanner: Reading "D:\\AI-Workspace\\employee-identity-portal\\src\\hooks\\useSearch.ts"
2025-11-29T07:20:24.083703Z  INFO tailwindcss_oxide::scanner: Reading "D:\\AI-Workspace\\employee-identity-portal\\src\\components\\ui\\sidebar.tsx"
2025-11-29T07:20:24.083733Z  INFO tailwindcss_oxide::scanner: Reading "D:\\AI-Workspace\\employee-identity-portal\\src\\hooks\\useSnow.ts"
2025-11-29T07:20:24.083794Z  INFO tailwindcss_oxide::scanner: Reading "D:\\AI-Workspace\\employee-identity-portal\\src\\components\\ui\\skeleton.tsx"
2025-11-29T07:20:24.083823Z  INFO tailwindcss_oxide::scanner: Reading "D:\\AI-Workspace\\employee-identity-portal\\src\\hooks\\useTheme.ts"
2025-11-29T07:20:24.083882Z  INFO tailwindcss_oxide::scanner: Reading "D:\\AI-Workspace\\employee-identity-portal\\src\\components\\ui\\slider.tsx"
2025-11-29T07:20:24.083909Z  INFO tailwindcss_oxide::scanner: Reading "D:\\AI-Workspace\\employee-identity-portal\\src\\hooks\\useThemeDOM.ts"
2025-11-29T07:20:24.083969Z  INFO tailwindcss_oxide::scanner: Reading "D:\\AI-Workspace\\employee-identity-portal\\src\\components\\ui\\sonner.tsx"
2025-11-29T07:20:24.084003Z  INFO tailwindcss_oxide::scanner: Reading "D:\\AI-Workspace\\employee-identity-portal\\src\\hooks\\useUserToggles.ts"
2025-11-29T07:20:24.084057Z  INFO tailwindcss_oxide::scanner: Reading "D:\\AI-Workspace\\employee-identity-portal\\src\\components\\ui\\switch.tsx"
2025-11-29T07:20:24.084132Z  INFO tailwindcss_oxide::scanner: Reading "D:\\AI-Workspace\\employee-identity-portal\\src\\lib\\api-service.ts"
2025-11-29T07:20:24.084150Z  INFO tailwindcss_oxide::scanner: Reading "D:\\AI-Workspace\\employee-identity-portal\\src\\components\\ui\\table.tsx"
2025-11-29T07:20:24.084246Z  INFO tailwindcss_oxide::scanner: Reading "D:\\AI-Workspace\\employee-identity-portal\\src\\components\\ui\\tabs.tsx"
2025-11-29T07:20:24.084266Z  INFO tailwindcss_oxide::scanner: Reading "D:\\AI-Workspace\\employee-identity-portal\\src\\lib\\api.ts"
2025-11-29T07:20:24.084337Z  INFO tailwindcss_oxide::scanner: Reading "D:\\AI-Workspace\\employee-identity-portal\\src\\components\\ui\\textarea.tsx"
2025-11-29T07:20:24.084382Z  INFO tailwindcss_oxide::scanner: Reading "D:\\AI-Workspace\\employee-identity-portal\\src\\lib\\constants.ts"
2025-11-29T07:20:24.084432Z  INFO tailwindcss_oxide::scanner: Reading "D:\\AI-Workspace\\employee-identity-portal\\src\\components\\ui\\toggle-group.tsx"
2025-11-29T07:20:24.084646Z  INFO tailwindcss_oxide::scanner: Reading "D:\\AI-Workspace\\employee-identity-portal\\src\\components\\ui\\toggle.tsx"
2025-11-29T07:20:24.084736Z  INFO tailwindcss_oxide::scanner: Reading "D:\\AI-Workspace\\employee-identity-portal\\src\\components\\ui\\tooltip.tsx"
2025-11-29T07:20:24.084825Z  INFO tailwindcss_oxide::scanner: Reading "D:\\AI-Workspace\\employee-identity-portal\\src\\context\\AppContext.tsx"
2025-11-29T07:20:24.085008Z  INFO tailwindcss_oxide::scanner: Reading "D:\\AI-Workspace\\employee-identity-portal\\src\\hooks\\use-mobile.ts"
2025-11-29T07:20:24.085406Z  INFO tailwindcss_oxide::scanner: Reading "D:\\AI-Workspace\\employee-identity-portal\\src\\lib\\data-service.ts"
2025-11-29T07:20:24.085413Z  INFO tailwindcss_oxide::scanner: Reading "D:\\AI-Workspace\\employee-identity-portal\\src\\hooks\\useAppAuth.ts"
2025-11-29T07:20:24.085608Z  INFO tailwindcss_oxide::scanner: Reading "D:\\AI-Workspace\\employee-identity-portal\\src\\lib\\educate-config.json"
2025-11-29T07:20:24.085688Z  INFO tailwindcss_oxide::scanner: Reading "D:\\AI-Workspace\\employee-identity-portal\\src\\hooks\\useAppTheme.ts"
2025-11-29T07:20:24.085718Z  INFO tailwindcss_oxide::scanner: Reading "D:\\AI-Workspace\\employee-identity-portal\\src\\lib\\error-handler.ts"
2025-11-29T07:20:24.085808Z  INFO tailwindcss_oxide::scanner: Reading "D:\\AI-Workspace\\employee-identity-portal\\src\\lib\\formatters.ts"
2025-11-29T07:20:24.085925Z  INFO tailwindcss_oxide::scanner: Reading "D:\\AI-Workspace\\employee-identity-portal\\src\\hooks\\useAppToggles.ts"
2025-11-29T07:20:24.085936Z  INFO tailwindcss_oxide::scanner: Reading "D:\\AI-Workspace\\employee-identity-portal\\src\\lib\\hooks\\use-mobile.tsx"
2025-11-29T07:20:24.086039Z  INFO tailwindcss_oxide::scanner: Reading "D:\\AI-Workspace\\employee-identity-portal\\src\\hooks\\useAppUI.ts"
2025-11-29T07:20:24.086041Z  INFO tailwindcss_oxide::scanner: Reading "D:\\AI-Workspace\\employee-identity-portal\\src\\lib\\logger.ts"
2025-11-29T07:20:24.086141Z  INFO tailwindcss_oxide::scanner: Reading "D:\\AI-Workspace\\employee-identity-portal\\src\\lib\\role-utils.ts"
2025-11-29T07:20:24.086143Z  INFO tailwindcss_oxide::scanner: Reading "D:\\AI-Workspace\\employee-identity-portal\\src\\hooks\\useFeatures.ts"
2025-11-29T07:20:24.086238Z  INFO tailwindcss_oxide::scanner: Reading "D:\\AI-Workspace\\employee-identity-portal\\src\\lib\\storage.ts"
2025-11-29T07:20:24.086266Z  INFO tailwindcss_oxide::scanner: Reading "D:\\AI-Workspace\\employee-identity-portal\\src\\lib\\ui-config.ts"
2025-11-29T07:20:24.086339Z  INFO tailwindcss_oxide::scanner: Reading "D:\\AI-Workspace\\employee-identity-portal\\src\\lib\\support-emails.ts"
2025-11-29T07:20:24.086390Z  INFO tailwindcss_oxide::scanner: Reading "D:\\AI-Workspace\\employee-identity-portal\\src\\lib\\utils.ts"
2025-11-29T07:20:24.086483Z  INFO tailwindcss_oxide::scanner: Reading "D:\\AI-Workspace\\employee-identity-portal\\src\\lib\\types.ts"
2025-11-29T07:20:24.086498Z  INFO tailwindcss_oxide::scanner: Reading "D:\\AI-Workspace\\employee-identity-portal\\src\\lib\\validation.ts"
2025-11-29T07:20:24.086596Z  INFO tailwindcss_oxide::scanner: Reading "D:\\AI-Workspace\\employee-identity-portal\\src\\visual-edits\\component-tagger-loader.js"
2025-11-29T07:20:24.086637Z  INFO tailwindcss_oxide::scanner: Reading "D:\\AI-Workspace\\employee-identity-portal\\SSO_OPS_IMPLEMENTATION.md"
2025-11-29T07:20:24.086754Z  INFO tailwindcss_oxide::scanner: Reading "D:\\AI-Workspace\\employee-identity-portal\\tsconfig.json"
2025-11-29T07:20:24.086752Z  INFO tailwindcss_oxide::scanner: Reading "D:\\AI-Workspace\\employee-identity-portal\\src\\visual-edits\\VisualEditsMessenger.tsx"
2025-11-29T07:20:24.104539Z  INFO extract_candidates:read_all_files: tailwindcss_oxide::scanner: exit
2025-11-29T07:20:24.104575Z  INFO extract_candidates:parse_all_blobs: tailwindcss_oxide::scanner: enter
2025-11-29T07:20:24.104593Z  INFO extract_candidates:parse_all_blobs:extract: tailwindcss_oxide::scanner: enter
2025-11-29T07:20:24.150683Z  INFO extract_candidates:parse_all_blobs:extract: tailwindcss_oxide::scanner: exit
2025-11-29T07:20:24.150801Z  INFO extract_candidates:parse_all_blobs: tailwindcss_oxide::scanner: exit
2025-11-29T07:20:24.150823Z  INFO extract_candidates:read_all_files: tailwindcss_oxide::scanner: enter
2025-11-29T07:20:24.150833Z  INFO extract_candidates:read_all_files: tailwindcss_oxide::scanner: Reading 1 file(s)
2025-11-29T07:20:24.150963Z  INFO extract_candidates:read_all_files: tailwindcss_oxide::scanner: Reading "D:\\AI-Workspace\\employee-identity-portal\\src\\app\\globals.css"
2025-11-29T07:20:24.150984Z  INFO extract_candidates:read_all_files: tailwindcss_oxide::scanner: exit
2025-11-29T07:20:24.150996Z  INFO extract_candidates:extract_css_variables: tailwindcss_oxide::scanner: enter
2025-11-29T07:20:24.151005Z  INFO extract_candidates:extract_css_variables:extract: tailwindcss_oxide::scanner: enter
2025-11-29T07:20:24.152353Z  INFO extract_candidates:extract_css_variables:extract: tailwindcss_oxide::scanner: exit
2025-11-29T07:20:24.152386Z  INFO extract_candidates:extract_css_variables: tailwindcss_oxide::scanner: exit
2025-11-29T07:20:24.155872Z  INFO extract_candidates: tailwindcss_oxide::scanner: exit
2025-11-29T07:20:24.162129Z  INFO get_files: tailwindcss_oxide::scanner: enter
2025-11-29T07:20:24.162158Z  INFO get_files:scan_sources: tailwindcss_oxide::scanner: enter
2025-11-29T07:20:24.164646Z  INFO get_files:scan_sources: tailwindcss_oxide::scanner: Discovering "D:\\AI-Workspace\\employee-identity-portal\\backend"
2025-11-29T07:20:24.165024Z  INFO get_files:scan_sources: tailwindcss_oxide::scanner: Discovering "D:\\AI-Workspace\\employee-identity-portal\\backend\\config"
2025-11-29T07:20:24.165531Z  INFO get_files:scan_sources: tailwindcss_oxide::scanner: Discovering "D:\\AI-Workspace\\employee-identity-portal\\backend\\logs"
2025-11-29T07:20:24.165911Z  INFO get_files:scan_sources: tailwindcss_oxide::scanner: Discovering "D:\\AI-Workspace\\employee-identity-portal\\backend\\middleware"
2025-11-29T07:20:24.166514Z  INFO get_files:scan_sources: tailwindcss_oxide::scanner: Discovering "D:\\AI-Workspace\\employee-identity-portal\\backend\\mocks"
2025-11-29T07:20:24.169742Z  INFO get_files:scan_sources: tailwindcss_oxide::scanner: Discovering "D:\\AI-Workspace\\employee-identity-portal\\backend\\routes"
2025-11-29T07:20:24.170309Z  INFO get_files:scan_sources: tailwindcss_oxide::scanner: Discovering "D:\\AI-Workspace\\employee-identity-portal\\backend\\services"
2025-11-29T07:20:24.170764Z  INFO get_files:scan_sources: tailwindcss_oxide::scanner: Discovering "D:\\AI-Workspace\\employee-identity-portal\\backend\\utils"
2025-11-29T07:20:24.171693Z  INFO get_files:scan_sources: tailwindcss_oxide::scanner: Discovering "D:\\AI-Workspace\\employee-identity-portal\\public"
2025-11-29T07:20:24.172471Z  INFO get_files:scan_sources: tailwindcss_oxide::scanner: Discovering "D:\\AI-Workspace\\employee-identity-portal\\src"
2025-11-29T07:20:24.172732Z  INFO get_files:scan_sources: tailwindcss_oxide::scanner: Discovering "D:\\AI-Workspace\\employee-identity-portal\\src\\app"
2025-11-29T07:20:24.172991Z  INFO get_files:scan_sources: tailwindcss_oxide::scanner: Discovering "D:\\AI-Workspace\\employee-identity-portal\\src\\app\\api"
2025-11-29T07:20:24.173274Z  INFO get_files:scan_sources: tailwindcss_oxide::scanner: Discovering "D:\\AI-Workspace\\employee-identity-portal\\src\\app\\api\\aad"
2025-11-29T07:20:24.173536Z  INFO get_files:scan_sources: tailwindcss_oxide::scanner: Discovering "D:\\AI-Workspace\\employee-identity-portal\\src\\app\\api\\aad\\groups"
2025-11-29T07:20:24.173874Z  INFO get_files:scan_sources: tailwindcss_oxide::scanner: Discovering "D:\\AI-Workspace\\employee-identity-portal\\src\\app\\api\\aad\\signins"
2025-11-29T07:20:24.174209Z  INFO get_files:scan_sources: tailwindcss_oxide::scanner: Discovering "D:\\AI-Workspace\\employee-identity-portal\\src\\app\\api\\aad\\user"
2025-11-29T07:20:24.174570Z  INFO get_files:scan_sources: tailwindcss_oxide::scanner: Discovering "D:\\AI-Workspace\\employee-identity-portal\\src\\app\\api\\auth"
2025-11-29T07:20:24.174832Z  INFO get_files:scan_sources: tailwindcss_oxide::scanner: Discovering "D:\\AI-Workspace\\employee-identity-portal\\src\\app\\api\\auth\\login"
2025-11-29T07:20:24.175190Z  INFO get_files:scan_sources: tailwindcss_oxide::scanner: Discovering "D:\\AI-Workspace\\employee-identity-portal\\src\\app\\api\\config"
2025-11-29T07:20:24.175453Z  INFO get_files:scan_sources: tailwindcss_oxide::scanner: Discovering "D:\\AI-Workspace\\employee-identity-portal\\src\\app\\api\\config\\features"
2025-11-29T07:20:24.175820Z  INFO get_files:scan_sources: tailwindcss_oxide::scanner: Discovering "D:\\AI-Workspace\\employee-identity-portal\\src\\app\\api\\cyberark"
2025-11-29T07:20:24.176082Z  INFO get_files:scan_sources: tailwindcss_oxide::scanner: Discovering "D:\\AI-Workspace\\employee-identity-portal\\src\\app\\api\\cyberark\\accounts"
2025-11-29T07:20:24.176423Z  INFO get_files:scan_sources: tailwindcss_oxide::scanner: Discovering "D:\\AI-Workspace\\employee-identity-portal\\src\\app\\api\\cyberark\\activity"
2025-11-29T07:20:24.176763Z  INFO get_files:scan_sources: tailwindcss_oxide::scanner: Discovering "D:\\AI-Workspace\\employee-identity-portal\\src\\app\\api\\cyberark\\safes"
2025-11-29T07:20:24.177131Z  INFO get_files:scan_sources: tailwindcss_oxide::scanner: Discovering "D:\\AI-Workspace\\employee-identity-portal\\src\\app\\api\\cyberark-alero"
2025-11-29T07:20:24.177402Z  INFO get_files:scan_sources: tailwindcss_oxide::scanner: Discovering "D:\\AI-Workspace\\employee-identity-portal\\src\\app\\api\\cyberark-alero\\recordings"
2025-11-29T07:20:24.177736Z  INFO get_files:scan_sources: tailwindcss_oxide::scanner: Discovering "D:\\AI-Workspace\\employee-identity-portal\\src\\app\\api\\cyberark-alero\\sessions"
2025-11-29T07:20:24.178075Z  INFO get_files:scan_sources: tailwindcss_oxide::scanner: Discovering "D:\\AI-Workspace\\employee-identity-portal\\src\\app\\api\\cyberark-alero\\targets"
2025-11-29T07:20:24.178429Z  INFO get_files:scan_sources: tailwindcss_oxide::scanner: Discovering "D:\\AI-Workspace\\employee-identity-portal\\src\\app\\api\\cyberark-conjur"
2025-11-29T07:20:24.178682Z  INFO get_files:scan_sources: tailwindcss_oxide::scanner: Discovering "D:\\AI-Workspace\\employee-identity-portal\\src\\app\\api\\cyberark-conjur\\rotation"
2025-11-29T07:20:24.179020Z  INFO get_files:scan_sources: tailwindcss_oxide::scanner: Discovering "D:\\AI-Workspace\\employee-identity-portal\\src\\app\\api\\cyberark-conjur\\secrets"
2025-11-29T07:20:24.179362Z  INFO get_files:scan_sources: tailwindcss_oxide::scanner: Discovering "D:\\AI-Workspace\\employee-identity-portal\\src\\app\\api\\cyberark-conjur\\vaults"
2025-11-29T07:20:24.179726Z  INFO get_files:scan_sources: tailwindcss_oxide::scanner: Discovering "D:\\AI-Workspace\\employee-identity-portal\\src\\app\\api\\cyberark-dpa"
2025-11-29T07:20:24.179984Z  INFO get_files:scan_sources: tailwindcss_oxide::scanner: Discovering "D:\\AI-Workspace\\employee-identity-portal\\src\\app\\api\\cyberark-dpa\\authorizations"
2025-11-29T07:20:24.180317Z  INFO get_files:scan_sources: tailwindcss_oxide::scanner: Discovering "D:\\AI-Workspace\\employee-identity-portal\\src\\app\\api\\cyberark-dpa\\policies"
2025-11-29T07:20:24.180655Z  INFO get_files:scan_sources: tailwindcss_oxide::scanner: Discovering "D:\\AI-Workspace\\employee-identity-portal\\src\\app\\api\\cyberark-dpa\\risk-assessment"
2025-11-29T07:20:24.181005Z  INFO get_files:scan_sources: tailwindcss_oxide::scanner: Discovering "D:\\AI-Workspace\\employee-identity-portal\\src\\app\\api\\cyberark-epm"
2025-11-29T07:20:24.181259Z  INFO get_files:scan_sources: tailwindcss_oxide::scanner: Discovering "D:\\AI-Workspace\\employee-identity-portal\\src\\app\\api\\cyberark-epm\\applications"
2025-11-29T07:20:24.181605Z  INFO get_files:scan_sources: tailwindcss_oxide::scanner: Discovering "D:\\AI-Workspace\\employee-identity-portal\\src\\app\\api\\cyberark-epm\\elevation-history"
2025-11-29T07:20:24.181937Z  INFO get_files:scan_sources: tailwindcss_oxide::scanner: Discovering "D:\\AI-Workspace\\employee-identity-portal\\src\\app\\api\\cyberark-epm\\policies"
2025-11-29T07:20:24.182300Z  INFO get_files:scan_sources: tailwindcss_oxide::scanner: Discovering "D:\\AI-Workspace\\employee-identity-portal\\src\\app\\api\\cyberark-identity"
2025-11-29T07:20:24.182568Z  INFO get_files:scan_sources: tailwindcss_oxide::scanner: Discovering "D:\\AI-Workspace\\employee-identity-portal\\src\\app\\api\\cyberark-identity\\devices"
2025-11-29T07:20:24.182927Z  INFO get_files:scan_sources: tailwindcss_oxide::scanner: Discovering "D:\\AI-Workspace\\employee-identity-portal\\src\\app\\api\\cyberark-identity\\login-history"
2025-11-29T07:20:24.183275Z  INFO get_files:scan_sources: tailwindcss_oxide::scanner: Discovering "D:\\AI-Workspace\\employee-identity-portal\\src\\app\\api\\cyberark-identity\\sso-apps"
2025-11-29T07:20:24.183658Z  INFO get_files:scan_sources: tailwindcss_oxide::scanner: Discovering "D:\\AI-Workspace\\employee-identity-portal\\src\\app\\api\\mfa"
2025-11-29T07:20:24.183960Z  INFO get_files:scan_sources: tailwindcss_oxide::scanner: Discovering "D:\\AI-Workspace\\employee-identity-portal\\src\\app\\api\\mfa\\devices"
2025-11-29T07:20:24.184329Z  INFO get_files:scan_sources: tailwindcss_oxide::scanner: Discovering "D:\\AI-Workspace\\employee-identity-portal\\src\\app\\api\\mfa\\events"
2025-11-29T07:20:24.185636Z  INFO get_files:scan_sources: tailwindcss_oxide::scanner: Discovering "D:\\AI-Workspace\\employee-identity-portal\\src\\app\\api\\mfa\\status"
2025-11-29T07:20:24.186065Z  INFO get_files:scan_sources: tailwindcss_oxide::scanner: Discovering "D:\\AI-Workspace\\employee-identity-portal\\src\\app\\api\\own-cyberark-alero"
2025-11-29T07:20:24.186360Z  INFO get_files:scan_sources: tailwindcss_oxide::scanner: Discovering "D:\\AI-Workspace\\employee-identity-portal\\src\\app\\api\\own-cyberark-alero\\details"
2025-11-29T07:20:24.186813Z  INFO get_files:scan_sources: tailwindcss_oxide::scanner: Discovering "D:\\AI-Workspace\\employee-identity-portal\\src\\app\\api\\own-cyberark-conjur"
2025-11-29T07:20:24.187088Z  INFO get_files:scan_sources: tailwindcss_oxide::scanner: Discovering "D:\\AI-Workspace\\employee-identity-portal\\src\\app\\api\\own-cyberark-conjur\\details"
2025-11-29T07:20:24.187515Z  INFO get_files:scan_sources: tailwindcss_oxide::scanner: Discovering "D:\\AI-Workspace\\employee-identity-portal\\src\\app\\api\\own-cyberark-dpa"
2025-11-29T07:20:24.187804Z  INFO get_files:scan_sources: tailwindcss_oxide::scanner: Discovering "D:\\AI-Workspace\\employee-identity-portal\\src\\app\\api\\own-cyberark-dpa\\details"
2025-11-29T07:20:24.188276Z  INFO get_files:scan_sources: tailwindcss_oxide::scanner: Discovering "D:\\AI-Workspace\\employee-identity-portal\\src\\app\\api\\own-cyberark-epm"
2025-11-29T07:20:24.188558Z  INFO get_files:scan_sources: tailwindcss_oxide::scanner: Discovering "D:\\AI-Workspace\\employee-identity-portal\\src\\app\\api\\own-cyberark-epm\\details"
2025-11-29T07:20:24.188985Z  INFO get_files:scan_sources: tailwindcss_oxide::scanner: Discovering "D:\\AI-Workspace\\employee-identity-portal\\src\\app\\api\\own-cyberark-identity"
2025-11-29T07:20:24.189258Z  INFO get_files:scan_sources: tailwindcss_oxide::scanner: Discovering "D:\\AI-Workspace\\employee-identity-portal\\src\\app\\api\\own-cyberark-identity\\details"
2025-11-29T07:20:24.189707Z  INFO get_files:scan_sources: tailwindcss_oxide::scanner: Discovering "D:\\AI-Workspace\\employee-identity-portal\\src\\app\\api\\own-ping-access"
2025-11-29T07:20:24.189995Z  INFO get_files:scan_sources: tailwindcss_oxide::scanner: Discovering "D:\\AI-Workspace\\employee-identity-portal\\src\\app\\api\\own-ping-access\\details"
2025-11-29T07:20:24.190426Z  INFO get_files:scan_sources: tailwindcss_oxide::scanner: Discovering "D:\\AI-Workspace\\employee-identity-portal\\src\\app\\api\\own-ping-authorize"
2025-11-29T07:20:24.190697Z  INFO get_files:scan_sources: tailwindcss_oxide::scanner: Discovering "D:\\AI-Workspace\\employee-identity-portal\\src\\app\\api\\own-ping-authorize\\details"
2025-11-29T07:20:24.191138Z  INFO get_files:scan_sources: tailwindcss_oxide::scanner: Discovering "D:\\AI-Workspace\\employee-identity-portal\\src\\app\\api\\own-ping-intelligence"
2025-11-29T07:20:24.191412Z  INFO get_files:scan_sources: tailwindcss_oxide::scanner: Discovering "D:\\AI-Workspace\\employee-identity-portal\\src\\app\\api\\own-ping-intelligence\\details"
2025-11-29T07:20:24.191877Z  INFO get_files:scan_sources: tailwindcss_oxide::scanner: Discovering "D:\\AI-Workspace\\employee-identity-portal\\src\\app\\api\\pd"
2025-11-29T07:20:24.192206Z  INFO get_files:scan_sources: tailwindcss_oxide::scanner: Discovering "D:\\AI-Workspace\\employee-identity-portal\\src\\app\\api\\pd\\audit"
2025-11-29T07:20:24.192631Z  INFO get_files:scan_sources: tailwindcss_oxide::scanner: Discovering "D:\\AI-Workspace\\employee-identity-portal\\src\\app\\api\\pd\\groups"
2025-11-29T07:20:24.193044Z  INFO get_files:scan_sources: tailwindcss_oxide::scanner: Discovering "D:\\AI-Workspace\\employee-identity-portal\\src\\app\\api\\pd\\profile"
2025-11-29T07:20:24.193485Z  INFO get_files:scan_sources: tailwindcss_oxide::scanner: Discovering "D:\\AI-Workspace\\employee-identity-portal\\src\\app\\api\\pf"
2025-11-29T07:20:24.193847Z  INFO get_files:scan_sources: tailwindcss_oxide::scanner: Discovering "D:\\AI-Workspace\\employee-identity-portal\\src\\app\\api\\pf\\oidc"
2025-11-29T07:20:24.194262Z  INFO get_files:scan_sources: tailwindcss_oxide::scanner: Discovering "D:\\AI-Workspace\\employee-identity-portal\\src\\app\\api\\pf\\saml"
2025-11-29T07:20:24.194635Z  INFO get_files:scan_sources: tailwindcss_oxide::scanner: Discovering "D:\\AI-Workspace\\employee-identity-portal\\src\\app\\api\\pf\\userinfo"
2025-11-29T07:20:24.195039Z  INFO get_files:scan_sources: tailwindcss_oxide::scanner: Discovering "D:\\AI-Workspace\\employee-identity-portal\\src\\app\\api\\saviynt"
2025-11-29T07:20:24.195325Z  INFO get_files:scan_sources: tailwindcss_oxide::scanner: Discovering "D:\\AI-Workspace\\employee-identity-portal\\src\\app\\api\\saviynt\\entitlements"
2025-11-29T07:20:24.195706Z  INFO get_files:scan_sources: tailwindcss_oxide::scanner: Discovering "D:\\AI-Workspace\\employee-identity-portal\\src\\app\\api\\saviynt\\requests"
2025-11-29T07:20:24.196086Z  INFO get_files:scan_sources: tailwindcss_oxide::scanner: Discovering "D:\\AI-Workspace\\employee-identity-portal\\src\\app\\api\\saviynt\\roles"
2025-11-29T07:20:24.196491Z  INFO get_files:scan_sources: tailwindcss_oxide::scanner: Discovering "D:\\AI-Workspace\\employee-identity-portal\\src\\app\\api\\search-employee"
2025-11-29T07:20:24.196846Z  INFO get_files:scan_sources: tailwindcss_oxide::scanner: Discovering "D:\\AI-Workspace\\employee-identity-portal\\src\\app\\api\\search-employee\\[query]"
2025-11-29T07:20:24.197168Z  INFO get_files:scan_sources: tailwindcss_oxide::scanner: Discovering "D:\\AI-Workspace\\employee-identity-portal\\src\\app\\api\\search-employee\\[query]\\details"
2025-11-29T07:20:24.197698Z  INFO get_files:scan_sources: tailwindcss_oxide::scanner: Discovering "D:\\AI-Workspace\\employee-identity-portal\\src\\app\\api\\send-email"
2025-11-29T07:20:24.198082Z  INFO get_files:scan_sources: tailwindcss_oxide::scanner: Discovering "D:\\AI-Workspace\\employee-identity-portal\\src\\app\\api\\snow"
2025-11-29T07:20:24.198371Z  INFO get_files:scan_sources: tailwindcss_oxide::scanner: Discovering "D:\\AI-Workspace\\employee-identity-portal\\src\\app\\api\\snow\\incidents"
2025-11-29T07:20:24.198758Z  INFO get_files:scan_sources: tailwindcss_oxide::scanner: Discovering "D:\\AI-Workspace\\employee-identity-portal\\src\\app\\api\\submit-snow-ticket"
2025-11-29T07:20:24.199445Z  INFO get_files:scan_sources: tailwindcss_oxide::scanner: Discovering "D:\\AI-Workspace\\employee-identity-portal\\src\\components"
2025-11-29T07:20:24.199773Z  INFO get_files:scan_sources: tailwindcss_oxide::scanner: Discovering "D:\\AI-Workspace\\employee-identity-portal\\src\\components\\dialogs"
2025-11-29T07:20:24.200686Z  INFO get_files:scan_sources: tailwindcss_oxide::scanner: Discovering "D:\\AI-Workspace\\employee-identity-portal\\src\\components\\sections"
2025-11-29T07:20:24.202307Z  INFO get_files:scan_sources: tailwindcss_oxide::scanner: Discovering "D:\\AI-Workspace\\employee-identity-portal\\src\\components\\ui"
2025-11-29T07:20:24.205479Z  INFO get_files:scan_sources: tailwindcss_oxide::scanner: Discovering "D:\\AI-Workspace\\employee-identity-portal\\src\\context"
2025-11-29T07:20:24.205849Z  INFO get_files:scan_sources: tailwindcss_oxide::scanner: Discovering "D:\\AI-Workspace\\employee-identity-portal\\src\\hooks"
2025-11-29T07:20:24.206834Z  INFO get_files:scan_sources: tailwindcss_oxide::scanner: Discovering "D:\\AI-Workspace\\employee-identity-portal\\src\\lib"
2025-11-29T07:20:24.207526Z  INFO get_files:scan_sources: tailwindcss_oxide::scanner: Discovering "D:\\AI-Workspace\\employee-identity-portal\\src\\lib\\hooks"
2025-11-29T07:20:24.208289Z  INFO get_files:scan_sources: tailwindcss_oxide::scanner: Discovering "D:\\AI-Workspace\\employee-identity-portal\\src\\visual-edits"
2025-11-29T07:20:24.208832Z  INFO get_files:scan_sources: tailwindcss_oxide::scanner: exit
2025-11-29T07:20:24.208990Z  INFO get_files: tailwindcss_oxide::scanner: exit
2025-11-29T07:20:24.210580Z  INFO get_globs: tailwindcss_oxide::scanner: enter
2025-11-29T07:20:24.210601Z  INFO get_globs:scan_sources: tailwindcss_oxide::scanner: enter
2025-11-29T07:20:24.212761Z  INFO get_globs:scan_sources: tailwindcss_oxide::scanner: Discovering "D:\\AI-Workspace\\employee-identity-portal\\backend"
2025-11-29T07:20:24.213097Z  INFO get_globs:scan_sources: tailwindcss_oxide::scanner: Discovering "D:\\AI-Workspace\\employee-identity-portal\\backend\\config"
2025-11-29T07:20:24.213505Z  INFO get_globs:scan_sources: tailwindcss_oxide::scanner: Discovering "D:\\AI-Workspace\\employee-identity-portal\\backend\\logs"
2025-11-29T07:20:24.213816Z  INFO get_globs:scan_sources: tailwindcss_oxide::scanner: Discovering "D:\\AI-Workspace\\employee-identity-portal\\backend\\middleware"
2025-11-29T07:20:24.214323Z  INFO get_globs:scan_sources: tailwindcss_oxide::scanner: Discovering "D:\\AI-Workspace\\employee-identity-portal\\backend\\mocks"
2025-11-29T07:20:24.216537Z  INFO get_globs:scan_sources: tailwindcss_oxide::scanner: Discovering "D:\\AI-Workspace\\employee-identity-portal\\backend\\routes"
2025-11-29T07:20:24.217193Z  INFO get_globs:scan_sources: tailwindcss_oxide::scanner: Discovering "D:\\AI-Workspace\\employee-identity-portal\\backend\\services"
2025-11-29T07:20:24.217663Z  INFO get_globs:scan_sources: tailwindcss_oxide::scanner: Discovering "D:\\AI-Workspace\\employee-identity-portal\\backend\\utils"
2025-11-29T07:20:24.219359Z  INFO get_globs:scan_sources: tailwindcss_oxide::scanner: Discovering "D:\\AI-Workspace\\employee-identity-portal\\public"
2025-11-29T07:20:24.220334Z  INFO get_globs:scan_sources: tailwindcss_oxide::scanner: Discovering "D:\\AI-Workspace\\employee-identity-portal\\src"
2025-11-29T07:20:24.220667Z  INFO get_globs:scan_sources: tailwindcss_oxide::scanner: Discovering "D:\\AI-Workspace\\employee-identity-portal\\src\\app"
2025-11-29T07:20:24.220962Z  INFO get_globs:scan_sources: tailwindcss_oxide::scanner: Discovering "D:\\AI-Workspace\\employee-identity-portal\\src\\app\\api"
2025-11-29T07:20:24.221325Z  INFO get_globs:scan_sources: tailwindcss_oxide::scanner: Discovering "D:\\AI-Workspace\\employee-identity-portal\\src\\app\\api\\aad"
2025-11-29T07:20:24.221760Z  INFO get_globs:scan_sources: tailwindcss_oxide::scanner: Discovering "D:\\AI-Workspace\\employee-identity-portal\\src\\app\\api\\aad\\groups"
2025-11-29T07:20:24.222170Z  INFO get_globs:scan_sources: tailwindcss_oxide::scanner: Discovering "D:\\AI-Workspace\\employee-identity-portal\\src\\app\\api\\aad\\signins"
2025-11-29T07:20:24.222638Z  INFO get_globs:scan_sources: tailwindcss_oxide::scanner: Discovering "D:\\AI-Workspace\\employee-identity-portal\\src\\app\\api\\aad\\user"
2025-11-29T07:20:24.223089Z  INFO get_globs:scan_sources: tailwindcss_oxide::scanner: Discovering "D:\\AI-Workspace\\employee-identity-portal\\src\\app\\api\\auth"
2025-11-29T07:20:24.223381Z  INFO get_globs:scan_sources: tailwindcss_oxide::scanner: Discovering "D:\\AI-Workspace\\employee-identity-portal\\src\\app\\api\\auth\\login"
2025-11-29T07:20:24.223759Z  INFO get_globs:scan_sources: tailwindcss_oxide::scanner: Discovering "D:\\AI-Workspace\\employee-identity-portal\\src\\app\\api\\config"
2025-11-29T07:20:24.224044Z  INFO get_globs:scan_sources: tailwindcss_oxide::scanner: Discovering "D:\\AI-Workspace\\employee-identity-portal\\src\\app\\api\\config\\features"
2025-11-29T07:20:24.224463Z  INFO get_globs:scan_sources: tailwindcss_oxide::scanner: Discovering "D:\\AI-Workspace\\employee-identity-portal\\src\\app\\api\\cyberark"
2025-11-29T07:20:24.224779Z  INFO get_globs:scan_sources: tailwindcss_oxide::scanner: Discovering "D:\\AI-Workspace\\employee-identity-portal\\src\\app\\api\\cyberark\\accounts"
2025-11-29T07:20:24.225155Z  INFO get_globs:scan_sources: tailwindcss_oxide::scanner: Discovering "D:\\AI-Workspace\\employee-identity-portal\\src\\app\\api\\cyberark\\activity"
2025-11-29T07:20:24.225529Z  INFO get_globs:scan_sources: tailwindcss_oxide::scanner: Discovering "D:\\AI-Workspace\\employee-identity-portal\\src\\app\\api\\cyberark\\safes"
2025-11-29T07:20:24.225939Z  INFO get_globs:scan_sources: tailwindcss_oxide::scanner: Discovering "D:\\AI-Workspace\\employee-identity-portal\\src\\app\\api\\cyberark-alero"
2025-11-29T07:20:24.226235Z  INFO get_globs:scan_sources: tailwindcss_oxide::scanner: Discovering "D:\\AI-Workspace\\employee-identity-portal\\src\\app\\api\\cyberark-alero\\recordings"
2025-11-29T07:20:24.226621Z  INFO get_globs:scan_sources: tailwindcss_oxide::scanner: Discovering "D:\\AI-Workspace\\employee-identity-portal\\src\\app\\api\\cyberark-alero\\sessions"
2025-11-29T07:20:24.227010Z  INFO get_globs:scan_sources: tailwindcss_oxide::scanner: Discovering "D:\\AI-Workspace\\employee-identity-portal\\src\\app\\api\\cyberark-alero\\targets"
2025-11-29T07:20:24.227426Z  INFO get_globs:scan_sources: tailwindcss_oxide::scanner: Discovering "D:\\AI-Workspace\\employee-identity-portal\\src\\app\\api\\cyberark-conjur"
2025-11-29T07:20:24.227722Z  INFO get_globs:scan_sources: tailwindcss_oxide::scanner: Discovering "D:\\AI-Workspace\\employee-identity-portal\\src\\app\\api\\cyberark-conjur\\rotation"
2025-11-29T07:20:24.228099Z  INFO get_globs:scan_sources: tailwindcss_oxide::scanner: Discovering "D:\\AI-Workspace\\employee-identity-portal\\src\\app\\api\\cyberark-conjur\\secrets"
2025-11-29T07:20:24.228486Z  INFO get_globs:scan_sources: tailwindcss_oxide::scanner: Discovering "D:\\AI-Workspace\\employee-identity-portal\\src\\app\\api\\cyberark-conjur\\vaults"
2025-11-29T07:20:24.228891Z  INFO get_globs:scan_sources: tailwindcss_oxide::scanner: Discovering "D:\\AI-Workspace\\employee-identity-portal\\src\\app\\api\\cyberark-dpa"
2025-11-29T07:20:24.229195Z  INFO get_globs:scan_sources: tailwindcss_oxide::scanner: Discovering "D:\\AI-Workspace\\employee-identity-portal\\src\\app\\api\\cyberark-dpa\\authorizations"
2025-11-29T07:20:24.229576Z  INFO get_globs:scan_sources: tailwindcss_oxide::scanner: Discovering "D:\\AI-Workspace\\employee-identity-portal\\src\\app\\api\\cyberark-dpa\\policies"
2025-11-29T07:20:24.229959Z  INFO get_globs:scan_sources: tailwindcss_oxide::scanner: Discovering "D:\\AI-Workspace\\employee-identity-portal\\src\\app\\api\\cyberark-dpa\\risk-assessment"
2025-11-29T07:20:24.230364Z  INFO get_globs:scan_sources: tailwindcss_oxide::scanner: Discovering "D:\\AI-Workspace\\employee-identity-portal\\src\\app\\api\\cyberark-epm"
2025-11-29T07:20:24.230656Z  INFO get_globs:scan_sources: tailwindcss_oxide::scanner: Discovering "D:\\AI-Workspace\\employee-identity-portal\\src\\app\\api\\cyberark-epm\\applications"
2025-11-29T07:20:24.231049Z  INFO get_globs:scan_sources: tailwindcss_oxide::scanner: Discovering "D:\\AI-Workspace\\employee-identity-portal\\src\\app\\api\\cyberark-epm\\elevation-history"
2025-11-29T07:20:24.231429Z  INFO get_globs:scan_sources: tailwindcss_oxide::scanner: Discovering "D:\\AI-Workspace\\employee-identity-portal\\src\\app\\api\\cyberark-epm\\policies"
2025-11-29T07:20:24.231845Z  INFO get_globs:scan_sources: tailwindcss_oxide::scanner: Discovering "D:\\AI-Workspace\\employee-identity-portal\\src\\app\\api\\cyberark-identity"
2025-11-29T07:20:24.232146Z  INFO get_globs:scan_sources: tailwindcss_oxide::scanner: Discovering "D:\\AI-Workspace\\employee-identity-portal\\src\\app\\api\\cyberark-identity\\devices"
2025-11-29T07:20:24.232545Z  INFO get_globs:scan_sources: tailwindcss_oxide::scanner: Discovering "D:\\AI-Workspace\\employee-identity-portal\\src\\app\\api\\cyberark-identity\\login-history"
2025-11-29T07:20:24.232928Z  INFO get_globs:scan_sources: tailwindcss_oxide::scanner: Discovering "D:\\AI-Workspace\\employee-identity-portal\\src\\app\\api\\cyberark-identity\\sso-apps"
2025-11-29T07:20:24.233348Z  INFO get_globs:scan_sources: tailwindcss_oxide::scanner: Discovering "D:\\AI-Workspace\\employee-identity-portal\\src\\app\\api\\mfa"
2025-11-29T07:20:24.233640Z  INFO get_globs:scan_sources: tailwindcss_oxide::scanner: Discovering "D:\\AI-Workspace\\employee-identity-portal\\src\\app\\api\\mfa\\devices"
2025-11-29T07:20:24.234011Z  INFO get_globs:scan_sources: tailwindcss_oxide::scanner: Discovering "D:\\AI-Workspace\\employee-identity-portal\\src\\app\\api\\mfa\\events"
2025-11-29T07:20:24.234382Z  INFO get_globs:scan_sources: tailwindcss_oxide::scanner: Discovering "D:\\AI-Workspace\\employee-identity-portal\\src\\app\\api\\mfa\\status"
2025-11-29T07:20:24.237146Z  INFO get_globs:scan_sources: tailwindcss_oxide::scanner: Discovering "D:\\AI-Workspace\\employee-identity-portal\\src\\app\\api\\own-cyberark-alero"
2025-11-29T07:20:24.237757Z  INFO get_globs:scan_sources: tailwindcss_oxide::scanner: Discovering "D:\\AI-Workspace\\employee-identity-portal\\src\\app\\api\\own-cyberark-alero\\details"
2025-11-29T07:20:24.238328Z  INFO get_globs:scan_sources: tailwindcss_oxide::scanner: Discovering "D:\\AI-Workspace\\employee-identity-portal\\src\\app\\api\\own-cyberark-conjur"
2025-11-29T07:20:24.238619Z  INFO get_globs:scan_sources: tailwindcss_oxide::scanner: Discovering "D:\\AI-Workspace\\employee-identity-portal\\src\\app\\api\\own-cyberark-conjur\\details"
2025-11-29T07:20:24.239089Z  INFO get_globs:scan_sources: tailwindcss_oxide::scanner: Discovering "D:\\AI-Workspace\\employee-identity-portal\\src\\app\\api\\own-cyberark-dpa"
2025-11-29T07:20:24.239367Z  INFO get_globs:scan_sources: tailwindcss_oxide::scanner: Discovering "D:\\AI-Workspace\\employee-identity-portal\\src\\app\\api\\own-cyberark-dpa\\details"
2025-11-29T07:20:24.239802Z  INFO get_globs:scan_sources: tailwindcss_oxide::scanner: Discovering "D:\\AI-Workspace\\employee-identity-portal\\src\\app\\api\\own-cyberark-epm"
2025-11-29T07:20:24.240074Z  INFO get_globs:scan_sources: tailwindcss_oxide::scanner: Discovering "D:\\AI-Workspace\\employee-identity-portal\\src\\app\\api\\own-cyberark-epm\\details"
2025-11-29T07:20:24.240536Z  INFO get_globs:scan_sources: tailwindcss_oxide::scanner: Discovering "D:\\AI-Workspace\\employee-identity-portal\\src\\app\\api\\own-cyberark-identity"
2025-11-29T07:20:24.240828Z  INFO get_globs:scan_sources: tailwindcss_oxide::scanner: Discovering "D:\\AI-Workspace\\employee-identity-portal\\src\\app\\api\\own-cyberark-identity\\details"
2025-11-29T07:20:24.241266Z  INFO get_globs:scan_sources: tailwindcss_oxide::scanner: Discovering "D:\\AI-Workspace\\employee-identity-portal\\src\\app\\api\\own-ping-access"
2025-11-29T07:20:24.241543Z  INFO get_globs:scan_sources: tailwindcss_oxide::scanner: Discovering "D:\\AI-Workspace\\employee-identity-portal\\src\\app\\api\\own-ping-access\\details"
2025-11-29T07:20:24.241982Z  INFO get_globs:scan_sources: tailwindcss_oxide::scanner: Discovering "D:\\AI-Workspace\\employee-identity-portal\\src\\app\\api\\own-ping-authorize"
2025-11-29T07:20:24.242255Z  INFO get_globs:scan_sources: tailwindcss_oxide::scanner: Discovering "D:\\AI-Workspace\\employee-identity-portal\\src\\app\\api\\own-ping-authorize\\details"
2025-11-29T07:20:24.242673Z  INFO get_globs:scan_sources: tailwindcss_oxide::scanner: Discovering "D:\\AI-Workspace\\employee-identity-portal\\src\\app\\api\\own-ping-intelligence"
2025-11-29T07:20:24.242937Z  INFO get_globs:scan_sources: tailwindcss_oxide::scanner: Discovering "D:\\AI-Workspace\\employee-identity-portal\\src\\app\\api\\own-ping-intelligence\\details"
2025-11-29T07:20:24.243348Z  INFO get_globs:scan_sources: tailwindcss_oxide::scanner: Discovering "D:\\AI-Workspace\\employee-identity-portal\\src\\app\\api\\pd"
2025-11-29T07:20:24.243592Z  INFO get_globs:scan_sources: tailwindcss_oxide::scanner: Discovering "D:\\AI-Workspace\\employee-identity-portal\\src\\app\\api\\pd\\audit"
2025-11-29T07:20:24.243910Z  INFO get_globs:scan_sources: tailwindcss_oxide::scanner: Discovering "D:\\AI-Workspace\\employee-identity-portal\\src\\app\\api\\pd\\groups"
2025-11-29T07:20:24.244241Z  INFO get_globs:scan_sources: tailwindcss_oxide::scanner: Discovering "D:\\AI-Workspace\\employee-identity-portal\\src\\app\\api\\pd\\profile"
2025-11-29T07:20:24.244583Z  INFO get_globs:scan_sources: tailwindcss_oxide::scanner: Discovering "D:\\AI-Workspace\\employee-identity-portal\\src\\app\\api\\pf"
2025-11-29T07:20:24.244844Z  INFO get_globs:scan_sources: tailwindcss_oxide::scanner: Discovering "D:\\AI-Workspace\\employee-identity-portal\\src\\app\\api\\pf\\oidc"
2025-11-29T07:20:24.245193Z  INFO get_globs:scan_sources: tailwindcss_oxide::scanner: Discovering "D:\\AI-Workspace\\employee-identity-portal\\src\\app\\api\\pf\\saml"
2025-11-29T07:20:24.245516Z  INFO get_globs:scan_sources: tailwindcss_oxide::scanner: Discovering "D:\\AI-Workspace\\employee-identity-portal\\src\\app\\api\\pf\\userinfo"
2025-11-29T07:20:24.245854Z  INFO get_globs:scan_sources: tailwindcss_oxide::scanner: Discovering "D:\\AI-Workspace\\employee-identity-portal\\src\\app\\api\\saviynt"
2025-11-29T07:20:24.246107Z  INFO get_globs:scan_sources: tailwindcss_oxide::scanner: Discovering "D:\\AI-Workspace\\employee-identity-portal\\src\\app\\api\\saviynt\\entitlements"
2025-11-29T07:20:24.246443Z  INFO get_globs:scan_sources: tailwindcss_oxide::scanner: Discovering "D:\\AI-Workspace\\employee-identity-portal\\src\\app\\api\\saviynt\\requests"
2025-11-29T07:20:24.246791Z  INFO get_globs:scan_sources: tailwindcss_oxide::scanner: Discovering "D:\\AI-Workspace\\employee-identity-portal\\src\\app\\api\\saviynt\\roles"
2025-11-29T07:20:24.247151Z  INFO get_globs:scan_sources: tailwindcss_oxide::scanner: Discovering "D:\\AI-Workspace\\employee-identity-portal\\src\\app\\api\\search-employee"
2025-11-29T07:20:24.247480Z  INFO get_globs:scan_sources: tailwindcss_oxide::scanner: Discovering "D:\\AI-Workspace\\employee-identity-portal\\src\\app\\api\\search-employee\\[query]"
2025-11-29T07:20:24.247764Z  INFO get_globs:scan_sources: tailwindcss_oxide::scanner: Discovering "D:\\AI-Workspace\\employee-identity-portal\\src\\app\\api\\search-employee\\[query]\\details"
2025-11-29T07:20:24.248225Z  INFO get_globs:scan_sources: tailwindcss_oxide::scanner: Discovering "D:\\AI-Workspace\\employee-identity-portal\\src\\app\\api\\send-email"
2025-11-29T07:20:24.248569Z  INFO get_globs:scan_sources: tailwindcss_oxide::scanner: Discovering "D:\\AI-Workspace\\employee-identity-portal\\src\\app\\api\\snow"
2025-11-29T07:20:24.248834Z  INFO get_globs:scan_sources: tailwindcss_oxide::scanner: Discovering "D:\\AI-Workspace\\employee-identity-portal\\src\\app\\api\\snow\\incidents"
2025-11-29T07:20:24.249203Z  INFO get_globs:scan_sources: tailwindcss_oxide::scanner: Discovering "D:\\AI-Workspace\\employee-identity-portal\\src\\app\\api\\submit-snow-ticket"
2025-11-29T07:20:24.249828Z  INFO get_globs:scan_sources: tailwindcss_oxide::scanner: Discovering "D:\\AI-Workspace\\employee-identity-portal\\src\\components"
2025-11-29T07:20:24.250179Z  INFO get_globs:scan_sources: tailwindcss_oxide::scanner: Discovering "D:\\AI-Workspace\\employee-identity-portal\\src\\components\\dialogs"
2025-11-29T07:20:24.252266Z  INFO get_globs:scan_sources: tailwindcss_oxide::scanner: Discovering "D:\\AI-Workspace\\employee-identity-portal\\src\\components\\sections"
2025-11-29T07:20:24.252879Z  INFO get_globs:scan_sources: tailwindcss_oxide::scanner: Discovering "D:\\AI-Workspace\\employee-identity-portal\\src\\components\\ui"
2025-11-29T07:20:24.256241Z  INFO get_globs:scan_sources: tailwindcss_oxide::scanner: Discovering "D:\\AI-Workspace\\employee-identity-portal\\src\\context"
2025-11-29T07:20:24.256671Z  INFO get_globs:scan_sources: tailwindcss_oxide::scanner: Discovering "D:\\AI-Workspace\\employee-identity-portal\\src\\hooks"
2025-11-29T07:20:24.257828Z  INFO get_globs:scan_sources: tailwindcss_oxide::scanner: Discovering "D:\\AI-Workspace\\employee-identity-portal\\src\\lib"
2025-11-29T07:20:24.258551Z  INFO get_globs:scan_sources: tailwindcss_oxide::scanner: Discovering "D:\\AI-Workspace\\employee-identity-portal\\src\\lib\\hooks"
2025-11-29T07:20:24.259435Z  INFO get_globs:scan_sources: tailwindcss_oxide::scanner: Discovering "D:\\AI-Workspace\\employee-identity-portal\\src\\visual-edits"
2025-11-29T07:20:24.260078Z  INFO get_globs:scan_sources: tailwindcss_oxide::scanner: exit
2025-11-29T07:20:24.292685Z  INFO get_globs: tailwindcss_oxide::scanner: exit
