2025-11-29T07:21:29.954741Z  INFO tailwindcss_oxide::scanner: Provided sources:
2025-11-29T07:21:29.954881Z  INFO tailwindcss_oxide::scanner: Source: PublicSourceEntry { base: "D:\\AI-Workspace\\employee-identity-portal", pattern: "**/*", negated: false }
2025-11-29T07:21:29.955248Z  INFO tailwindcss_oxide::scanner: Optimized sources:
2025-11-29T07:21:29.955275Z  INFO tailwindcss_oxide::scanner: Source: Auto { base: "D:\\AI-Workspace\\employee-identity-portal" }
2025-11-29T07:21:29.964370Z  INFO scan_sources: tailwindcss_oxide::scanner: enter
2025-11-29T07:21:29.967970Z  INFO scan_sources: tailwindcss_oxide::scanner: Discovering "D:\\AI-Workspace\\employee-identity-portal\\.env.example"
2025-11-29T07:21:29.968145Z  INFO scan_sources: tailwindcss_oxide::scanner: Discovering "D:\\AI-Workspace\\employee-identity-portal\\.env.local"
2025-11-29T07:21:29.969043Z  INFO scan_sources: tailwindcss_oxide::scanner: Discovering "D:\\AI-Workspace\\employee-identity-portal\\backend"
2025-11-29T07:21:29.969305Z  INFO scan_sources: tailwindcss_oxide::scanner: Discovering "D:\\AI-Workspace\\employee-identity-portal\\backend\\.env"
2025-11-29T07:21:29.969492Z  INFO scan_sources: tailwindcss_oxide::scanner: Discovering "D:\\AI-Workspace\\employee-identity-portal\\backend\\config"
2025-11-29T07:21:29.969738Z  INFO scan_sources: tailwindcss_oxide::scanner: Discovering "D:\\AI-Workspace\\employee-identity-portal\\backend\\config\\features.json"
2025-11-29T07:21:29.969862Z  INFO scan_sources: tailwindcss_oxide::scanner: Discovering "D:\\AI-Workspace\\employee-identity-portal\\backend\\config\\roles.json"
2025-11-29T07:21:29.970076Z  INFO scan_sources: tailwindcss_oxide::scanner: Discovering "D:\\AI-Workspace\\employee-identity-portal\\backend\\logs"
2025-11-29T07:21:29.970419Z  INFO scan_sources: tailwindcss_oxide::scanner: Discovering "D:\\AI-Workspace\\employee-identity-portal\\backend\\middleware"
2025-11-29T07:21:29.970709Z  INFO scan_sources: tailwindcss_oxide::scanner: Discovering "D:\\AI-Workspace\\employee-identity-portal\\backend\\middleware\\auth.js"
2025-11-29T07:21:29.970832Z  INFO scan_sources: tailwindcss_oxide::scanner: Discovering "D:\\AI-Workspace\\employee-identity-portal\\backend\\middleware\\errorHandler.js"
2025-11-29T07:21:29.970958Z  INFO scan_sources: tailwindcss_oxide::scanner: Discovering "D:\\AI-Workspace\\employee-identity-portal\\backend\\middleware\\index.js"
2025-11-29T07:21:29.971066Z  INFO scan_sources: tailwindcss_oxide::scanner: Discovering "D:\\AI-Workspace\\employee-identity-portal\\backend\\middleware\\requestLogger.js"
2025-11-29T07:21:29.971256Z  INFO scan_sources: tailwindcss_oxide::scanner: Discovering "D:\\AI-Workspace\\employee-identity-portal\\backend\\mocks"
2025-11-29T07:21:29.971508Z  INFO scan_sources: tailwindcss_oxide::scanner: Discovering "D:\\AI-Workspace\\employee-identity-portal\\backend\\mocks\\all-users.json"
2025-11-29T07:21:29.971616Z  INFO scan_sources: tailwindcss_oxide::scanner: Discovering "D:\\AI-Workspace\\employee-identity-portal\\backend\\mocks\\azure-ad-details.json"
2025-11-29T07:21:29.971713Z  INFO scan_sources: tailwindcss_oxide::scanner: Discovering "D:\\AI-Workspace\\employee-identity-portal\\backend\\mocks\\azure-ad-initial.json"
2025-11-29T07:21:29.971813Z  INFO scan_sources: tailwindcss_oxide::scanner: Discovering "D:\\AI-Workspace\\employee-identity-portal\\backend\\mocks\\cyberark-details.json"
2025-11-29T07:21:29.971910Z  INFO scan_sources: tailwindcss_oxide::scanner: Discovering "D:\\AI-Workspace\\employee-identity-portal\\backend\\mocks\\cyberark-initial.json"
2025-11-29T07:21:29.972087Z  INFO scan_sources: tailwindcss_oxide::scanner: Discovering "D:\\AI-Workspace\\employee-identity-portal\\backend\\mocks\\ping-access-details.json"
2025-11-29T07:21:29.972214Z  INFO scan_sources: tailwindcss_oxide::scanner: Discovering "D:\\AI-Workspace\\employee-identity-portal\\backend\\mocks\\ping-access-initial.json"
2025-11-29T07:21:29.972336Z  INFO scan_sources: tailwindcss_oxide::scanner: Discovering "D:\\AI-Workspace\\employee-identity-portal\\backend\\mocks\\ping-access-search.json"
2025-11-29T07:21:29.972569Z  INFO scan_sources: tailwindcss_oxide::scanner: Discovering "D:\\AI-Workspace\\employee-identity-portal\\backend\\mocks\\ping-authorize-details.json"
2025-11-29T07:21:29.972680Z  INFO scan_sources: tailwindcss_oxide::scanner: Discovering "D:\\AI-Workspace\\employee-identity-portal\\backend\\mocks\\ping-authorize-initial.json"
2025-11-29T07:21:29.972781Z  INFO scan_sources: tailwindcss_oxide::scanner: Discovering "D:\\AI-Workspace\\employee-identity-portal\\backend\\mocks\\ping-authorize-search.json"
2025-11-29T07:21:29.972877Z  INFO scan_sources: tailwindcss_oxide::scanner: Discovering "D:\\AI-Workspace\\employee-identity-portal\\backend\\mocks\\ping-directory-details.json"
2025-11-29T07:21:29.973004Z  INFO scan_sources: tailwindcss_oxide::scanner: Discovering "D:\\AI-Workspace\\employee-identity-portal\\backend\\mocks\\ping-directory-initial.json"
2025-11-29T07:21:29.973108Z  INFO scan_sources: tailwindcss_oxide::scanner: Discovering "D:\\AI-Workspace\\employee-identity-portal\\backend\\mocks\\ping-directory-search.json"
2025-11-29T07:21:29.973203Z  INFO scan_sources: tailwindcss_oxide::scanner: Discovering "D:\\AI-Workspace\\employee-identity-portal\\backend\\mocks\\ping-federate-details.json"
2025-11-29T07:21:29.973298Z  INFO scan_sources: tailwindcss_oxide::scanner: Discovering "D:\\AI-Workspace\\employee-identity-portal\\backend\\mocks\\ping-federate-initial.json"
2025-11-29T07:21:29.973393Z  INFO scan_sources: tailwindcss_oxide::scanner: Discovering "D:\\AI-Workspace\\employee-identity-portal\\backend\\mocks\\ping-intelligence-details.json"
2025-11-29T07:21:29.973489Z  INFO scan_sources: tailwindcss_oxide::scanner: Discovering "D:\\AI-Workspace\\employee-identity-portal\\backend\\mocks\\ping-intelligence-initial.json"
2025-11-29T07:21:29.973582Z  INFO scan_sources: tailwindcss_oxide::scanner: Discovering "D:\\AI-Workspace\\employee-identity-portal\\backend\\mocks\\ping-intelligence-search.json"
2025-11-29T07:21:29.973685Z  INFO scan_sources: tailwindcss_oxide::scanner: Discovering "D:\\AI-Workspace\\employee-identity-portal\\backend\\mocks\\ping-mfa-details.json"
2025-11-29T07:21:29.973778Z  INFO scan_sources: tailwindcss_oxide::scanner: Discovering "D:\\AI-Workspace\\employee-identity-portal\\backend\\mocks\\ping-mfa-initial.json"
2025-11-29T07:21:29.973869Z  INFO scan_sources: tailwindcss_oxide::scanner: Discovering "D:\\AI-Workspace\\employee-identity-portal\\backend\\mocks\\ping-mfa-search.json"
2025-11-29T07:21:29.973979Z  INFO scan_sources: tailwindcss_oxide::scanner: Discovering "D:\\AI-Workspace\\employee-identity-portal\\backend\\mocks\\readme.txt"
2025-11-29T07:21:29.974100Z  INFO scan_sources: tailwindcss_oxide::scanner: Discovering "D:\\AI-Workspace\\employee-identity-portal\\backend\\mocks\\saviynt-details.json"
2025-11-29T07:21:29.974200Z  INFO scan_sources: tailwindcss_oxide::scanner: Discovering "D:\\AI-Workspace\\employee-identity-portal\\backend\\mocks\\saviynt-initial.json"
2025-11-29T07:21:29.974291Z  INFO scan_sources: tailwindcss_oxide::scanner: Discovering "D:\\AI-Workspace\\employee-identity-portal\\backend\\mocks\\snow-incidents.json"
2025-11-29T07:21:29.974727Z  INFO scan_sources: tailwindcss_oxide::scanner: Discovering "D:\\AI-Workspace\\employee-identity-portal\\backend\\package.json"
2025-11-29T07:21:29.974910Z  INFO scan_sources: tailwindcss_oxide::scanner: Discovering "D:\\AI-Workspace\\employee-identity-portal\\backend\\routes"
2025-11-29T07:21:29.975153Z  INFO scan_sources: tailwindcss_oxide::scanner: Discovering "D:\\AI-Workspace\\employee-identity-portal\\backend\\routes\\auth.js"
2025-11-29T07:21:29.975248Z  INFO scan_sources: tailwindcss_oxide::scanner: Discovering "D:\\AI-Workspace\\employee-identity-portal\\backend\\routes\\index.js"
2025-11-29T07:21:29.975340Z  INFO scan_sources: tailwindcss_oxide::scanner: Discovering "D:\\AI-Workspace\\employee-identity-portal\\backend\\routes\\search.js"
2025-11-29T07:21:29.975431Z  INFO scan_sources: tailwindcss_oxide::scanner: Discovering "D:\\AI-Workspace\\employee-identity-portal\\backend\\routes\\snow.js"
2025-11-29T07:21:29.975581Z  INFO scan_sources: tailwindcss_oxide::scanner: Discovering "D:\\AI-Workspace\\employee-identity-portal\\backend\\routes\\systems.js"
2025-11-29T07:21:29.975743Z  INFO scan_sources: tailwindcss_oxide::scanner: Discovering "D:\\AI-Workspace\\employee-identity-portal\\backend\\server.js"
2025-11-29T07:21:29.975929Z  INFO scan_sources: tailwindcss_oxide::scanner: Discovering "D:\\AI-Workspace\\employee-identity-portal\\backend\\services"
2025-11-29T07:21:29.976251Z  INFO scan_sources: tailwindcss_oxide::scanner: Discovering "D:\\AI-Workspace\\employee-identity-portal\\backend\\services\\index.js"
2025-11-29T07:21:29.976387Z  INFO scan_sources: tailwindcss_oxide::scanner: Discovering "D:\\AI-Workspace\\employee-identity-portal\\backend\\services\\mockDataService.js"
2025-11-29T07:21:29.976509Z  INFO scan_sources: tailwindcss_oxide::scanner: Discovering "D:\\AI-Workspace\\employee-identity-portal\\backend\\services\\rbacService.js"
2025-11-29T07:21:29.976709Z  INFO scan_sources: tailwindcss_oxide::scanner: Discovering "D:\\AI-Workspace\\employee-identity-portal\\backend\\utils"
2025-11-29T07:21:29.976956Z  INFO scan_sources: tailwindcss_oxide::scanner: Discovering "D:\\AI-Workspace\\employee-identity-portal\\backend\\utils\\logger.js"
2025-11-29T07:21:29.977172Z  INFO scan_sources: tailwindcss_oxide::scanner: Discovering "D:\\AI-Workspace\\employee-identity-portal\\components.json"
2025-11-29T07:21:29.977319Z  INFO scan_sources: tailwindcss_oxide::scanner: Discovering "D:\\AI-Workspace\\employee-identity-portal\\DATA_FLOW.md"
2025-11-29T07:21:29.977455Z  INFO scan_sources: tailwindcss_oxide::scanner: Discovering "D:\\AI-Workspace\\employee-identity-portal\\eslint.config.mjs"
2025-11-29T07:21:29.977604Z  INFO scan_sources: tailwindcss_oxide::scanner: Discovering "D:\\AI-Workspace\\employee-identity-portal\\next.config.ts"
2025-11-29T07:21:29.978855Z  INFO scan_sources: tailwindcss_oxide::scanner: Discovering "D:\\AI-Workspace\\employee-identity-portal\\package.json"
2025-11-29T07:21:29.979003Z  INFO scan_sources: tailwindcss_oxide::scanner: Discovering "D:\\AI-Workspace\\employee-identity-portal\\postcss.config.mjs"
2025-11-29T07:21:29.979170Z  INFO scan_sources: tailwindcss_oxide::scanner: Discovering "D:\\AI-Workspace\\employee-identity-portal\\public"
2025-11-29T07:21:29.979418Z  INFO scan_sources: tailwindcss_oxide::scanner: Discovering "D:\\AI-Workspace\\employee-identity-portal\\public\\file.svg"
2025-11-29T07:21:29.979520Z  INFO scan_sources: tailwindcss_oxide::scanner: Discovering "D:\\AI-Workspace\\employee-identity-portal\\public\\globe.svg"
2025-11-29T07:21:29.979617Z  INFO scan_sources: tailwindcss_oxide::scanner: Discovering "D:\\AI-Workspace\\employee-identity-portal\\public\\next.svg"
2025-11-29T07:21:29.979721Z  INFO scan_sources: tailwindcss_oxide::scanner: Discovering "D:\\AI-Workspace\\employee-identity-portal\\public\\vercel.svg"
2025-11-29T07:21:29.979834Z  INFO scan_sources: tailwindcss_oxide::scanner: Discovering "D:\\AI-Workspace\\employee-identity-portal\\public\\window.svg"
2025-11-29T07:21:29.979966Z  INFO scan_sources: tailwindcss_oxide::scanner: Discovering "D:\\AI-Workspace\\employee-identity-portal\\README.md"
2025-11-29T07:21:29.980063Z  INFO scan_sources: tailwindcss_oxide::scanner: Discovering "D:\\AI-Workspace\\employee-identity-portal\\REFACTORING.md"
2025-11-29T07:21:29.980160Z  INFO scan_sources: tailwindcss_oxide::scanner: Discovering "D:\\AI-Workspace\\employee-identity-portal\\REFACTORING_COMPLETION.md"
2025-11-29T07:21:29.980256Z  INFO scan_sources: tailwindcss_oxide::scanner: Discovering "D:\\AI-Workspace\\employee-identity-portal\\REFACTORING_EXECUTIVE_SUMMARY.md"
2025-11-29T07:21:29.980351Z  INFO scan_sources: tailwindcss_oxide::scanner: Discovering "D:\\AI-Workspace\\employee-identity-portal\\REFACTORING_TECHNICAL_DETAILS.md"
2025-11-29T07:21:29.980502Z  INFO scan_sources: tailwindcss_oxide::scanner: Discovering "D:\\AI-Workspace\\employee-identity-portal\\src"
2025-11-29T07:21:29.980781Z  INFO scan_sources: tailwindcss_oxide::scanner: Discovering "D:\\AI-Workspace\\employee-identity-portal\\src\\app"
2025-11-29T07:21:29.981116Z  INFO scan_sources: tailwindcss_oxide::scanner: Discovering "D:\\AI-Workspace\\employee-identity-portal\\src\\app\\api"
2025-11-29T07:21:29.982758Z  INFO scan_sources: tailwindcss_oxide::scanner: Discovering "D:\\AI-Workspace\\employee-identity-portal\\src\\app\\api\\aad"
2025-11-29T07:21:29.983082Z  INFO scan_sources: tailwindcss_oxide::scanner: Discovering "D:\\AI-Workspace\\employee-identity-portal\\src\\app\\api\\aad\\groups"
2025-11-29T07:21:29.983358Z  INFO scan_sources: tailwindcss_oxide::scanner: Discovering "D:\\AI-Workspace\\employee-identity-portal\\src\\app\\api\\aad\\groups\\route.ts"
2025-11-29T07:21:29.983552Z  INFO scan_sources: tailwindcss_oxide::scanner: Discovering "D:\\AI-Workspace\\employee-identity-portal\\src\\app\\api\\aad\\signins"
2025-11-29T07:21:29.983794Z  INFO scan_sources: tailwindcss_oxide::scanner: Discovering "D:\\AI-Workspace\\employee-identity-portal\\src\\app\\api\\aad\\signins\\route.ts"
2025-11-29T07:21:29.983982Z  INFO scan_sources: tailwindcss_oxide::scanner: Discovering "D:\\AI-Workspace\\employee-identity-portal\\src\\app\\api\\aad\\user"
2025-11-29T07:21:29.984223Z  INFO scan_sources: tailwindcss_oxide::scanner: Discovering "D:\\AI-Workspace\\employee-identity-portal\\src\\app\\api\\aad\\user\\route.ts"
2025-11-29T07:21:29.984446Z  INFO scan_sources: tailwindcss_oxide::scanner: Discovering "D:\\AI-Workspace\\employee-identity-portal\\src\\app\\api\\auth"
2025-11-29T07:21:29.984733Z  INFO scan_sources: tailwindcss_oxide::scanner: Discovering "D:\\AI-Workspace\\employee-identity-portal\\src\\app\\api\\auth\\login"
2025-11-29T07:21:29.984977Z  INFO scan_sources: tailwindcss_oxide::scanner: Discovering "D:\\AI-Workspace\\employee-identity-portal\\src\\app\\api\\auth\\login\\route.ts"
2025-11-29T07:21:29.985200Z  INFO scan_sources: tailwindcss_oxide::scanner: Discovering "D:\\AI-Workspace\\employee-identity-portal\\src\\app\\api\\config"
2025-11-29T07:21:29.986878Z  INFO scan_sources: tailwindcss_oxide::scanner: Discovering "D:\\AI-Workspace\\employee-identity-portal\\src\\app\\api\\config\\features"
2025-11-29T07:21:29.987268Z  INFO scan_sources: tailwindcss_oxide::scanner: Discovering "D:\\AI-Workspace\\employee-identity-portal\\src\\app\\api\\config\\features\\route.ts"
2025-11-29T07:21:29.987503Z  INFO scan_sources: tailwindcss_oxide::scanner: Discovering "D:\\AI-Workspace\\employee-identity-portal\\src\\app\\api\\cyberark"
2025-11-29T07:21:29.987790Z  INFO scan_sources: tailwindcss_oxide::scanner: Discovering "D:\\AI-Workspace\\employee-identity-portal\\src\\app\\api\\cyberark\\accounts"
2025-11-29T07:21:29.988027Z  INFO scan_sources: tailwindcss_oxide::scanner: Discovering "D:\\AI-Workspace\\employee-identity-portal\\src\\app\\api\\cyberark\\accounts\\route.ts"
2025-11-29T07:21:29.988435Z  INFO scan_sources: tailwindcss_oxide::scanner: Discovering "D:\\AI-Workspace\\employee-identity-portal\\src\\app\\api\\cyberark\\activity"
2025-11-29T07:21:29.988901Z  INFO scan_sources: tailwindcss_oxide::scanner: Discovering "D:\\AI-Workspace\\employee-identity-portal\\src\\app\\api\\cyberark\\activity\\route.ts"
2025-11-29T07:21:29.989131Z  INFO scan_sources: tailwindcss_oxide::scanner: Discovering "D:\\AI-Workspace\\employee-identity-portal\\src\\app\\api\\cyberark\\safes"
2025-11-29T07:21:29.989378Z  INFO scan_sources: tailwindcss_oxide::scanner: Discovering "D:\\AI-Workspace\\employee-identity-portal\\src\\app\\api\\cyberark\\safes\\route.ts"
2025-11-29T07:21:29.989587Z  INFO scan_sources: tailwindcss_oxide::scanner: Discovering "D:\\AI-Workspace\\employee-identity-portal\\src\\app\\api\\cyberark-alero"
2025-11-29T07:21:29.989871Z  INFO scan_sources: tailwindcss_oxide::scanner: Discovering "D:\\AI-Workspace\\employee-identity-portal\\src\\app\\api\\cyberark-alero\\recordings"
2025-11-29T07:21:29.990105Z  INFO scan_sources: tailwindcss_oxide::scanner: Discovering "D:\\AI-Workspace\\employee-identity-portal\\src\\app\\api\\cyberark-alero\\recordings\\route.ts"
2025-11-29T07:21:29.990284Z  INFO scan_sources: tailwindcss_oxide::scanner: Discovering "D:\\AI-Workspace\\employee-identity-portal\\src\\app\\api\\cyberark-alero\\sessions"
2025-11-29T07:21:29.990525Z  INFO scan_sources: tailwindcss_oxide::scanner: Discovering "D:\\AI-Workspace\\employee-identity-portal\\src\\app\\api\\cyberark-alero\\sessions\\route.ts"
2025-11-29T07:21:29.990713Z  INFO scan_sources: tailwindcss_oxide::scanner: Discovering "D:\\AI-Workspace\\employee-identity-portal\\src\\app\\api\\cyberark-alero\\targets"
2025-11-29T07:21:29.990949Z  INFO scan_sources: tailwindcss_oxide::scanner: Discovering "D:\\AI-Workspace\\employee-identity-portal\\src\\app\\api\\cyberark-alero\\targets\\route.ts"
2025-11-29T07:21:29.991151Z  INFO scan_sources: tailwindcss_oxide::scanner: Discovering "D:\\AI-Workspace\\employee-identity-portal\\src\\app\\api\\cyberark-conjur"
2025-11-29T07:21:29.991424Z  INFO scan_sources: tailwindcss_oxide::scanner: Discovering "D:\\AI-Workspace\\employee-identity-portal\\src\\app\\api\\cyberark-conjur\\rotation"
2025-11-29T07:21:29.991656Z  INFO scan_sources: tailwindcss_oxide::scanner: Discovering "D:\\AI-Workspace\\employee-identity-portal\\src\\app\\api\\cyberark-conjur\\rotation\\route.ts"
2025-11-29T07:21:29.991834Z  INFO scan_sources: tailwindcss_oxide::scanner: Discovering "D:\\AI-Workspace\\employee-identity-portal\\src\\app\\api\\cyberark-conjur\\secrets"
2025-11-29T07:21:29.992063Z  INFO scan_sources: tailwindcss_oxide::scanner: Discovering "D:\\AI-Workspace\\employee-identity-portal\\src\\app\\api\\cyberark-conjur\\secrets\\route.ts"
2025-11-29T07:21:29.992240Z  INFO scan_sources: tailwindcss_oxide::scanner: Discovering "D:\\AI-Workspace\\employee-identity-portal\\src\\app\\api\\cyberark-conjur\\vaults"
2025-11-29T07:21:29.992478Z  INFO scan_sources: tailwindcss_oxide::scanner: Discovering "D:\\AI-Workspace\\employee-identity-portal\\src\\app\\api\\cyberark-conjur\\vaults\\route.ts"
2025-11-29T07:21:29.992676Z  INFO scan_sources: tailwindcss_oxide::scanner: Discovering "D:\\AI-Workspace\\employee-identity-portal\\src\\app\\api\\cyberark-dpa"
2025-11-29T07:21:29.992955Z  INFO scan_sources: tailwindcss_oxide::scanner: Discovering "D:\\AI-Workspace\\employee-identity-portal\\src\\app\\api\\cyberark-dpa\\authorizations"
2025-11-29T07:21:29.993235Z  INFO scan_sources: tailwindcss_oxide::scanner: Discovering "D:\\AI-Workspace\\employee-identity-portal\\src\\app\\api\\cyberark-dpa\\authorizations\\route.ts"
2025-11-29T07:21:29.993570Z  INFO scan_sources: tailwindcss_oxide::scanner: Discovering "D:\\AI-Workspace\\employee-identity-portal\\src\\app\\api\\cyberark-dpa\\policies"
2025-11-29T07:21:29.993893Z  INFO scan_sources: tailwindcss_oxide::scanner: Discovering "D:\\AI-Workspace\\employee-identity-portal\\src\\app\\api\\cyberark-dpa\\policies\\route.ts"
2025-11-29T07:21:29.994078Z  INFO scan_sources: tailwindcss_oxide::scanner: Discovering "D:\\AI-Workspace\\employee-identity-portal\\src\\app\\api\\cyberark-dpa\\risk-assessment"
2025-11-29T07:21:29.994308Z  INFO scan_sources: tailwindcss_oxide::scanner: Discovering "D:\\AI-Workspace\\employee-identity-portal\\src\\app\\api\\cyberark-dpa\\risk-assessment\\route.ts"
2025-11-29T07:21:29.995232Z  INFO scan_sources: tailwindcss_oxide::scanner: Discovering "D:\\AI-Workspace\\employee-identity-portal\\src\\app\\api\\cyberark-epm"
2025-11-29T07:21:29.995672Z  INFO scan_sources: tailwindcss_oxide::scanner: Discovering "D:\\AI-Workspace\\employee-identity-portal\\src\\app\\api\\cyberark-epm\\applications"
2025-11-29T07:21:29.996169Z  INFO scan_sources: tailwindcss_oxide::scanner: Discovering "D:\\AI-Workspace\\employee-identity-portal\\src\\app\\api\\cyberark-epm\\applications\\route.ts"
2025-11-29T07:21:29.996620Z  INFO scan_sources: tailwindcss_oxide::scanner: Discovering "D:\\AI-Workspace\\employee-identity-portal\\src\\app\\api\\cyberark-epm\\elevation-history"
2025-11-29T07:21:29.997283Z  INFO scan_sources: tailwindcss_oxide::scanner: Discovering "D:\\AI-Workspace\\employee-identity-portal\\src\\app\\api\\cyberark-epm\\elevation-history\\route.ts"
2025-11-29T07:21:29.997871Z  INFO scan_sources: tailwindcss_oxide::scanner: Discovering "D:\\AI-Workspace\\employee-identity-portal\\src\\app\\api\\cyberark-epm\\policies"
2025-11-29T07:21:29.998554Z  INFO scan_sources: tailwindcss_oxide::scanner: Discovering "D:\\AI-Workspace\\employee-identity-portal\\src\\app\\api\\cyberark-epm\\policies\\route.ts"
2025-11-29T07:21:29.998758Z  INFO scan_sources: tailwindcss_oxide::scanner: Discovering "D:\\AI-Workspace\\employee-identity-portal\\src\\app\\api\\cyberark-identity"
2025-11-29T07:21:29.998991Z  INFO scan_sources: tailwindcss_oxide::scanner: Discovering "D:\\AI-Workspace\\employee-identity-portal\\src\\app\\api\\cyberark-identity\\devices"
2025-11-29T07:21:29.999172Z  INFO scan_sources: tailwindcss_oxide::scanner: Discovering "D:\\AI-Workspace\\employee-identity-portal\\src\\app\\api\\cyberark-identity\\devices\\route.ts"
2025-11-29T07:21:29.999309Z  INFO scan_sources: tailwindcss_oxide::scanner: Discovering "D:\\AI-Workspace\\employee-identity-portal\\src\\app\\api\\cyberark-identity\\login-history"
2025-11-29T07:21:29.999492Z  INFO scan_sources: tailwindcss_oxide::scanner: Discovering "D:\\AI-Workspace\\employee-identity-portal\\src\\app\\api\\cyberark-identity\\login-history\\route.ts"
2025-11-29T07:21:29.999622Z  INFO scan_sources: tailwindcss_oxide::scanner: Discovering "D:\\AI-Workspace\\employee-identity-portal\\src\\app\\api\\cyberark-identity\\sso-apps"
2025-11-29T07:21:29.999786Z  INFO scan_sources: tailwindcss_oxide::scanner: Discovering "D:\\AI-Workspace\\employee-identity-portal\\src\\app\\api\\cyberark-identity\\sso-apps\\route.ts"
2025-11-29T07:21:29.999935Z  INFO scan_sources: tailwindcss_oxide::scanner: Discovering "D:\\AI-Workspace\\employee-identity-portal\\src\\app\\api\\mfa"
2025-11-29T07:21:30.000130Z  INFO scan_sources: tailwindcss_oxide::scanner: Discovering "D:\\AI-Workspace\\employee-identity-portal\\src\\app\\api\\mfa\\devices"
2025-11-29T07:21:30.000292Z  INFO scan_sources: tailwindcss_oxide::scanner: Discovering "D:\\AI-Workspace\\employee-identity-portal\\src\\app\\api\\mfa\\devices\\route.ts"
2025-11-29T07:21:30.000423Z  INFO scan_sources: tailwindcss_oxide::scanner: Discovering "D:\\AI-Workspace\\employee-identity-portal\\src\\app\\api\\mfa\\events"
2025-11-29T07:21:30.000583Z  INFO scan_sources: tailwindcss_oxide::scanner: Discovering "D:\\AI-Workspace\\employee-identity-portal\\src\\app\\api\\mfa\\events\\route.ts"
2025-11-29T07:21:30.000711Z  INFO scan_sources: tailwindcss_oxide::scanner: Discovering "D:\\AI-Workspace\\employee-identity-portal\\src\\app\\api\\mfa\\status"
2025-11-29T07:21:30.000870Z  INFO scan_sources: tailwindcss_oxide::scanner: Discovering "D:\\AI-Workspace\\employee-identity-portal\\src\\app\\api\\mfa\\status\\route.ts"
2025-11-29T07:21:30.001019Z  INFO scan_sources: tailwindcss_oxide::scanner: Discovering "D:\\AI-Workspace\\employee-identity-portal\\src\\app\\api\\own-cyberark-alero"
2025-11-29T07:21:30.001210Z  INFO scan_sources: tailwindcss_oxide::scanner: Discovering "D:\\AI-Workspace\\employee-identity-portal\\src\\app\\api\\own-cyberark-alero\\details"
2025-11-29T07:21:30.001370Z  INFO scan_sources: tailwindcss_oxide::scanner: Discovering "D:\\AI-Workspace\\employee-identity-portal\\src\\app\\api\\own-cyberark-alero\\details\\route.ts"
2025-11-29T07:21:30.001462Z  INFO scan_sources: tailwindcss_oxide::scanner: Discovering "D:\\AI-Workspace\\employee-identity-portal\\src\\app\\api\\own-cyberark-alero\\route.ts"
2025-11-29T07:21:30.001591Z  INFO scan_sources: tailwindcss_oxide::scanner: Discovering "D:\\AI-Workspace\\employee-identity-portal\\src\\app\\api\\own-cyberark-conjur"
2025-11-29T07:21:30.001784Z  INFO scan_sources: tailwindcss_oxide::scanner: Discovering "D:\\AI-Workspace\\employee-identity-portal\\src\\app\\api\\own-cyberark-conjur\\details"
2025-11-29T07:21:30.001944Z  INFO scan_sources: tailwindcss_oxide::scanner: Discovering "D:\\AI-Workspace\\employee-identity-portal\\src\\app\\api\\own-cyberark-conjur\\details\\route.ts"
2025-11-29T07:21:30.002036Z  INFO scan_sources: tailwindcss_oxide::scanner: Discovering "D:\\AI-Workspace\\employee-identity-portal\\src\\app\\api\\own-cyberark-conjur\\route.ts"
2025-11-29T07:21:30.002173Z  INFO scan_sources: tailwindcss_oxide::scanner: Discovering "D:\\AI-Workspace\\employee-identity-portal\\src\\app\\api\\own-cyberark-dpa"
2025-11-29T07:21:30.002367Z  INFO scan_sources: tailwindcss_oxide::scanner: Discovering "D:\\AI-Workspace\\employee-identity-portal\\src\\app\\api\\own-cyberark-dpa\\details"
2025-11-29T07:21:30.002530Z  INFO scan_sources: tailwindcss_oxide::scanner: Discovering "D:\\AI-Workspace\\employee-identity-portal\\src\\app\\api\\own-cyberark-dpa\\details\\route.ts"
2025-11-29T07:21:30.002621Z  INFO scan_sources: tailwindcss_oxide::scanner: Discovering "D:\\AI-Workspace\\employee-identity-portal\\src\\app\\api\\own-cyberark-dpa\\route.ts"
2025-11-29T07:21:30.002750Z  INFO scan_sources: tailwindcss_oxide::scanner: Discovering "D:\\AI-Workspace\\employee-identity-portal\\src\\app\\api\\own-cyberark-epm"
2025-11-29T07:21:30.002941Z  INFO scan_sources: tailwindcss_oxide::scanner: Discovering "D:\\AI-Workspace\\employee-identity-portal\\src\\app\\api\\own-cyberark-epm\\details"
2025-11-29T07:21:30.003099Z  INFO scan_sources: tailwindcss_oxide::scanner: Discovering "D:\\AI-Workspace\\employee-identity-portal\\src\\app\\api\\own-cyberark-epm\\details\\route.ts"
2025-11-29T07:21:30.003195Z  INFO scan_sources: tailwindcss_oxide::scanner: Discovering "D:\\AI-Workspace\\employee-identity-portal\\src\\app\\api\\own-cyberark-epm\\route.ts"
2025-11-29T07:21:30.003323Z  INFO scan_sources: tailwindcss_oxide::scanner: Discovering "D:\\AI-Workspace\\employee-identity-portal\\src\\app\\api\\own-cyberark-identity"
2025-11-29T07:21:30.003515Z  INFO scan_sources: tailwindcss_oxide::scanner: Discovering "D:\\AI-Workspace\\employee-identity-portal\\src\\app\\api\\own-cyberark-identity\\details"
2025-11-29T07:21:30.003674Z  INFO scan_sources: tailwindcss_oxide::scanner: Discovering "D:\\AI-Workspace\\employee-identity-portal\\src\\app\\api\\own-cyberark-identity\\details\\route.ts"
2025-11-29T07:21:30.003767Z  INFO scan_sources: tailwindcss_oxide::scanner: Discovering "D:\\AI-Workspace\\employee-identity-portal\\src\\app\\api\\own-cyberark-identity\\route.ts"
2025-11-29T07:21:30.003895Z  INFO scan_sources: tailwindcss_oxide::scanner: Discovering "D:\\AI-Workspace\\employee-identity-portal\\src\\app\\api\\own-ping-access"
2025-11-29T07:21:30.004090Z  INFO scan_sources: tailwindcss_oxide::scanner: Discovering "D:\\AI-Workspace\\employee-identity-portal\\src\\app\\api\\own-ping-access\\details"
2025-11-29T07:21:30.004250Z  INFO scan_sources: tailwindcss_oxide::scanner: Discovering "D:\\AI-Workspace\\employee-identity-portal\\src\\app\\api\\own-ping-access\\details\\route.ts"
2025-11-29T07:21:30.004341Z  INFO scan_sources: tailwindcss_oxide::scanner: Discovering "D:\\AI-Workspace\\employee-identity-portal\\src\\app\\api\\own-ping-access\\route.ts"
2025-11-29T07:21:30.004470Z  INFO scan_sources: tailwindcss_oxide::scanner: Discovering "D:\\AI-Workspace\\employee-identity-portal\\src\\app\\api\\own-ping-authorize"
2025-11-29T07:21:30.004660Z  INFO scan_sources: tailwindcss_oxide::scanner: Discovering "D:\\AI-Workspace\\employee-identity-portal\\src\\app\\api\\own-ping-authorize\\details"
2025-11-29T07:21:30.004819Z  INFO scan_sources: tailwindcss_oxide::scanner: Discovering "D:\\AI-Workspace\\employee-identity-portal\\src\\app\\api\\own-ping-authorize\\details\\route.ts"
2025-11-29T07:21:30.004909Z  INFO scan_sources: tailwindcss_oxide::scanner: Discovering "D:\\AI-Workspace\\employee-identity-portal\\src\\app\\api\\own-ping-authorize\\route.ts"
2025-11-29T07:21:30.005036Z  INFO scan_sources: tailwindcss_oxide::scanner: Discovering "D:\\AI-Workspace\\employee-identity-portal\\src\\app\\api\\own-ping-intelligence"
2025-11-29T07:21:30.005229Z  INFO scan_sources: tailwindcss_oxide::scanner: Discovering "D:\\AI-Workspace\\employee-identity-portal\\src\\app\\api\\own-ping-intelligence\\details"
2025-11-29T07:21:30.005390Z  INFO scan_sources: tailwindcss_oxide::scanner: Discovering "D:\\AI-Workspace\\employee-identity-portal\\src\\app\\api\\own-ping-intelligence\\details\\route.ts"
2025-11-29T07:21:30.005486Z  INFO scan_sources: tailwindcss_oxide::scanner: Discovering "D:\\AI-Workspace\\employee-identity-portal\\src\\app\\api\\own-ping-intelligence\\route.ts"
2025-11-29T07:21:30.005630Z  INFO scan_sources: tailwindcss_oxide::scanner: Discovering "D:\\AI-Workspace\\employee-identity-portal\\src\\app\\api\\pd"
2025-11-29T07:21:30.005833Z  INFO scan_sources: tailwindcss_oxide::scanner: Discovering "D:\\AI-Workspace\\employee-identity-portal\\src\\app\\api\\pd\\audit"
2025-11-29T07:21:30.005992Z  INFO scan_sources: tailwindcss_oxide::scanner: Discovering "D:\\AI-Workspace\\employee-identity-portal\\src\\app\\api\\pd\\audit\\route.ts"
2025-11-29T07:21:30.006127Z  INFO scan_sources: tailwindcss_oxide::scanner: Discovering "D:\\AI-Workspace\\employee-identity-portal\\src\\app\\api\\pd\\groups"
2025-11-29T07:21:30.006287Z  INFO scan_sources: tailwindcss_oxide::scanner: Discovering "D:\\AI-Workspace\\employee-identity-portal\\src\\app\\api\\pd\\groups\\route.ts"
2025-11-29T07:21:30.006418Z  INFO scan_sources: tailwindcss_oxide::scanner: Discovering "D:\\AI-Workspace\\employee-identity-portal\\src\\app\\api\\pd\\profile"
2025-11-29T07:21:30.006580Z  INFO scan_sources: tailwindcss_oxide::scanner: Discovering "D:\\AI-Workspace\\employee-identity-portal\\src\\app\\api\\pd\\profile\\route.ts"
2025-11-29T07:21:30.006726Z  INFO scan_sources: tailwindcss_oxide::scanner: Discovering "D:\\AI-Workspace\\employee-identity-portal\\src\\app\\api\\pf"
2025-11-29T07:21:30.006916Z  INFO scan_sources: tailwindcss_oxide::scanner: Discovering "D:\\AI-Workspace\\employee-identity-portal\\src\\app\\api\\pf\\oidc"
2025-11-29T07:21:30.007073Z  INFO scan_sources: tailwindcss_oxide::scanner: Discovering "D:\\AI-Workspace\\employee-identity-portal\\src\\app\\api\\pf\\oidc\\route.ts"
2025-11-29T07:21:30.007199Z  INFO scan_sources: tailwindcss_oxide::scanner: Discovering "D:\\AI-Workspace\\employee-identity-portal\\src\\app\\api\\pf\\saml"
2025-11-29T07:21:30.007358Z  INFO scan_sources: tailwindcss_oxide::scanner: Discovering "D:\\AI-Workspace\\employee-identity-portal\\src\\app\\api\\pf\\saml\\route.ts"
2025-11-29T07:21:30.007489Z  INFO scan_sources: tailwindcss_oxide::scanner: Discovering "D:\\AI-Workspace\\employee-identity-portal\\src\\app\\api\\pf\\userinfo"
2025-11-29T07:21:30.007647Z  INFO scan_sources: tailwindcss_oxide::scanner: Discovering "D:\\AI-Workspace\\employee-identity-portal\\src\\app\\api\\pf\\userinfo\\route.ts"
2025-11-29T07:21:30.007793Z  INFO scan_sources: tailwindcss_oxide::scanner: Discovering "D:\\AI-Workspace\\employee-identity-portal\\src\\app\\api\\saviynt"
2025-11-29T07:21:30.007983Z  INFO scan_sources: tailwindcss_oxide::scanner: Discovering "D:\\AI-Workspace\\employee-identity-portal\\src\\app\\api\\saviynt\\entitlements"
2025-11-29T07:21:30.008142Z  INFO scan_sources: tailwindcss_oxide::scanner: Discovering "D:\\AI-Workspace\\employee-identity-portal\\src\\app\\api\\saviynt\\entitlements\\route.ts"
2025-11-29T07:21:30.008270Z  INFO scan_sources: tailwindcss_oxide::scanner: Discovering "D:\\AI-Workspace\\employee-identity-portal\\src\\app\\api\\saviynt\\requests"
2025-11-29T07:21:30.008430Z  INFO scan_sources: tailwindcss_oxide::scanner: Discovering "D:\\AI-Workspace\\employee-identity-portal\\src\\app\\api\\saviynt\\requests\\route.ts"
2025-11-29T07:21:30.008557Z  INFO scan_sources: tailwindcss_oxide::scanner: Discovering "D:\\AI-Workspace\\employee-identity-portal\\src\\app\\api\\saviynt\\roles"
2025-11-29T07:21:30.008734Z  INFO scan_sources: tailwindcss_oxide::scanner: Discovering "D:\\AI-Workspace\\employee-identity-portal\\src\\app\\api\\saviynt\\roles\\route.ts"
2025-11-29T07:21:30.008881Z  INFO scan_sources: tailwindcss_oxide::scanner: Discovering "D:\\AI-Workspace\\employee-identity-portal\\src\\app\\api\\search-employee"
2025-11-29T07:21:30.009037Z  INFO scan_sources: tailwindcss_oxide::scanner: Discovering "D:\\AI-Workspace\\employee-identity-portal\\src\\app\\api\\search-employee\\route.ts"
2025-11-29T07:21:30.009148Z  INFO scan_sources: tailwindcss_oxide::scanner: Discovering "D:\\AI-Workspace\\employee-identity-portal\\src\\app\\api\\search-employee\\[query]"
2025-11-29T07:21:30.009395Z  INFO scan_sources: tailwindcss_oxide::scanner: Discovering "D:\\AI-Workspace\\employee-identity-portal\\src\\app\\api\\search-employee\\[query]\\details"
2025-11-29T07:21:30.009555Z  INFO scan_sources: tailwindcss_oxide::scanner: Discovering "D:\\AI-Workspace\\employee-identity-portal\\src\\app\\api\\search-employee\\[query]\\details\\route.ts"
2025-11-29T07:21:30.009647Z  INFO scan_sources: tailwindcss_oxide::scanner: Discovering "D:\\AI-Workspace\\employee-identity-portal\\src\\app\\api\\search-employee\\[query]\\route.ts"
2025-11-29T07:21:30.009793Z  INFO scan_sources: tailwindcss_oxide::scanner: Discovering "D:\\AI-Workspace\\employee-identity-portal\\src\\app\\api\\send-email"
2025-11-29T07:21:30.009948Z  INFO scan_sources: tailwindcss_oxide::scanner: Discovering "D:\\AI-Workspace\\employee-identity-portal\\src\\app\\api\\send-email\\route.ts"
2025-11-29T07:21:30.010075Z  INFO scan_sources: tailwindcss_oxide::scanner: Discovering "D:\\AI-Workspace\\employee-identity-portal\\src\\app\\api\\snow"
2025-11-29T07:21:30.010264Z  INFO scan_sources: tailwindcss_oxide::scanner: Discovering "D:\\AI-Workspace\\employee-identity-portal\\src\\app\\api\\snow\\incidents"
2025-11-29T07:21:30.010423Z  INFO scan_sources: tailwindcss_oxide::scanner: Discovering "D:\\AI-Workspace\\employee-identity-portal\\src\\app\\api\\snow\\incidents\\route.ts"
2025-11-29T07:21:30.010569Z  INFO scan_sources: tailwindcss_oxide::scanner: Discovering "D:\\AI-Workspace\\employee-identity-portal\\src\\app\\api\\submit-snow-ticket"
2025-11-29T07:21:30.010723Z  INFO scan_sources: tailwindcss_oxide::scanner: Discovering "D:\\AI-Workspace\\employee-identity-portal\\src\\app\\api\\submit-snow-ticket\\route.ts"
2025-11-29T07:21:30.010845Z  INFO scan_sources: tailwindcss_oxide::scanner: Discovering "D:\\AI-Workspace\\employee-identity-portal\\src\\app\\global-error.tsx"
2025-11-29T07:21:30.010918Z  INFO scan_sources: tailwindcss_oxide::scanner: Discovering "D:\\AI-Workspace\\employee-identity-portal\\src\\app\\globals.css"
2025-11-29T07:21:30.010990Z  INFO scan_sources: tailwindcss_oxide::scanner: Discovering "D:\\AI-Workspace\\employee-identity-portal\\src\\app\\layout.tsx"
2025-11-29T07:21:30.012533Z  INFO scan_sources: tailwindcss_oxide::scanner: Discovering "D:\\AI-Workspace\\employee-identity-portal\\src\\app\\page.tsx"
2025-11-29T07:21:30.012834Z  INFO scan_sources: tailwindcss_oxide::scanner: Discovering "D:\\AI-Workspace\\employee-identity-portal\\src\\components"
2025-11-29T07:21:30.013741Z  INFO scan_sources: tailwindcss_oxide::scanner: Discovering "D:\\AI-Workspace\\employee-identity-portal\\src\\components\\dialogs"
2025-11-29T07:21:30.014358Z  INFO scan_sources: tailwindcss_oxide::scanner: Discovering "D:\\AI-Workspace\\employee-identity-portal\\src\\components\\dialogs\\EducateGuideDialog.tsx"
2025-11-29T07:21:30.014477Z  INFO scan_sources: tailwindcss_oxide::scanner: Discovering "D:\\AI-Workspace\\employee-identity-portal\\src\\components\\dialogs\\PfOpsDialog.tsx"
2025-11-29T07:21:30.014579Z  INFO scan_sources: tailwindcss_oxide::scanner: Discovering "D:\\AI-Workspace\\employee-identity-portal\\src\\components\\dialogs\\SettingsDialog.tsx"
2025-11-29T07:21:30.014679Z  INFO scan_sources: tailwindcss_oxide::scanner: Discovering "D:\\AI-Workspace\\employee-identity-portal\\src\\components\\dialogs\\SnowIncidentsDialog.tsx"
2025-11-29T07:21:30.014822Z  INFO scan_sources: tailwindcss_oxide::scanner: Discovering "D:\\AI-Workspace\\employee-identity-portal\\src\\components\\ErrorReporter.tsx"
2025-11-29T07:21:30.014920Z  INFO scan_sources: tailwindcss_oxide::scanner: Discovering "D:\\AI-Workspace\\employee-identity-portal\\src\\components\\Header.tsx"
2025-11-29T07:21:30.015020Z  INFO scan_sources: tailwindcss_oxide::scanner: Discovering "D:\\AI-Workspace\\employee-identity-portal\\src\\components\\layout-index.ts"
2025-11-29T07:21:30.015123Z  INFO scan_sources: tailwindcss_oxide::scanner: Discovering "D:\\AI-Workspace\\employee-identity-portal\\src\\components\\LoginForm.tsx"
2025-11-29T07:21:30.015296Z  INFO scan_sources: tailwindcss_oxide::scanner: Discovering "D:\\AI-Workspace\\employee-identity-portal\\src\\components\\MainContent.tsx"
2025-11-29T07:21:30.015398Z  INFO scan_sources: tailwindcss_oxide::scanner: Discovering "D:\\AI-Workspace\\employee-identity-portal\\src\\components\\RecentFailuresPanel.tsx"
2025-11-29T07:21:30.015556Z  INFO scan_sources: tailwindcss_oxide::scanner: Discovering "D:\\AI-Workspace\\employee-identity-portal\\src\\components\\sections"
2025-11-29T07:21:30.015802Z  INFO scan_sources: tailwindcss_oxide::scanner: Discovering "D:\\AI-Workspace\\employee-identity-portal\\src\\components\\sections\\DialogsSection.tsx"
2025-11-29T07:21:30.015905Z  INFO scan_sources: tailwindcss_oxide::scanner: Discovering "D:\\AI-Workspace\\employee-identity-portal\\src\\components\\sections\\QuickActionsCard.tsx"
2025-11-29T07:21:30.016003Z  INFO scan_sources: tailwindcss_oxide::scanner: Discovering "D:\\AI-Workspace\\employee-identity-portal\\src\\components\\sections\\SearchSection.tsx"
2025-11-29T07:21:30.016131Z  INFO scan_sources: tailwindcss_oxide::scanner: Discovering "D:\\AI-Workspace\\employee-identity-portal\\src\\components\\SystemCard.tsx"
2025-11-29T07:21:30.016228Z  INFO scan_sources: tailwindcss_oxide::scanner: Discovering "D:\\AI-Workspace\\employee-identity-portal\\src\\components\\SystemCardsGrid.tsx"
2025-11-29T07:21:30.016380Z  INFO scan_sources: tailwindcss_oxide::scanner: Discovering "D:\\AI-Workspace\\employee-identity-portal\\src\\components\\ui"
2025-11-29T07:21:30.016635Z  INFO scan_sources: tailwindcss_oxide::scanner: Discovering "D:\\AI-Workspace\\employee-identity-portal\\src\\components\\ui\\accordion.tsx"
2025-11-29T07:21:30.016735Z  INFO scan_sources: tailwindcss_oxide::scanner: Discovering "D:\\AI-Workspace\\employee-identity-portal\\src\\components\\ui\\alert-dialog.tsx"
2025-11-29T07:21:30.016832Z  INFO scan_sources: tailwindcss_oxide::scanner: Discovering "D:\\AI-Workspace\\employee-identity-portal\\src\\components\\ui\\alert.tsx"
2025-11-29T07:21:30.016928Z  INFO scan_sources: tailwindcss_oxide::scanner: Discovering "D:\\AI-Workspace\\employee-identity-portal\\src\\components\\ui\\aspect-ratio.tsx"
2025-11-29T07:21:30.017024Z  INFO scan_sources: tailwindcss_oxide::scanner: Discovering "D:\\AI-Workspace\\employee-identity-portal\\src\\components\\ui\\avatar.tsx"
2025-11-29T07:21:30.017125Z  INFO scan_sources: tailwindcss_oxide::scanner: Discovering "D:\\AI-Workspace\\employee-identity-portal\\src\\components\\ui\\background-boxes.tsx"
2025-11-29T07:21:30.017223Z  INFO scan_sources: tailwindcss_oxide::scanner: Discovering "D:\\AI-Workspace\\employee-identity-portal\\src\\components\\ui\\badge.tsx"
2025-11-29T07:21:30.017331Z  INFO scan_sources: tailwindcss_oxide::scanner: Discovering "D:\\AI-Workspace\\employee-identity-portal\\src\\components\\ui\\breadcrumb.tsx"
2025-11-29T07:21:30.017428Z  INFO scan_sources: tailwindcss_oxide::scanner: Discovering "D:\\AI-Workspace\\employee-identity-portal\\src\\components\\ui\\button.tsx"
2025-11-29T07:21:30.017523Z  INFO scan_sources: tailwindcss_oxide::scanner: Discovering "D:\\AI-Workspace\\employee-identity-portal\\src\\components\\ui\\calendar.tsx"
2025-11-29T07:21:30.017619Z  INFO scan_sources: tailwindcss_oxide::scanner: Discovering "D:\\AI-Workspace\\employee-identity-portal\\src\\components\\ui\\card.tsx"
2025-11-29T07:21:30.017715Z  INFO scan_sources: tailwindcss_oxide::scanner: Discovering "D:\\AI-Workspace\\employee-identity-portal\\src\\components\\ui\\carousel.tsx"
2025-11-29T07:21:30.017811Z  INFO scan_sources: tailwindcss_oxide::scanner: Discovering "D:\\AI-Workspace\\employee-identity-portal\\src\\components\\ui\\chart.tsx"
2025-11-29T07:21:30.017907Z  INFO scan_sources: tailwindcss_oxide::scanner: Discovering "D:\\AI-Workspace\\employee-identity-portal\\src\\components\\ui\\checkbox.tsx"
2025-11-29T07:21:30.018003Z  INFO scan_sources: tailwindcss_oxide::scanner: Discovering "D:\\AI-Workspace\\employee-identity-portal\\src\\components\\ui\\collapsible.tsx"
2025-11-29T07:21:30.018102Z  INFO scan_sources: tailwindcss_oxide::scanner: Discovering "D:\\AI-Workspace\\employee-identity-portal\\src\\components\\ui\\command.tsx"
2025-11-29T07:21:30.018204Z  INFO scan_sources: tailwindcss_oxide::scanner: Discovering "D:\\AI-Workspace\\employee-identity-portal\\src\\components\\ui\\ComponentSeparator.tsx"
2025-11-29T07:21:30.018319Z  INFO scan_sources: tailwindcss_oxide::scanner: Discovering "D:\\AI-Workspace\\employee-identity-portal\\src\\components\\ui\\container-scroll-animation.tsx"
2025-11-29T07:21:30.018427Z  INFO scan_sources: tailwindcss_oxide::scanner: Discovering "D:\\AI-Workspace\\employee-identity-portal\\src\\components\\ui\\context-menu.tsx"
2025-11-29T07:21:30.018529Z  INFO scan_sources: tailwindcss_oxide::scanner: Discovering "D:\\AI-Workspace\\employee-identity-portal\\src\\components\\ui\\dialog.tsx"
2025-11-29T07:21:30.018628Z  INFO scan_sources: tailwindcss_oxide::scanner: Discovering "D:\\AI-Workspace\\employee-identity-portal\\src\\components\\ui\\drawer.tsx"
2025-11-29T07:21:30.018734Z  INFO scan_sources: tailwindcss_oxide::scanner: Discovering "D:\\AI-Workspace\\employee-identity-portal\\src\\components\\ui\\dropdown-menu.tsx"
2025-11-29T07:21:30.018834Z  INFO scan_sources: tailwindcss_oxide::scanner: Discovering "D:\\AI-Workspace\\employee-identity-portal\\src\\components\\ui\\form.tsx"
2025-11-29T07:21:30.018941Z  INFO scan_sources: tailwindcss_oxide::scanner: Discovering "D:\\AI-Workspace\\employee-identity-portal\\src\\components\\ui\\hover-card.tsx"
2025-11-29T07:21:30.019044Z  INFO scan_sources: tailwindcss_oxide::scanner: Discovering "D:\\AI-Workspace\\employee-identity-portal\\src\\components\\ui\\input-otp.tsx"
2025-11-29T07:21:30.019148Z  INFO scan_sources: tailwindcss_oxide::scanner: Discovering "D:\\AI-Workspace\\employee-identity-portal\\src\\components\\ui\\input.tsx"
2025-11-29T07:21:30.019256Z  INFO scan_sources: tailwindcss_oxide::scanner: Discovering "D:\\AI-Workspace\\employee-identity-portal\\src\\components\\ui\\label.tsx"
2025-11-29T07:21:30.019364Z  INFO scan_sources: tailwindcss_oxide::scanner: Discovering "D:\\AI-Workspace\\employee-identity-portal\\src\\components\\ui\\menubar.tsx"
2025-11-29T07:21:30.019480Z  INFO scan_sources: tailwindcss_oxide::scanner: Discovering "D:\\AI-Workspace\\employee-identity-portal\\src\\components\\ui\\navigation-menu.tsx"
2025-11-29T07:21:30.019786Z  INFO scan_sources: tailwindcss_oxide::scanner: Discovering "D:\\AI-Workspace\\employee-identity-portal\\src\\components\\ui\\navigation.tsx"
2025-11-29T07:21:30.020015Z  INFO scan_sources: tailwindcss_oxide::scanner: Discovering "D:\\AI-Workspace\\employee-identity-portal\\src\\components\\ui\\pagination.tsx"
2025-11-29T07:21:30.020153Z  INFO scan_sources: tailwindcss_oxide::scanner: Discovering "D:\\AI-Workspace\\employee-identity-portal\\src\\components\\ui\\popover.tsx"
2025-11-29T07:21:30.020341Z  INFO scan_sources: tailwindcss_oxide::scanner: Discovering "D:\\AI-Workspace\\employee-identity-portal\\src\\components\\ui\\progress.tsx"
2025-11-29T07:21:30.020419Z  INFO scan_sources: tailwindcss_oxide::scanner: Discovering "D:\\AI-Workspace\\employee-identity-portal\\src\\components\\ui\\radio-group.tsx"
2025-11-29T07:21:30.020491Z  INFO scan_sources: tailwindcss_oxide::scanner: Discovering "D:\\AI-Workspace\\employee-identity-portal\\src\\components\\ui\\resizable.tsx"
2025-11-29T07:21:30.020562Z  INFO scan_sources: tailwindcss_oxide::scanner: Discovering "D:\\AI-Workspace\\employee-identity-portal\\src\\components\\ui\\scroll-area.tsx"
2025-11-29T07:21:30.020728Z  INFO scan_sources: tailwindcss_oxide::scanner: Discovering "D:\\AI-Workspace\\employee-identity-portal\\src\\components\\ui\\select.tsx"
2025-11-29T07:21:30.020805Z  INFO scan_sources: tailwindcss_oxide::scanner: Discovering "D:\\AI-Workspace\\employee-identity-portal\\src\\components\\ui\\separator.tsx"
2025-11-29T07:21:30.020876Z  INFO scan_sources: tailwindcss_oxide::scanner: Discovering "D:\\AI-Workspace\\employee-identity-portal\\src\\components\\ui\\sheet.tsx"
2025-11-29T07:21:30.020947Z  INFO scan_sources: tailwindcss_oxide::scanner: Discovering "D:\\AI-Workspace\\employee-identity-portal\\src\\components\\ui\\sidebar.tsx"
2025-11-29T07:21:30.021026Z  INFO scan_sources: tailwindcss_oxide::scanner: Discovering "D:\\AI-Workspace\\employee-identity-portal\\src\\components\\ui\\skeleton.tsx"
2025-11-29T07:21:30.021116Z  INFO scan_sources: tailwindcss_oxide::scanner: Discovering "D:\\AI-Workspace\\employee-identity-portal\\src\\components\\ui\\slider.tsx"
2025-11-29T07:21:30.021186Z  INFO scan_sources: tailwindcss_oxide::scanner: Discovering "D:\\AI-Workspace\\employee-identity-portal\\src\\components\\ui\\sonner.tsx"
2025-11-29T07:21:30.021308Z  INFO scan_sources: tailwindcss_oxide::scanner: Discovering "D:\\AI-Workspace\\employee-identity-portal\\src\\components\\ui\\switch.tsx"
2025-11-29T07:21:30.021452Z  INFO scan_sources: tailwindcss_oxide::scanner: Discovering "D:\\AI-Workspace\\employee-identity-portal\\src\\components\\ui\\table.tsx"
2025-11-29T07:21:30.021586Z  INFO scan_sources: tailwindcss_oxide::scanner: Discovering "D:\\AI-Workspace\\employee-identity-portal\\src\\components\\ui\\tabs.tsx"
2025-11-29T07:21:30.021738Z  INFO scan_sources: tailwindcss_oxide::scanner: Discovering "D:\\AI-Workspace\\employee-identity-portal\\src\\components\\ui\\textarea.tsx"
2025-11-29T07:21:30.021869Z  INFO scan_sources: tailwindcss_oxide::scanner: Discovering "D:\\AI-Workspace\\employee-identity-portal\\src\\components\\ui\\toggle-group.tsx"
2025-11-29T07:21:30.022008Z  INFO scan_sources: tailwindcss_oxide::scanner: Discovering "D:\\AI-Workspace\\employee-identity-portal\\src\\components\\ui\\toggle.tsx"
2025-11-29T07:21:30.022137Z  INFO scan_sources: tailwindcss_oxide::scanner: Discovering "D:\\AI-Workspace\\employee-identity-portal\\src\\components\\ui\\tooltip.tsx"
2025-11-29T07:21:30.022466Z  INFO scan_sources: tailwindcss_oxide::scanner: Discovering "D:\\AI-Workspace\\employee-identity-portal\\src\\context"
2025-11-29T07:21:30.022809Z  INFO scan_sources: tailwindcss_oxide::scanner: Discovering "D:\\AI-Workspace\\employee-identity-portal\\src\\context\\AppContext.tsx"
2025-11-29T07:21:30.023055Z  INFO scan_sources: tailwindcss_oxide::scanner: Discovering "D:\\AI-Workspace\\employee-identity-portal\\src\\hooks"
2025-11-29T07:21:30.023362Z  INFO scan_sources: tailwindcss_oxide::scanner: Discovering "D:\\AI-Workspace\\employee-identity-portal\\src\\hooks\\use-mobile.ts"
2025-11-29T07:21:30.023486Z  INFO scan_sources: tailwindcss_oxide::scanner: Discovering "D:\\AI-Workspace\\employee-identity-portal\\src\\hooks\\useAppAuth.ts"
2025-11-29T07:21:30.023632Z  INFO scan_sources: tailwindcss_oxide::scanner: Discovering "D:\\AI-Workspace\\employee-identity-portal\\src\\hooks\\useAppTheme.ts"
2025-11-29T07:21:30.023753Z  INFO scan_sources: tailwindcss_oxide::scanner: Discovering "D:\\AI-Workspace\\employee-identity-portal\\src\\hooks\\useAppToggles.ts"
2025-11-29T07:21:30.023860Z  INFO scan_sources: tailwindcss_oxide::scanner: Discovering "D:\\AI-Workspace\\employee-identity-portal\\src\\hooks\\useAppUI.ts"
2025-11-29T07:21:30.024013Z  INFO scan_sources: tailwindcss_oxide::scanner: Discovering "D:\\AI-Workspace\\employee-identity-portal\\src\\hooks\\useFeatures.ts"
2025-11-29T07:21:30.024162Z  INFO scan_sources: tailwindcss_oxide::scanner: Discovering "D:\\AI-Workspace\\employee-identity-portal\\src\\hooks\\useOpsFeatures.ts"
2025-11-29T07:21:30.024301Z  INFO scan_sources: tailwindcss_oxide::scanner: Discovering "D:\\AI-Workspace\\employee-identity-portal\\src\\hooks\\usePageState.ts"
2025-11-29T07:21:30.024427Z  INFO scan_sources: tailwindcss_oxide::scanner: Discovering "D:\\AI-Workspace\\employee-identity-portal\\src\\hooks\\usePfOps.ts"
2025-11-29T07:21:30.024572Z  INFO scan_sources: tailwindcss_oxide::scanner: Discovering "D:\\AI-Workspace\\employee-identity-portal\\src\\hooks\\useSearch.ts"
2025-11-29T07:21:30.024716Z  INFO scan_sources: tailwindcss_oxide::scanner: Discovering "D:\\AI-Workspace\\employee-identity-portal\\src\\hooks\\useSnow.ts"
2025-11-29T07:21:30.024800Z  INFO scan_sources: tailwindcss_oxide::scanner: Discovering "D:\\AI-Workspace\\employee-identity-portal\\src\\hooks\\useTheme.ts"
2025-11-29T07:21:30.024880Z  INFO scan_sources: tailwindcss_oxide::scanner: Discovering "D:\\AI-Workspace\\employee-identity-portal\\src\\hooks\\useThemeDOM.ts"
2025-11-29T07:21:30.024962Z  INFO scan_sources: tailwindcss_oxide::scanner: Discovering "D:\\AI-Workspace\\employee-identity-portal\\src\\hooks\\useUserToggles.ts"
2025-11-29T07:21:30.025240Z  INFO scan_sources: tailwindcss_oxide::scanner: Discovering "D:\\AI-Workspace\\employee-identity-portal\\src\\lib"
2025-11-29T07:21:30.025499Z  INFO scan_sources: tailwindcss_oxide::scanner: Discovering "D:\\AI-Workspace\\employee-identity-portal\\src\\lib\\api-service.ts"
2025-11-29T07:21:30.025651Z  INFO scan_sources: tailwindcss_oxide::scanner: Discovering "D:\\AI-Workspace\\employee-identity-portal\\src\\lib\\api.ts"
2025-11-29T07:21:30.025805Z  INFO scan_sources: tailwindcss_oxide::scanner: Discovering "D:\\AI-Workspace\\employee-identity-portal\\src\\lib\\constants.ts"
2025-11-29T07:21:30.025894Z  INFO scan_sources: tailwindcss_oxide::scanner: Discovering "D:\\AI-Workspace\\employee-identity-portal\\src\\lib\\data-service.ts"
2025-11-29T07:21:30.026045Z  INFO scan_sources: tailwindcss_oxide::scanner: Discovering "D:\\AI-Workspace\\employee-identity-portal\\src\\lib\\educate-config.json"
2025-11-29T07:21:30.026117Z  INFO scan_sources: tailwindcss_oxide::scanner: Discovering "D:\\AI-Workspace\\employee-identity-portal\\src\\lib\\error-handler.ts"
2025-11-29T07:21:30.026187Z  INFO scan_sources: tailwindcss_oxide::scanner: Discovering "D:\\AI-Workspace\\employee-identity-portal\\src\\lib\\formatters.ts"
2025-11-29T07:21:30.026298Z  INFO scan_sources: tailwindcss_oxide::scanner: Discovering "D:\\AI-Workspace\\employee-identity-portal\\src\\lib\\hooks"
2025-11-29T07:21:30.026458Z  INFO scan_sources: tailwindcss_oxide::scanner: Discovering "D:\\AI-Workspace\\employee-identity-portal\\src\\lib\\hooks\\use-mobile.tsx"
2025-11-29T07:21:30.026551Z  INFO scan_sources: tailwindcss_oxide::scanner: Discovering "D:\\AI-Workspace\\employee-identity-portal\\src\\lib\\logger.ts"
2025-11-29T07:21:30.026624Z  INFO scan_sources: tailwindcss_oxide::scanner: Discovering "D:\\AI-Workspace\\employee-identity-portal\\src\\lib\\role-utils.ts"
2025-11-29T07:21:30.026694Z  INFO scan_sources: tailwindcss_oxide::scanner: Discovering "D:\\AI-Workspace\\employee-identity-portal\\src\\lib\\storage.ts"
2025-11-29T07:21:30.026766Z  INFO scan_sources: tailwindcss_oxide::scanner: Discovering "D:\\AI-Workspace\\employee-identity-portal\\src\\lib\\support-emails.ts"
2025-11-29T07:21:30.026836Z  INFO scan_sources: tailwindcss_oxide::scanner: Discovering "D:\\AI-Workspace\\employee-identity-portal\\src\\lib\\types.ts"
2025-11-29T07:21:30.026905Z  INFO scan_sources: tailwindcss_oxide::scanner: Discovering "D:\\AI-Workspace\\employee-identity-portal\\src\\lib\\ui-config.ts"
2025-11-29T07:21:30.026973Z  INFO scan_sources: tailwindcss_oxide::scanner: Discovering "D:\\AI-Workspace\\employee-identity-portal\\src\\lib\\utils.ts"
2025-11-29T07:21:30.027042Z  INFO scan_sources: tailwindcss_oxide::scanner: Discovering "D:\\AI-Workspace\\employee-identity-portal\\src\\lib\\validation.ts"
2025-11-29T07:21:30.027178Z  INFO scan_sources: tailwindcss_oxide::scanner: Discovering "D:\\AI-Workspace\\employee-identity-portal\\src\\visual-edits"
2025-11-29T07:21:30.027342Z  INFO scan_sources: tailwindcss_oxide::scanner: Discovering "D:\\AI-Workspace\\employee-identity-portal\\src\\visual-edits\\component-tagger-loader.js"
2025-11-29T07:21:30.027416Z  INFO scan_sources: tailwindcss_oxide::scanner: Discovering "D:\\AI-Workspace\\employee-identity-portal\\src\\visual-edits\\VisualEditsMessenger.tsx"
2025-11-29T07:21:30.027530Z  INFO scan_sources: tailwindcss_oxide::scanner: Discovering "D:\\AI-Workspace\\employee-identity-portal\\SSO_OPS_IMPLEMENTATION.md"
2025-11-29T07:21:30.027621Z  INFO scan_sources: tailwindcss_oxide::scanner: Discovering "D:\\AI-Workspace\\employee-identity-portal\\tsconfig.json"
2025-11-29T07:21:30.028813Z  INFO scan_sources: tailwindcss_oxide::scanner: exit
2025-11-29T07:21:30.028936Z  INFO extract_candidates: tailwindcss_oxide::scanner: enter
2025-11-29T07:21:30.028978Z  INFO extract_candidates:read_all_files: tailwindcss_oxide::scanner: enter
2025-11-29T07:21:30.029116Z  INFO extract_candidates:read_all_files: tailwindcss_oxide::scanner: Reading 222 file(s)
2025-11-29T07:21:30.030969Z  INFO tailwindcss_oxide::scanner: Reading "D:\\AI-Workspace\\employee-identity-portal\\.env.example"
2025-11-29T07:21:30.031165Z  INFO tailwindcss_oxide::scanner: Reading "D:\\AI-Workspace\\employee-identity-portal\\.env.local"
2025-11-29T07:21:30.031309Z  INFO tailwindcss_oxide::scanner: Reading "D:\\AI-Workspace\\employee-identity-portal\\backend\\.env"
2025-11-29T07:21:30.031471Z  INFO tailwindcss_oxide::scanner: Reading "D:\\AI-Workspace\\employee-identity-portal\\backend\\config\\features.json"
2025-11-29T07:21:30.031608Z  INFO tailwindcss_oxide::scanner: Reading "D:\\AI-Workspace\\employee-identity-portal\\backend\\config\\roles.json"
2025-11-29T07:21:30.032608Z  INFO tailwindcss_oxide::scanner: Reading "D:\\AI-Workspace\\employee-identity-portal\\backend\\middleware\\auth.js"
2025-11-29T07:21:30.033322Z  INFO tailwindcss_oxide::scanner: Reading "D:\\AI-Workspace\\employee-identity-portal\\backend\\middleware\\errorHandler.js"
2025-11-29T07:21:30.033517Z  INFO tailwindcss_oxide::scanner: Reading "D:\\AI-Workspace\\employee-identity-portal\\backend\\middleware\\index.js"
2025-11-29T07:21:30.033727Z  INFO tailwindcss_oxide::scanner: Reading "D:\\AI-Workspace\\employee-identity-portal\\backend\\middleware\\requestLogger.js"
2025-11-29T07:21:30.033761Z  INFO tailwindcss_oxide::scanner: Reading "D:\\AI-Workspace\\employee-identity-portal\\src\\app\\api\\saviynt\\requests\\route.ts"
2025-11-29T07:21:30.033906Z  INFO tailwindcss_oxide::scanner: Reading "D:\\AI-Workspace\\employee-identity-portal\\src\\app\\api\\saviynt\\roles\\route.ts"
2025-11-29T07:21:30.034055Z  INFO tailwindcss_oxide::scanner: Reading "D:\\AI-Workspace\\employee-identity-portal\\src\\app\\api\\search-employee\\route.ts"
2025-11-29T07:21:30.034057Z  INFO tailwindcss_oxide::scanner: Reading "D:\\AI-Workspace\\employee-identity-portal\\backend\\mocks\\all-users.json"
2025-11-29T07:21:30.034204Z  INFO tailwindcss_oxide::scanner: Reading "D:\\AI-Workspace\\employee-identity-portal\\src\\app\\api\\search-employee\\[query]\\details\\route.ts"
2025-11-29T07:21:30.034293Z  INFO tailwindcss_oxide::scanner: Reading "D:\\AI-Workspace\\employee-identity-portal\\backend\\mocks\\azure-ad-details.json"
2025-11-29T07:21:30.034350Z  INFO tailwindcss_oxide::scanner: Reading "D:\\AI-Workspace\\employee-identity-portal\\src\\app\\api\\search-employee\\[query]\\route.ts"
2025-11-29T07:21:30.034502Z  INFO tailwindcss_oxide::scanner: Reading "D:\\AI-Workspace\\employee-identity-portal\\src\\app\\api\\send-email\\route.ts"
2025-11-29T07:21:30.034518Z  INFO tailwindcss_oxide::scanner: Reading "D:\\AI-Workspace\\employee-identity-portal\\backend\\mocks\\azure-ad-initial.json"
2025-11-29T07:21:30.034643Z  INFO tailwindcss_oxide::scanner: Reading "D:\\AI-Workspace\\employee-identity-portal\\src\\app\\api\\snow\\incidents\\route.ts"
2025-11-29T07:21:30.034684Z  INFO tailwindcss_oxide::scanner: Reading "D:\\AI-Workspace\\employee-identity-portal\\backend\\mocks\\cyberark-details.json"
2025-11-29T07:21:30.034782Z  INFO tailwindcss_oxide::scanner: Reading "D:\\AI-Workspace\\employee-identity-portal\\src\\app\\api\\submit-snow-ticket\\route.ts"
2025-11-29T07:21:30.034884Z  INFO tailwindcss_oxide::scanner: Reading "D:\\AI-Workspace\\employee-identity-portal\\backend\\mocks\\cyberark-initial.json"
2025-11-29T07:21:30.034925Z  INFO tailwindcss_oxide::scanner: Reading "D:\\AI-Workspace\\employee-identity-portal\\src\\app\\global-error.tsx"
2025-11-29T07:21:30.035053Z  INFO tailwindcss_oxide::scanner: Reading "D:\\AI-Workspace\\employee-identity-portal\\backend\\mocks\\ping-access-details.json"
2025-11-29T07:21:30.035067Z  INFO tailwindcss_oxide::scanner: Reading "D:\\AI-Workspace\\employee-identity-portal\\src\\app\\layout.tsx"
2025-11-29T07:21:30.035223Z  INFO tailwindcss_oxide::scanner: Reading "D:\\AI-Workspace\\employee-identity-portal\\src\\app\\page.tsx"
2025-11-29T07:21:30.035260Z  INFO tailwindcss_oxide::scanner: Reading "D:\\AI-Workspace\\employee-identity-portal\\backend\\mocks\\ping-access-initial.json"
2025-11-29T07:21:30.035341Z  INFO tailwindcss_oxide::scanner: Reading "D:\\AI-Workspace\\employee-identity-portal\\src\\components\\dialogs\\EducateGuideDialog.tsx"
2025-11-29T07:21:30.035451Z  INFO tailwindcss_oxide::scanner: Reading "D:\\AI-Workspace\\employee-identity-portal\\src\\components\\dialogs\\PfOpsDialog.tsx"
2025-11-29T07:21:30.035578Z  INFO tailwindcss_oxide::scanner: Reading "D:\\AI-Workspace\\employee-identity-portal\\backend\\mocks\\ping-access-search.json"
2025-11-29T07:21:30.035591Z  INFO tailwindcss_oxide::scanner: Reading "D:\\AI-Workspace\\employee-identity-portal\\src\\components\\dialogs\\SettingsDialog.tsx"
2025-11-29T07:21:30.035729Z  INFO tailwindcss_oxide::scanner: Reading "D:\\AI-Workspace\\employee-identity-portal\\src\\components\\dialogs\\SnowIncidentsDialog.tsx"
2025-11-29T07:21:30.035824Z  INFO tailwindcss_oxide::scanner: Reading "D:\\AI-Workspace\\employee-identity-portal\\backend\\mocks\\ping-authorize-details.json"
2025-11-29T07:21:30.035866Z  INFO tailwindcss_oxide::scanner: Reading "D:\\AI-Workspace\\employee-identity-portal\\src\\components\\ErrorReporter.tsx"
2025-11-29T07:21:30.036004Z  INFO tailwindcss_oxide::scanner: Reading "D:\\AI-Workspace\\employee-identity-portal\\backend\\mocks\\ping-authorize-initial.json"
2025-11-29T07:21:30.036006Z  INFO tailwindcss_oxide::scanner: Reading "D:\\AI-Workspace\\employee-identity-portal\\src\\components\\Header.tsx"
2025-11-29T07:21:30.036155Z  INFO tailwindcss_oxide::scanner: Reading "D:\\AI-Workspace\\employee-identity-portal\\src\\components\\layout-index.ts"
2025-11-29T07:21:30.036166Z  INFO tailwindcss_oxide::scanner: Reading "D:\\AI-Workspace\\employee-identity-portal\\backend\\mocks\\ping-authorize-search.json"
2025-11-29T07:21:30.036291Z  INFO tailwindcss_oxide::scanner: Reading "D:\\AI-Workspace\\employee-identity-portal\\src\\components\\LoginForm.tsx"
2025-11-29T07:21:30.036365Z  INFO tailwindcss_oxide::scanner: Reading "D:\\AI-Workspace\\employee-identity-portal\\backend\\mocks\\ping-directory-details.json"
2025-11-29T07:21:30.036432Z  INFO tailwindcss_oxide::scanner: Reading "D:\\AI-Workspace\\employee-identity-portal\\src\\components\\MainContent.tsx"
2025-11-29T07:21:30.036561Z  INFO tailwindcss_oxide::scanner: Reading "D:\\AI-Workspace\\employee-identity-portal\\src\\components\\RecentFailuresPanel.tsx"
2025-11-29T07:21:30.036686Z  INFO tailwindcss_oxide::scanner: Reading "D:\\AI-Workspace\\employee-identity-portal\\backend\\mocks\\ping-directory-initial.json"
2025-11-29T07:21:30.036698Z  INFO tailwindcss_oxide::scanner: Reading "D:\\AI-Workspace\\employee-identity-portal\\src\\components\\sections\\DialogsSection.tsx"
2025-11-29T07:21:30.036845Z  INFO tailwindcss_oxide::scanner: Reading "D:\\AI-Workspace\\employee-identity-portal\\src\\components\\sections\\QuickActionsCard.tsx"
2025-11-29T07:21:30.036842Z  INFO tailwindcss_oxide::scanner: Reading "D:\\AI-Workspace\\employee-identity-portal\\backend\\mocks\\ping-directory-search.json"
2025-11-29T07:21:30.037016Z  INFO tailwindcss_oxide::scanner: Reading "D:\\AI-Workspace\\employee-identity-portal\\src\\components\\sections\\SearchSection.tsx"
2025-11-29T07:21:30.037025Z  INFO tailwindcss_oxide::scanner: Reading "D:\\AI-Workspace\\employee-identity-portal\\backend\\mocks\\ping-federate-details.json"
2025-11-29T07:21:30.037162Z  INFO tailwindcss_oxide::scanner: Reading "D:\\AI-Workspace\\employee-identity-portal\\src\\components\\SystemCard.tsx"
2025-11-29T07:21:30.037303Z  INFO tailwindcss_oxide::scanner: Reading "D:\\AI-Workspace\\employee-identity-portal\\src\\components\\SystemCardsGrid.tsx"
2025-11-29T07:21:30.037322Z  INFO tailwindcss_oxide::scanner: Reading "D:\\AI-Workspace\\employee-identity-portal\\backend\\mocks\\ping-federate-initial.json"
2025-11-29T07:21:30.037450Z  INFO tailwindcss_oxide::scanner: Reading "D:\\AI-Workspace\\employee-identity-portal\\src\\components\\ui\\accordion.tsx"
2025-11-29T07:21:30.037491Z  INFO tailwindcss_oxide::scanner: Reading "D:\\AI-Workspace\\employee-identity-portal\\backend\\mocks\\ping-intelligence-details.json"
2025-11-29T07:21:30.037590Z  INFO tailwindcss_oxide::scanner: Reading "D:\\AI-Workspace\\employee-identity-portal\\src\\components\\ui\\alert-dialog.tsx"
2025-11-29T07:21:30.037671Z  INFO tailwindcss_oxide::scanner: Reading "D:\\AI-Workspace\\employee-identity-portal\\backend\\mocks\\ping-intelligence-initial.json"
2025-11-29T07:21:30.037728Z  INFO tailwindcss_oxide::scanner: Reading "D:\\AI-Workspace\\employee-identity-portal\\src\\components\\ui\\alert.tsx"
2025-11-29T07:21:30.037841Z  INFO tailwindcss_oxide::scanner: Reading "D:\\AI-Workspace\\employee-identity-portal\\backend\\mocks\\ping-intelligence-search.json"
2025-11-29T07:21:30.037859Z  INFO tailwindcss_oxide::scanner: Reading "D:\\AI-Workspace\\employee-identity-portal\\src\\components\\ui\\aspect-ratio.tsx"
2025-11-29T07:21:30.037994Z  INFO tailwindcss_oxide::scanner: Reading "D:\\AI-Workspace\\employee-identity-portal\\src\\components\\ui\\avatar.tsx"
2025-11-29T07:21:30.038026Z  INFO tailwindcss_oxide::scanner: Reading "D:\\AI-Workspace\\employee-identity-portal\\backend\\mocks\\ping-mfa-details.json"
2025-11-29T07:21:30.038093Z  INFO tailwindcss_oxide::scanner: Reading "D:\\AI-Workspace\\employee-identity-portal\\src\\components\\ui\\background-boxes.tsx"
2025-11-29T07:21:30.038194Z  INFO tailwindcss_oxide::scanner: Reading "D:\\AI-Workspace\\employee-identity-portal\\src\\components\\ui\\badge.tsx"
2025-11-29T07:21:30.038311Z  INFO tailwindcss_oxide::scanner: Reading "D:\\AI-Workspace\\employee-identity-portal\\src\\components\\ui\\breadcrumb.tsx"
2025-11-29T07:21:30.038270Z  INFO tailwindcss_oxide::scanner: Reading "D:\\AI-Workspace\\employee-identity-portal\\backend\\mocks\\ping-mfa-initial.json"
2025-11-29T07:21:30.038472Z  INFO tailwindcss_oxide::scanner: Reading "D:\\AI-Workspace\\employee-identity-portal\\src\\components\\ui\\button.tsx"
2025-11-29T07:21:30.038575Z  INFO tailwindcss_oxide::scanner: Reading "D:\\AI-Workspace\\employee-identity-portal\\backend\\mocks\\ping-mfa-search.json"
2025-11-29T07:21:30.038632Z  INFO tailwindcss_oxide::scanner: Reading "D:\\AI-Workspace\\employee-identity-portal\\src\\components\\ui\\calendar.tsx"
2025-11-29T07:21:30.038742Z  INFO tailwindcss_oxide::scanner: Reading "D:\\AI-Workspace\\employee-identity-portal\\backend\\mocks\\readme.txt"
2025-11-29T07:21:30.038766Z  INFO tailwindcss_oxide::scanner: Reading "D:\\AI-Workspace\\employee-identity-portal\\src\\components\\ui\\card.tsx"
2025-11-29T07:21:30.038900Z  INFO tailwindcss_oxide::scanner: Reading "D:\\AI-Workspace\\employee-identity-portal\\backend\\mocks\\saviynt-details.json"
2025-11-29T07:21:30.038905Z  INFO tailwindcss_oxide::scanner: Reading "D:\\AI-Workspace\\employee-identity-portal\\src\\components\\ui\\carousel.tsx"
2025-11-29T07:21:30.039051Z  INFO tailwindcss_oxide::scanner: Reading "D:\\AI-Workspace\\employee-identity-portal\\src\\components\\ui\\chart.tsx"
2025-11-29T07:21:30.039118Z  INFO tailwindcss_oxide::scanner: Reading "D:\\AI-Workspace\\employee-identity-portal\\backend\\mocks\\saviynt-initial.json"
2025-11-29T07:21:30.039188Z  INFO tailwindcss_oxide::scanner: Reading "D:\\AI-Workspace\\employee-identity-portal\\src\\components\\ui\\checkbox.tsx"
2025-11-29T07:21:30.039277Z  INFO tailwindcss_oxide::scanner: Reading "D:\\AI-Workspace\\employee-identity-portal\\backend\\mocks\\snow-incidents.json"
2025-11-29T07:21:30.039322Z  INFO tailwindcss_oxide::scanner: Reading "D:\\AI-Workspace\\employee-identity-portal\\src\\components\\ui\\collapsible.tsx"
2025-11-29T07:21:30.039459Z  INFO tailwindcss_oxide::scanner: Reading "D:\\AI-Workspace\\employee-identity-portal\\src\\components\\ui\\command.tsx"
2025-11-29T07:21:30.039487Z  INFO tailwindcss_oxide::scanner: Reading "D:\\AI-Workspace\\employee-identity-portal\\backend\\package.json"
2025-11-29T07:21:30.039622Z  INFO tailwindcss_oxide::scanner: Reading "D:\\AI-Workspace\\employee-identity-portal\\src\\components\\ui\\ComponentSeparator.tsx"
2025-11-29T07:21:30.039648Z  INFO tailwindcss_oxide::scanner: Reading "D:\\AI-Workspace\\employee-identity-portal\\backend\\routes\\auth.js"
2025-11-29T07:21:30.039766Z  INFO tailwindcss_oxide::scanner: Reading "D:\\AI-Workspace\\employee-identity-portal\\src\\components\\ui\\container-scroll-animation.tsx"
2025-11-29T07:21:30.039810Z  INFO tailwindcss_oxide::scanner: Reading "D:\\AI-Workspace\\employee-identity-portal\\backend\\routes\\index.js"
2025-11-29T07:21:30.039909Z  INFO tailwindcss_oxide::scanner: Reading "D:\\AI-Workspace\\employee-identity-portal\\src\\components\\ui\\context-menu.tsx"
2025-11-29T07:21:30.039961Z  INFO tailwindcss_oxide::scanner: Reading "D:\\AI-Workspace\\employee-identity-portal\\backend\\routes\\search.js"
2025-11-29T07:21:30.040033Z  INFO tailwindcss_oxide::scanner: Reading "D:\\AI-Workspace\\employee-identity-portal\\src\\components\\ui\\dialog.tsx"
2025-11-29T07:21:30.040144Z  INFO tailwindcss_oxide::scanner: Reading "D:\\AI-Workspace\\employee-identity-portal\\src\\components\\ui\\drawer.tsx"
2025-11-29T07:21:30.040257Z  INFO tailwindcss_oxide::scanner: Reading "D:\\AI-Workspace\\employee-identity-portal\\backend\\routes\\snow.js"
2025-11-29T07:21:30.040278Z  INFO tailwindcss_oxide::scanner: Reading "D:\\AI-Workspace\\employee-identity-portal\\src\\components\\ui\\dropdown-menu.tsx"
2025-11-29T07:21:30.040411Z  INFO tailwindcss_oxide::scanner: Reading "D:\\AI-Workspace\\employee-identity-portal\\src\\components\\ui\\form.tsx"
2025-11-29T07:21:30.040413Z  INFO tailwindcss_oxide::scanner: Reading "D:\\AI-Workspace\\employee-identity-portal\\backend\\routes\\systems.js"
2025-11-29T07:21:30.040522Z  INFO tailwindcss_oxide::scanner: Reading "D:\\AI-Workspace\\employee-identity-portal\\src\\components\\ui\\hover-card.tsx"
2025-11-29T07:21:30.040646Z  INFO tailwindcss_oxide::scanner: Reading "D:\\AI-Workspace\\employee-identity-portal\\src\\components\\ui\\input-otp.tsx"
2025-11-29T07:21:30.040742Z  INFO tailwindcss_oxide::scanner: Reading "D:\\AI-Workspace\\employee-identity-portal\\src\\components\\ui\\input.tsx"
2025-11-29T07:21:30.040760Z  INFO tailwindcss_oxide::scanner: Reading "D:\\AI-Workspace\\employee-identity-portal\\backend\\server.js"
2025-11-29T07:21:30.040855Z  INFO tailwindcss_oxide::scanner: Reading "D:\\AI-Workspace\\employee-identity-portal\\src\\components\\ui\\label.tsx"
2025-11-29T07:21:30.040978Z  INFO tailwindcss_oxide::scanner: Reading "D:\\AI-Workspace\\employee-identity-portal\\src\\components\\ui\\menubar.tsx"
2025-11-29T07:21:30.041040Z  INFO tailwindcss_oxide::scanner: Reading "D:\\AI-Workspace\\employee-identity-portal\\backend\\services\\index.js"
2025-11-29T07:21:30.041131Z  INFO tailwindcss_oxide::scanner: Reading "D:\\AI-Workspace\\employee-identity-portal\\src\\components\\ui\\navigation-menu.tsx"
2025-11-29T07:21:30.041239Z  INFO tailwindcss_oxide::scanner: Reading "D:\\AI-Workspace\\employee-identity-portal\\src\\components\\ui\\navigation.tsx"
2025-11-29T07:21:30.041368Z  INFO tailwindcss_oxide::scanner: Reading "D:\\AI-Workspace\\employee-identity-portal\\src\\components\\ui\\pagination.tsx"
2025-11-29T07:21:30.041472Z  INFO tailwindcss_oxide::scanner: Reading "D:\\AI-Workspace\\employee-identity-portal\\src\\components\\ui\\popover.tsx"
2025-11-29T07:21:30.041452Z  INFO tailwindcss_oxide::scanner: Reading "D:\\AI-Workspace\\employee-identity-portal\\backend\\services\\mockDataService.js"
2025-11-29T07:21:30.041609Z  INFO tailwindcss_oxide::scanner: Reading "D:\\AI-Workspace\\employee-identity-portal\\src\\components\\ui\\progress.tsx"
2025-11-29T07:21:30.041713Z  INFO tailwindcss_oxide::scanner: Reading "D:\\AI-Workspace\\employee-identity-portal\\src\\components\\ui\\radio-group.tsx"
2025-11-29T07:21:30.041796Z  INFO tailwindcss_oxide::scanner: Reading "D:\\AI-Workspace\\employee-identity-portal\\backend\\services\\rbacService.js"
2025-11-29T07:21:30.041817Z  INFO tailwindcss_oxide::scanner: Reading "D:\\AI-Workspace\\employee-identity-portal\\src\\components\\ui\\resizable.tsx"
2025-11-29T07:21:30.041934Z  INFO tailwindcss_oxide::scanner: Reading "D:\\AI-Workspace\\employee-identity-portal\\src\\components\\ui\\scroll-area.tsx"
2025-11-29T07:21:30.041955Z  INFO tailwindcss_oxide::scanner: Reading "D:\\AI-Workspace\\employee-identity-portal\\backend\\utils\\logger.js"
2025-11-29T07:21:30.042043Z  INFO tailwindcss_oxide::scanner: Reading "D:\\AI-Workspace\\employee-identity-portal\\src\\components\\ui\\select.tsx"
2025-11-29T07:21:30.042146Z  INFO tailwindcss_oxide::scanner: Reading "D:\\AI-Workspace\\employee-identity-portal\\src\\components\\ui\\separator.tsx"
2025-11-29T07:21:30.042248Z  INFO tailwindcss_oxide::scanner: Reading "D:\\AI-Workspace\\employee-identity-portal\\src\\components\\ui\\sheet.tsx"
2025-11-29T07:21:30.042361Z  INFO tailwindcss_oxide::scanner: Reading "D:\\AI-Workspace\\employee-identity-portal\\src\\components\\ui\\sidebar.tsx"
2025-11-29T07:21:30.042480Z  INFO tailwindcss_oxide::scanner: Reading "D:\\AI-Workspace\\employee-identity-portal\\src\\components\\ui\\skeleton.tsx"
2025-11-29T07:21:30.042607Z  INFO tailwindcss_oxide::scanner: Reading "D:\\AI-Workspace\\employee-identity-portal\\src\\components\\ui\\slider.tsx"
2025-11-29T07:21:30.042723Z  INFO tailwindcss_oxide::scanner: Reading "D:\\AI-Workspace\\employee-identity-portal\\src\\components\\ui\\sonner.tsx"
2025-11-29T07:21:30.042770Z  INFO tailwindcss_oxide::scanner: Reading "D:\\AI-Workspace\\employee-identity-portal\\public\\vercel.svg"
2025-11-29T07:21:30.042837Z  INFO tailwindcss_oxide::scanner: Reading "D:\\AI-Workspace\\employee-identity-portal\\src\\components\\ui\\switch.tsx"
2025-11-29T07:21:30.042927Z  INFO tailwindcss_oxide::scanner: Reading "D:\\AI-Workspace\\employee-identity-portal\\public\\window.svg"
2025-11-29T07:21:30.042953Z  INFO tailwindcss_oxide::scanner: Reading "D:\\AI-Workspace\\employee-identity-portal\\src\\components\\ui\\table.tsx"
2025-11-29T07:21:30.043069Z  INFO tailwindcss_oxide::scanner: Reading "D:\\AI-Workspace\\employee-identity-portal\\src\\components\\ui\\tabs.tsx"
2025-11-29T07:21:30.043113Z  INFO tailwindcss_oxide::scanner: Reading "D:\\AI-Workspace\\employee-identity-portal\\README.md"
2025-11-29T07:21:30.043177Z  INFO tailwindcss_oxide::scanner: Reading "D:\\AI-Workspace\\employee-identity-portal\\src\\components\\ui\\textarea.tsx"
2025-11-29T07:21:30.043268Z  INFO tailwindcss_oxide::scanner: Reading "D:\\AI-Workspace\\employee-identity-portal\\REFACTORING.md"
2025-11-29T07:21:30.043291Z  INFO tailwindcss_oxide::scanner: Reading "D:\\AI-Workspace\\employee-identity-portal\\src\\components\\ui\\toggle-group.tsx"
2025-11-29T07:21:30.043406Z  INFO tailwindcss_oxide::scanner: Reading "D:\\AI-Workspace\\employee-identity-portal\\REFACTORING_COMPLETION.md"
2025-11-29T07:21:30.043419Z  INFO tailwindcss_oxide::scanner: Reading "D:\\AI-Workspace\\employee-identity-portal\\src\\components\\ui\\toggle.tsx"
2025-11-29T07:21:30.043543Z  INFO tailwindcss_oxide::scanner: Reading "D:\\AI-Workspace\\employee-identity-portal\\src\\components\\ui\\tooltip.tsx"
2025-11-29T07:21:30.043566Z  INFO tailwindcss_oxide::scanner: Reading "D:\\AI-Workspace\\employee-identity-portal\\REFACTORING_EXECUTIVE_SUMMARY.md"
2025-11-29T07:21:30.043657Z  INFO tailwindcss_oxide::scanner: Reading "D:\\AI-Workspace\\employee-identity-portal\\src\\context\\AppContext.tsx"
2025-11-29T07:21:30.043716Z  INFO tailwindcss_oxide::scanner: Reading "D:\\AI-Workspace\\employee-identity-portal\\REFACTORING_TECHNICAL_DETAILS.md"
2025-11-29T07:21:30.043774Z  INFO tailwindcss_oxide::scanner: Reading "D:\\AI-Workspace\\employee-identity-portal\\src\\hooks\\use-mobile.ts"
2025-11-29T07:21:30.043868Z  INFO tailwindcss_oxide::scanner: Reading "D:\\AI-Workspace\\employee-identity-portal\\src\\app\\api\\aad\\groups\\route.ts"
2025-11-29T07:21:30.043892Z  INFO tailwindcss_oxide::scanner: Reading "D:\\AI-Workspace\\employee-identity-portal\\src\\hooks\\useAppAuth.ts"
2025-11-29T07:21:30.044033Z  INFO tailwindcss_oxide::scanner: Reading "D:\\AI-Workspace\\employee-identity-portal\\src\\app\\api\\aad\\signins\\route.ts"
2025-11-29T07:21:30.044067Z  INFO tailwindcss_oxide::scanner: Reading "D:\\AI-Workspace\\employee-identity-portal\\src\\hooks\\useAppTheme.ts"
2025-11-29T07:21:30.044142Z  INFO tailwindcss_oxide::scanner: Reading "D:\\AI-Workspace\\employee-identity-portal\\src\\app\\api\\aad\\user\\route.ts"
2025-11-29T07:21:30.044169Z  INFO tailwindcss_oxide::scanner: Reading "D:\\AI-Workspace\\employee-identity-portal\\src\\hooks\\useAppToggles.ts"
2025-11-29T07:21:30.044198Z  INFO tailwindcss_oxide::scanner: Reading "D:\\AI-Workspace\\employee-identity-portal\\src\\app\\api\\cyberark-identity\\login-history\\route.ts"
2025-11-29T07:21:30.044240Z  INFO tailwindcss_oxide::scanner: Reading "D:\\AI-Workspace\\employee-identity-portal\\src\\app\\api\\auth\\login\\route.ts"
2025-11-29T07:21:30.044267Z  INFO tailwindcss_oxide::scanner: Reading "D:\\AI-Workspace\\employee-identity-portal\\src\\hooks\\useAppUI.ts"
2025-11-29T07:21:30.044315Z  INFO tailwindcss_oxide::scanner: Reading "D:\\AI-Workspace\\employee-identity-portal\\src\\app\\api\\cyberark-identity\\sso-apps\\route.ts"
2025-11-29T07:21:30.044338Z  INFO tailwindcss_oxide::scanner: Reading "D:\\AI-Workspace\\employee-identity-portal\\src\\app\\api\\config\\features\\route.ts"
2025-11-29T07:21:30.044363Z  INFO tailwindcss_oxide::scanner: Reading "D:\\AI-Workspace\\employee-identity-portal\\src\\hooks\\useFeatures.ts"
2025-11-29T07:21:30.044423Z  INFO tailwindcss_oxide::scanner: Reading "D:\\AI-Workspace\\employee-identity-portal\\src\\app\\api\\mfa\\devices\\route.ts"
2025-11-29T07:21:30.046042Z  INFO tailwindcss_oxide::scanner: Reading "D:\\AI-Workspace\\employee-identity-portal\\src\\app\\api\\mfa\\events\\route.ts"
2025-11-29T07:21:30.046073Z  INFO tailwindcss_oxide::scanner: Reading "D:\\AI-Workspace\\employee-identity-portal\\src\\hooks\\useOpsFeatures.ts"
2025-11-29T07:21:30.046179Z  INFO tailwindcss_oxide::scanner: Reading "D:\\AI-Workspace\\employee-identity-portal\\src\\app\\api\\mfa\\status\\route.ts"
2025-11-29T07:21:30.046218Z  INFO tailwindcss_oxide::scanner: Reading "D:\\AI-Workspace\\employee-identity-portal\\src\\hooks\\usePageState.ts"
2025-11-29T07:21:30.046287Z  INFO tailwindcss_oxide::scanner: Reading "D:\\AI-Workspace\\employee-identity-portal\\src\\app\\api\\own-cyberark-alero\\details\\route.ts"
2025-11-29T07:21:30.046322Z  INFO tailwindcss_oxide::scanner: Reading "D:\\AI-Workspace\\employee-identity-portal\\src\\hooks\\usePfOps.ts"
2025-11-29T07:21:30.046430Z  INFO tailwindcss_oxide::scanner: Reading "D:\\AI-Workspace\\employee-identity-portal\\src\\hooks\\useSearch.ts"
2025-11-29T07:21:30.046506Z  INFO tailwindcss_oxide::scanner: Reading "D:\\AI-Workspace\\employee-identity-portal\\src\\app\\api\\own-cyberark-alero\\route.ts"
2025-11-29T07:21:30.046652Z  INFO tailwindcss_oxide::scanner: Reading "D:\\AI-Workspace\\employee-identity-portal\\src\\hooks\\useSnow.ts"
2025-11-29T07:21:30.046786Z  INFO tailwindcss_oxide::scanner: Reading "D:\\AI-Workspace\\employee-identity-portal\\src\\hooks\\useTheme.ts"
2025-11-29T07:21:30.046915Z  INFO tailwindcss_oxide::scanner: Reading "D:\\AI-Workspace\\employee-identity-portal\\src\\hooks\\useThemeDOM.ts"
2025-11-29T07:21:30.047041Z  INFO tailwindcss_oxide::scanner: Reading "D:\\AI-Workspace\\employee-identity-portal\\src\\hooks\\useUserToggles.ts"
2025-11-29T07:21:30.047238Z  INFO tailwindcss_oxide::scanner: Reading "D:\\AI-Workspace\\employee-identity-portal\\src\\lib\\api-service.ts"
2025-11-29T07:21:30.047416Z  INFO tailwindcss_oxide::scanner: Reading "D:\\AI-Workspace\\employee-identity-portal\\src\\lib\\api.ts"
2025-11-29T07:21:30.047430Z  INFO tailwindcss_oxide::scanner: Reading "D:\\AI-Workspace\\employee-identity-portal\\src\\app\\api\\own-cyberark-conjur\\details\\route.ts"
2025-11-29T07:21:30.046038Z  INFO tailwindcss_oxide::scanner: Reading "D:\\AI-Workspace\\employee-identity-portal\\src\\app\\api\\cyberark\\accounts\\route.ts"
2025-11-29T07:21:30.047592Z  INFO tailwindcss_oxide::scanner: Reading "D:\\AI-Workspace\\employee-identity-portal\\src\\app\\api\\own-cyberark-conjur\\route.ts"
2025-11-29T07:21:30.047695Z  INFO tailwindcss_oxide::scanner: Reading "D:\\AI-Workspace\\employee-identity-portal\\src\\app\\api\\own-cyberark-dpa\\details\\route.ts"
2025-11-29T07:21:30.047522Z  INFO tailwindcss_oxide::scanner: Reading "D:\\AI-Workspace\\employee-identity-portal\\src\\lib\\constants.ts"
2025-11-29T07:21:30.047811Z  INFO tailwindcss_oxide::scanner: Reading "D:\\AI-Workspace\\employee-identity-portal\\src\\app\\api\\own-cyberark-dpa\\route.ts"
2025-11-29T07:21:30.047711Z  INFO tailwindcss_oxide::scanner: Reading "D:\\AI-Workspace\\employee-identity-portal\\src\\app\\api\\cyberark\\activity\\route.ts"
2025-11-29T07:21:30.048042Z  INFO tailwindcss_oxide::scanner: Reading "D:\\AI-Workspace\\employee-identity-portal\\src\\app\\api\\cyberark\\safes\\route.ts"
2025-11-29T07:21:30.048164Z  INFO tailwindcss_oxide::scanner: Reading "D:\\AI-Workspace\\employee-identity-portal\\src\\app\\api\\cyberark-alero\\recordings\\route.ts"
2025-11-29T07:21:30.048180Z  INFO tailwindcss_oxide::scanner: Reading "D:\\AI-Workspace\\employee-identity-portal\\src\\lib\\data-service.ts"
2025-11-29T07:21:30.048271Z  INFO tailwindcss_oxide::scanner: Reading "D:\\AI-Workspace\\employee-identity-portal\\src\\app\\api\\cyberark-alero\\sessions\\route.ts"
2025-11-29T07:21:30.048383Z  INFO tailwindcss_oxide::scanner: Reading "D:\\AI-Workspace\\employee-identity-portal\\src\\app\\api\\cyberark-alero\\targets\\route.ts"
2025-11-29T07:21:30.048454Z  INFO tailwindcss_oxide::scanner: Reading "D:\\AI-Workspace\\employee-identity-portal\\src\\lib\\educate-config.json"
2025-11-29T07:21:30.048489Z  INFO tailwindcss_oxide::scanner: Reading "D:\\AI-Workspace\\employee-identity-portal\\src\\app\\api\\cyberark-conjur\\rotation\\route.ts"
2025-11-29T07:21:30.047916Z  INFO tailwindcss_oxide::scanner: Reading "D:\\AI-Workspace\\employee-identity-portal\\src\\app\\api\\own-cyberark-epm\\details\\route.ts"
2025-11-29T07:21:30.048625Z  INFO tailwindcss_oxide::scanner: Reading "D:\\AI-Workspace\\employee-identity-portal\\src\\app\\api\\cyberark-conjur\\secrets\\route.ts"
2025-11-29T07:21:30.048738Z  INFO tailwindcss_oxide::scanner: Reading "D:\\AI-Workspace\\employee-identity-portal\\src\\app\\api\\cyberark-conjur\\vaults\\route.ts"
2025-11-29T07:21:30.048842Z  INFO tailwindcss_oxide::scanner: Reading "D:\\AI-Workspace\\employee-identity-portal\\src\\app\\api\\cyberark-dpa\\authorizations\\route.ts"
2025-11-29T07:21:30.048842Z  INFO tailwindcss_oxide::scanner: Reading "D:\\AI-Workspace\\employee-identity-portal\\src\\lib\\error-handler.ts"
2025-11-29T07:21:30.048951Z  INFO tailwindcss_oxide::scanner: Reading "D:\\AI-Workspace\\employee-identity-portal\\src\\app\\api\\cyberark-dpa\\policies\\route.ts"
2025-11-29T07:21:30.049059Z  INFO tailwindcss_oxide::scanner: Reading "D:\\AI-Workspace\\employee-identity-portal\\src\\app\\api\\cyberark-dpa\\risk-assessment\\route.ts"
2025-11-29T07:21:30.049146Z  INFO tailwindcss_oxide::scanner: Reading "D:\\AI-Workspace\\employee-identity-portal\\src\\app\\api\\own-cyberark-epm\\route.ts"
2025-11-29T07:21:30.049175Z  INFO tailwindcss_oxide::scanner: Reading "D:\\AI-Workspace\\employee-identity-portal\\src\\app\\api\\cyberark-epm\\applications\\route.ts"
2025-11-29T07:21:30.049189Z  INFO tailwindcss_oxide::scanner: Reading "D:\\AI-Workspace\\employee-identity-portal\\src\\lib\\formatters.ts"
2025-11-29T07:21:30.049266Z  INFO tailwindcss_oxide::scanner: Reading "D:\\AI-Workspace\\employee-identity-portal\\src\\app\\api\\own-cyberark-identity\\details\\route.ts"
2025-11-29T07:21:30.049279Z  INFO tailwindcss_oxide::scanner: Reading "D:\\AI-Workspace\\employee-identity-portal\\src\\app\\api\\cyberark-epm\\elevation-history\\route.ts"
2025-11-29T07:21:30.049292Z  INFO tailwindcss_oxide::scanner: Reading "D:\\AI-Workspace\\employee-identity-portal\\src\\lib\\hooks\\use-mobile.tsx"
2025-11-29T07:21:30.049376Z  INFO tailwindcss_oxide::scanner: Reading "D:\\AI-Workspace\\employee-identity-portal\\src\\app\\api\\own-cyberark-identity\\route.ts"
2025-11-29T07:21:30.049383Z  INFO tailwindcss_oxide::scanner: Reading "D:\\AI-Workspace\\employee-identity-portal\\src\\app\\api\\cyberark-epm\\policies\\route.ts"
2025-11-29T07:21:30.049400Z  INFO tailwindcss_oxide::scanner: Reading "D:\\AI-Workspace\\employee-identity-portal\\src\\lib\\logger.ts"
2025-11-29T07:21:30.049482Z  INFO tailwindcss_oxide::scanner: Reading "D:\\AI-Workspace\\employee-identity-portal\\src\\app\\api\\own-ping-access\\details\\route.ts"
2025-11-29T07:21:30.049490Z  INFO tailwindcss_oxide::scanner: Reading "D:\\AI-Workspace\\employee-identity-portal\\src\\lib\\role-utils.ts"
2025-11-29T07:21:30.049490Z  INFO tailwindcss_oxide::scanner: Reading "D:\\AI-Workspace\\employee-identity-portal\\src\\app\\api\\cyberark-identity\\devices\\route.ts"
2025-11-29T07:21:30.049589Z  INFO tailwindcss_oxide::scanner: Reading "D:\\AI-Workspace\\employee-identity-portal\\src\\app\\api\\own-ping-access\\route.ts"
2025-11-29T07:21:30.049595Z  INFO tailwindcss_oxide::scanner: Reading "D:\\AI-Workspace\\employee-identity-portal\\src\\lib\\storage.ts"
2025-11-29T07:21:30.049616Z  INFO tailwindcss_oxide::scanner: Reading "D:\\AI-Workspace\\employee-identity-portal\\src\\app\\api\\pd\\audit\\route.ts"
2025-11-29T07:21:30.049695Z  INFO tailwindcss_oxide::scanner: Reading "D:\\AI-Workspace\\employee-identity-portal\\src\\app\\api\\own-ping-authorize\\details\\route.ts"
2025-11-29T07:21:30.049704Z  INFO tailwindcss_oxide::scanner: Reading "D:\\AI-Workspace\\employee-identity-portal\\src\\lib\\support-emails.ts"
2025-11-29T07:21:30.049717Z  INFO tailwindcss_oxide::scanner: Reading "D:\\AI-Workspace\\employee-identity-portal\\src\\app\\api\\pd\\groups\\route.ts"
2025-11-29T07:21:30.049793Z  INFO tailwindcss_oxide::scanner: Reading "D:\\AI-Workspace\\employee-identity-portal\\src\\app\\api\\own-ping-authorize\\route.ts"
2025-11-29T07:21:30.049811Z  INFO tailwindcss_oxide::scanner: Reading "D:\\AI-Workspace\\employee-identity-portal\\src\\lib\\types.ts"
2025-11-29T07:21:30.049835Z  INFO tailwindcss_oxide::scanner: Reading "D:\\AI-Workspace\\employee-identity-portal\\src\\app\\api\\pd\\profile\\route.ts"
2025-11-29T07:21:30.049888Z  INFO tailwindcss_oxide::scanner: Reading "D:\\AI-Workspace\\employee-identity-portal\\src\\app\\api\\own-ping-intelligence\\details\\route.ts"
2025-11-29T07:21:30.049909Z  INFO tailwindcss_oxide::scanner: Reading "D:\\AI-Workspace\\employee-identity-portal\\src\\lib\\ui-config.ts"
2025-11-29T07:21:30.049933Z  INFO tailwindcss_oxide::scanner: Reading "D:\\AI-Workspace\\employee-identity-portal\\src\\app\\api\\pf\\oidc\\route.ts"
2025-11-29T07:21:30.050024Z  INFO tailwindcss_oxide::scanner: Reading "D:\\AI-Workspace\\employee-identity-portal\\src\\app\\api\\pf\\saml\\route.ts"
2025-11-29T07:21:30.050024Z  INFO tailwindcss_oxide::scanner: Reading "D:\\AI-Workspace\\employee-identity-portal\\src\\app\\api\\own-ping-intelligence\\route.ts"
2025-11-29T07:21:30.050128Z  INFO tailwindcss_oxide::scanner: Reading "D:\\AI-Workspace\\employee-identity-portal\\src\\app\\api\\pf\\userinfo\\route.ts"
2025-11-29T07:21:30.050178Z  INFO tailwindcss_oxide::scanner: Reading "D:\\AI-Workspace\\employee-identity-portal\\eslint.config.mjs"
2025-11-29T07:21:30.050235Z  INFO tailwindcss_oxide::scanner: Reading "D:\\AI-Workspace\\employee-identity-portal\\src\\app\\api\\saviynt\\entitlements\\route.ts"
2025-11-29T07:21:30.050247Z  INFO tailwindcss_oxide::scanner: Reading "D:\\AI-Workspace\\employee-identity-portal\\src\\lib\\utils.ts"
2025-11-29T07:21:30.050278Z  INFO tailwindcss_oxide::scanner: Reading "D:\\AI-Workspace\\employee-identity-portal\\next.config.ts"
2025-11-29T07:21:30.050343Z  INFO tailwindcss_oxide::scanner: Reading "D:\\AI-Workspace\\employee-identity-portal\\src\\lib\\validation.ts"
2025-11-29T07:21:30.050343Z  INFO tailwindcss_oxide::scanner: Reading "D:\\AI-Workspace\\employee-identity-portal\\postcss.config.mjs"
2025-11-29T07:21:30.050379Z  INFO tailwindcss_oxide::scanner: Reading "D:\\AI-Workspace\\employee-identity-portal\\package.json"
2025-11-29T07:21:30.050439Z  INFO tailwindcss_oxide::scanner: Reading "D:\\AI-Workspace\\employee-identity-portal\\public\\file.svg"
2025-11-29T07:21:30.050440Z  INFO tailwindcss_oxide::scanner: Reading "D:\\AI-Workspace\\employee-identity-portal\\src\\visual-edits\\component-tagger-loader.js"
2025-11-29T07:21:30.050542Z  INFO tailwindcss_oxide::scanner: Reading "D:\\AI-Workspace\\employee-identity-portal\\public\\next.svg"
2025-11-29T07:21:30.050576Z  INFO tailwindcss_oxide::scanner: Reading "D:\\AI-Workspace\\employee-identity-portal\\src\\visual-edits\\VisualEditsMessenger.tsx"
2025-11-29T07:21:30.050562Z  INFO tailwindcss_oxide::scanner: Reading "D:\\AI-Workspace\\employee-identity-portal\\public\\globe.svg"
2025-11-29T07:21:30.050778Z  INFO tailwindcss_oxide::scanner: Reading "D:\\AI-Workspace\\employee-identity-portal\\SSO_OPS_IMPLEMENTATION.md"
2025-11-29T07:21:30.050959Z  INFO tailwindcss_oxide::scanner: Reading "D:\\AI-Workspace\\employee-identity-portal\\tsconfig.json"
2025-11-29T07:21:30.051028Z  INFO tailwindcss_oxide::scanner: Reading "D:\\AI-Workspace\\employee-identity-portal\\components.json"
2025-11-29T07:21:30.051377Z  INFO tailwindcss_oxide::scanner: Reading "D:\\AI-Workspace\\employee-identity-portal\\DATA_FLOW.md"
2025-11-29T07:21:30.052902Z  INFO extract_candidates:read_all_files: tailwindcss_oxide::scanner: exit
2025-11-29T07:21:30.052933Z  INFO extract_candidates:parse_all_blobs: tailwindcss_oxide::scanner: enter
2025-11-29T07:21:30.052952Z  INFO extract_candidates:parse_all_blobs:extract: tailwindcss_oxide::scanner: enter
2025-11-29T07:21:30.082075Z  INFO extract_candidates:parse_all_blobs:extract: tailwindcss_oxide::scanner: exit
2025-11-29T07:21:30.082216Z  INFO extract_candidates:parse_all_blobs: tailwindcss_oxide::scanner: exit
2025-11-29T07:21:30.082241Z  INFO extract_candidates:read_all_files: tailwindcss_oxide::scanner: enter
2025-11-29T07:21:30.082255Z  INFO extract_candidates:read_all_files: tailwindcss_oxide::scanner: Reading 1 file(s)
2025-11-29T07:21:30.082444Z  INFO extract_candidates:read_all_files: tailwindcss_oxide::scanner: Reading "D:\\AI-Workspace\\employee-identity-portal\\src\\app\\globals.css"
2025-11-29T07:21:30.082469Z  INFO extract_candidates:read_all_files: tailwindcss_oxide::scanner: exit
2025-11-29T07:21:30.082482Z  INFO extract_candidates:extract_css_variables: tailwindcss_oxide::scanner: enter
2025-11-29T07:21:30.082493Z  INFO extract_candidates:extract_css_variables:extract: tailwindcss_oxide::scanner: enter
2025-11-29T07:21:30.082623Z  INFO extract_candidates:extract_css_variables:extract: tailwindcss_oxide::scanner: exit
2025-11-29T07:21:30.082646Z  INFO extract_candidates:extract_css_variables: tailwindcss_oxide::scanner: exit
2025-11-29T07:21:30.085311Z  INFO extract_candidates: tailwindcss_oxide::scanner: exit
2025-11-29T07:21:30.088118Z  INFO get_files: tailwindcss_oxide::scanner: enter
2025-11-29T07:21:30.088134Z  INFO get_files:scan_sources: tailwindcss_oxide::scanner: enter
2025-11-29T07:21:30.089896Z  INFO get_files:scan_sources: tailwindcss_oxide::scanner: Discovering "D:\\AI-Workspace\\employee-identity-portal\\backend"
2025-11-29T07:21:30.090158Z  INFO get_files:scan_sources: tailwindcss_oxide::scanner: Discovering "D:\\AI-Workspace\\employee-identity-portal\\backend\\config"
2025-11-29T07:21:30.090462Z  INFO get_files:scan_sources: tailwindcss_oxide::scanner: Discovering "D:\\AI-Workspace\\employee-identity-portal\\backend\\logs"
2025-11-29T07:21:30.090687Z  INFO get_files:scan_sources: tailwindcss_oxide::scanner: Discovering "D:\\AI-Workspace\\employee-identity-portal\\backend\\middleware"
2025-11-29T07:21:30.091059Z  INFO get_files:scan_sources: tailwindcss_oxide::scanner: Discovering "D:\\AI-Workspace\\employee-identity-portal\\backend\\mocks"
2025-11-29T07:21:30.093103Z  INFO get_files:scan_sources: tailwindcss_oxide::scanner: Discovering "D:\\AI-Workspace\\employee-identity-portal\\backend\\routes"
2025-11-29T07:21:30.093844Z  INFO get_files:scan_sources: tailwindcss_oxide::scanner: Discovering "D:\\AI-Workspace\\employee-identity-portal\\backend\\services"
2025-11-29T07:21:30.094408Z  INFO get_files:scan_sources: tailwindcss_oxide::scanner: Discovering "D:\\AI-Workspace\\employee-identity-portal\\backend\\utils"
2025-11-29T07:21:30.095893Z  INFO get_files:scan_sources: tailwindcss_oxide::scanner: Discovering "D:\\AI-Workspace\\employee-identity-portal\\public"
2025-11-29T07:21:30.096531Z  INFO get_files:scan_sources: tailwindcss_oxide::scanner: Discovering "D:\\AI-Workspace\\employee-identity-portal\\src"
2025-11-29T07:21:30.096738Z  INFO get_files:scan_sources: tailwindcss_oxide::scanner: Discovering "D:\\AI-Workspace\\employee-identity-portal\\src\\app"
2025-11-29T07:21:30.096939Z  INFO get_files:scan_sources: tailwindcss_oxide::scanner: Discovering "D:\\AI-Workspace\\employee-identity-portal\\src\\app\\api"
2025-11-29T07:21:30.097151Z  INFO get_files:scan_sources: tailwindcss_oxide::scanner: Discovering "D:\\AI-Workspace\\employee-identity-portal\\src\\app\\api\\aad"
2025-11-29T07:21:30.097351Z  INFO get_files:scan_sources: tailwindcss_oxide::scanner: Discovering "D:\\AI-Workspace\\employee-identity-portal\\src\\app\\api\\aad\\groups"
2025-11-29T07:21:30.097612Z  INFO get_files:scan_sources: tailwindcss_oxide::scanner: Discovering "D:\\AI-Workspace\\employee-identity-portal\\src\\app\\api\\aad\\signins"
2025-11-29T07:21:30.097875Z  INFO get_files:scan_sources: tailwindcss_oxide::scanner: Discovering "D:\\AI-Workspace\\employee-identity-portal\\src\\app\\api\\aad\\user"
2025-11-29T07:21:30.098151Z  INFO get_files:scan_sources: tailwindcss_oxide::scanner: Discovering "D:\\AI-Workspace\\employee-identity-portal\\src\\app\\api\\auth"
2025-11-29T07:21:30.098344Z  INFO get_files:scan_sources: tailwindcss_oxide::scanner: Discovering "D:\\AI-Workspace\\employee-identity-portal\\src\\app\\api\\auth\\login"
2025-11-29T07:21:30.098616Z  INFO get_files:scan_sources: tailwindcss_oxide::scanner: Discovering "D:\\AI-Workspace\\employee-identity-portal\\src\\app\\api\\config"
2025-11-29T07:21:30.098811Z  INFO get_files:scan_sources: tailwindcss_oxide::scanner: Discovering "D:\\AI-Workspace\\employee-identity-portal\\src\\app\\api\\config\\features"
2025-11-29T07:21:30.099083Z  INFO get_files:scan_sources: tailwindcss_oxide::scanner: Discovering "D:\\AI-Workspace\\employee-identity-portal\\src\\app\\api\\cyberark"
2025-11-29T07:21:30.099278Z  INFO get_files:scan_sources: tailwindcss_oxide::scanner: Discovering "D:\\AI-Workspace\\employee-identity-portal\\src\\app\\api\\cyberark\\accounts"
2025-11-29T07:21:30.099535Z  INFO get_files:scan_sources: tailwindcss_oxide::scanner: Discovering "D:\\AI-Workspace\\employee-identity-portal\\src\\app\\api\\cyberark\\activity"
2025-11-29T07:21:30.099788Z  INFO get_files:scan_sources: tailwindcss_oxide::scanner: Discovering "D:\\AI-Workspace\\employee-identity-portal\\src\\app\\api\\cyberark\\safes"
2025-11-29T07:21:30.100062Z  INFO get_files:scan_sources: tailwindcss_oxide::scanner: Discovering "D:\\AI-Workspace\\employee-identity-portal\\src\\app\\api\\cyberark-alero"
2025-11-29T07:21:30.100257Z  INFO get_files:scan_sources: tailwindcss_oxide::scanner: Discovering "D:\\AI-Workspace\\employee-identity-portal\\src\\app\\api\\cyberark-alero\\recordings"
2025-11-29T07:21:30.100515Z  INFO get_files:scan_sources: tailwindcss_oxide::scanner: Discovering "D:\\AI-Workspace\\employee-identity-portal\\src\\app\\api\\cyberark-alero\\sessions"
2025-11-29T07:21:30.100772Z  INFO get_files:scan_sources: tailwindcss_oxide::scanner: Discovering "D:\\AI-Workspace\\employee-identity-portal\\src\\app\\api\\cyberark-alero\\targets"
2025-11-29T07:21:30.101044Z  INFO get_files:scan_sources: tailwindcss_oxide::scanner: Discovering "D:\\AI-Workspace\\employee-identity-portal\\src\\app\\api\\cyberark-conjur"
2025-11-29T07:21:30.101241Z  INFO get_files:scan_sources: tailwindcss_oxide::scanner: Discovering "D:\\AI-Workspace\\employee-identity-portal\\src\\app\\api\\cyberark-conjur\\rotation"
2025-11-29T07:21:30.101498Z  INFO get_files:scan_sources: tailwindcss_oxide::scanner: Discovering "D:\\AI-Workspace\\employee-identity-portal\\src\\app\\api\\cyberark-conjur\\secrets"
2025-11-29T07:21:30.101754Z  INFO get_files:scan_sources: tailwindcss_oxide::scanner: Discovering "D:\\AI-Workspace\\employee-identity-portal\\src\\app\\api\\cyberark-conjur\\vaults"
2025-11-29T07:21:30.102036Z  INFO get_files:scan_sources: tailwindcss_oxide::scanner: Discovering "D:\\AI-Workspace\\employee-identity-portal\\src\\app\\api\\cyberark-dpa"
2025-11-29T07:21:30.102234Z  INFO get_files:scan_sources: tailwindcss_oxide::scanner: Discovering "D:\\AI-Workspace\\employee-identity-portal\\src\\app\\api\\cyberark-dpa\\authorizations"
2025-11-29T07:21:30.102493Z  INFO get_files:scan_sources: tailwindcss_oxide::scanner: Discovering "D:\\AI-Workspace\\employee-identity-portal\\src\\app\\api\\cyberark-dpa\\policies"
2025-11-29T07:21:30.102754Z  INFO get_files:scan_sources: tailwindcss_oxide::scanner: Discovering "D:\\AI-Workspace\\employee-identity-portal\\src\\app\\api\\cyberark-dpa\\risk-assessment"
2025-11-29T07:21:30.103037Z  INFO get_files:scan_sources: tailwindcss_oxide::scanner: Discovering "D:\\AI-Workspace\\employee-identity-portal\\src\\app\\api\\cyberark-epm"
2025-11-29T07:21:30.103232Z  INFO get_files:scan_sources: tailwindcss_oxide::scanner: Discovering "D:\\AI-Workspace\\employee-identity-portal\\src\\app\\api\\cyberark-epm\\applications"
2025-11-29T07:21:30.103481Z  INFO get_files:scan_sources: tailwindcss_oxide::scanner: Discovering "D:\\AI-Workspace\\employee-identity-portal\\src\\app\\api\\cyberark-epm\\elevation-history"
2025-11-29T07:21:30.103732Z  INFO get_files:scan_sources: tailwindcss_oxide::scanner: Discovering "D:\\AI-Workspace\\employee-identity-portal\\src\\app\\api\\cyberark-epm\\policies"
2025-11-29T07:21:30.103997Z  INFO get_files:scan_sources: tailwindcss_oxide::scanner: Discovering "D:\\AI-Workspace\\employee-identity-portal\\src\\app\\api\\cyberark-identity"
2025-11-29T07:21:30.104190Z  INFO get_files:scan_sources: tailwindcss_oxide::scanner: Discovering "D:\\AI-Workspace\\employee-identity-portal\\src\\app\\api\\cyberark-identity\\devices"
2025-11-29T07:21:30.104440Z  INFO get_files:scan_sources: tailwindcss_oxide::scanner: Discovering "D:\\AI-Workspace\\employee-identity-portal\\src\\app\\api\\cyberark-identity\\login-history"
2025-11-29T07:21:30.104687Z  INFO get_files:scan_sources: tailwindcss_oxide::scanner: Discovering "D:\\AI-Workspace\\employee-identity-portal\\src\\app\\api\\cyberark-identity\\sso-apps"
2025-11-29T07:21:30.104951Z  INFO get_files:scan_sources: tailwindcss_oxide::scanner: Discovering "D:\\AI-Workspace\\employee-identity-portal\\src\\app\\api\\mfa"
2025-11-29T07:21:30.105139Z  INFO get_files:scan_sources: tailwindcss_oxide::scanner: Discovering "D:\\AI-Workspace\\employee-identity-portal\\src\\app\\api\\mfa\\devices"
2025-11-29T07:21:30.105387Z  INFO get_files:scan_sources: tailwindcss_oxide::scanner: Discovering "D:\\AI-Workspace\\employee-identity-portal\\src\\app\\api\\mfa\\events"
2025-11-29T07:21:30.105632Z  INFO get_files:scan_sources: tailwindcss_oxide::scanner: Discovering "D:\\AI-Workspace\\employee-identity-portal\\src\\app\\api\\mfa\\status"
2025-11-29T07:21:30.105899Z  INFO get_files:scan_sources: tailwindcss_oxide::scanner: Discovering "D:\\AI-Workspace\\employee-identity-portal\\src\\app\\api\\own-cyberark-alero"
2025-11-29T07:21:30.106089Z  INFO get_files:scan_sources: tailwindcss_oxide::scanner: Discovering "D:\\AI-Workspace\\employee-identity-portal\\src\\app\\api\\own-cyberark-alero\\details"
2025-11-29T07:21:30.106391Z  INFO get_files:scan_sources: tailwindcss_oxide::scanner: Discovering "D:\\AI-Workspace\\employee-identity-portal\\src\\app\\api\\own-cyberark-conjur"
2025-11-29T07:21:30.106579Z  INFO get_files:scan_sources: tailwindcss_oxide::scanner: Discovering "D:\\AI-Workspace\\employee-identity-portal\\src\\app\\api\\own-cyberark-conjur\\details"
2025-11-29T07:21:30.106883Z  INFO get_files:scan_sources: tailwindcss_oxide::scanner: Discovering "D:\\AI-Workspace\\employee-identity-portal\\src\\app\\api\\own-cyberark-dpa"
2025-11-29T07:21:30.107070Z  INFO get_files:scan_sources: tailwindcss_oxide::scanner: Discovering "D:\\AI-Workspace\\employee-identity-portal\\src\\app\\api\\own-cyberark-dpa\\details"
2025-11-29T07:21:30.107452Z  INFO get_files:scan_sources: tailwindcss_oxide::scanner: Discovering "D:\\AI-Workspace\\employee-identity-portal\\src\\app\\api\\own-cyberark-epm"
2025-11-29T07:21:30.107667Z  INFO get_files:scan_sources: tailwindcss_oxide::scanner: Discovering "D:\\AI-Workspace\\employee-identity-portal\\src\\app\\api\\own-cyberark-epm\\details"
2025-11-29T07:21:30.107982Z  INFO get_files:scan_sources: tailwindcss_oxide::scanner: Discovering "D:\\AI-Workspace\\employee-identity-portal\\src\\app\\api\\own-cyberark-identity"
2025-11-29T07:21:30.108176Z  INFO get_files:scan_sources: tailwindcss_oxide::scanner: Discovering "D:\\AI-Workspace\\employee-identity-portal\\src\\app\\api\\own-cyberark-identity\\details"
2025-11-29T07:21:30.108515Z  INFO get_files:scan_sources: tailwindcss_oxide::scanner: Discovering "D:\\AI-Workspace\\employee-identity-portal\\src\\app\\api\\own-ping-access"
2025-11-29T07:21:30.108702Z  INFO get_files:scan_sources: tailwindcss_oxide::scanner: Discovering "D:\\AI-Workspace\\employee-identity-portal\\src\\app\\api\\own-ping-access\\details"
2025-11-29T07:21:30.109002Z  INFO get_files:scan_sources: tailwindcss_oxide::scanner: Discovering "D:\\AI-Workspace\\employee-identity-portal\\src\\app\\api\\own-ping-authorize"
2025-11-29T07:21:30.109188Z  INFO get_files:scan_sources: tailwindcss_oxide::scanner: Discovering "D:\\AI-Workspace\\employee-identity-portal\\src\\app\\api\\own-ping-authorize\\details"
2025-11-29T07:21:30.109488Z  INFO get_files:scan_sources: tailwindcss_oxide::scanner: Discovering "D:\\AI-Workspace\\employee-identity-portal\\src\\app\\api\\own-ping-intelligence"
2025-11-29T07:21:30.109677Z  INFO get_files:scan_sources: tailwindcss_oxide::scanner: Discovering "D:\\AI-Workspace\\employee-identity-portal\\src\\app\\api\\own-ping-intelligence\\details"
2025-11-29T07:21:30.109985Z  INFO get_files:scan_sources: tailwindcss_oxide::scanner: Discovering "D:\\AI-Workspace\\employee-identity-portal\\src\\app\\api\\pd"
2025-11-29T07:21:30.110174Z  INFO get_files:scan_sources: tailwindcss_oxide::scanner: Discovering "D:\\AI-Workspace\\employee-identity-portal\\src\\app\\api\\pd\\audit"
2025-11-29T07:21:30.110419Z  INFO get_files:scan_sources: tailwindcss_oxide::scanner: Discovering "D:\\AI-Workspace\\employee-identity-portal\\src\\app\\api\\pd\\groups"
2025-11-29T07:21:30.110663Z  INFO get_files:scan_sources: tailwindcss_oxide::scanner: Discovering "D:\\AI-Workspace\\employee-identity-portal\\src\\app\\api\\pd\\profile"
2025-11-29T07:21:30.110926Z  INFO get_files:scan_sources: tailwindcss_oxide::scanner: Discovering "D:\\AI-Workspace\\employee-identity-portal\\src\\app\\api\\pf"
2025-11-29T07:21:30.111261Z  INFO get_files:scan_sources: tailwindcss_oxide::scanner: Discovering "D:\\AI-Workspace\\employee-identity-portal\\src\\app\\api\\pf\\oidc"
2025-11-29T07:21:30.111894Z  INFO get_files:scan_sources: tailwindcss_oxide::scanner: Discovering "D:\\AI-Workspace\\employee-identity-portal\\src\\app\\api\\pf\\saml"
2025-11-29T07:21:30.112448Z  INFO get_files:scan_sources: tailwindcss_oxide::scanner: Discovering "D:\\AI-Workspace\\employee-identity-portal\\src\\app\\api\\pf\\userinfo"
2025-11-29T07:21:30.112913Z  INFO get_files:scan_sources: tailwindcss_oxide::scanner: Discovering "D:\\AI-Workspace\\employee-identity-portal\\src\\app\\api\\saviynt"
2025-11-29T07:21:30.113241Z  INFO get_files:scan_sources: tailwindcss_oxide::scanner: Discovering "D:\\AI-Workspace\\employee-identity-portal\\src\\app\\api\\saviynt\\entitlements"
2025-11-29T07:21:30.113667Z  INFO get_files:scan_sources: tailwindcss_oxide::scanner: Discovering "D:\\AI-Workspace\\employee-identity-portal\\src\\app\\api\\saviynt\\requests"
2025-11-29T07:21:30.114086Z  INFO get_files:scan_sources: tailwindcss_oxide::scanner: Discovering "D:\\AI-Workspace\\employee-identity-portal\\src\\app\\api\\saviynt\\roles"
2025-11-29T07:21:30.114530Z  INFO get_files:scan_sources: tailwindcss_oxide::scanner: Discovering "D:\\AI-Workspace\\employee-identity-portal\\src\\app\\api\\search-employee"
2025-11-29T07:21:30.114919Z  INFO get_files:scan_sources: tailwindcss_oxide::scanner: Discovering "D:\\AI-Workspace\\employee-identity-portal\\src\\app\\api\\search-employee\\[query]"
2025-11-29T07:21:30.115254Z  INFO get_files:scan_sources: tailwindcss_oxide::scanner: Discovering "D:\\AI-Workspace\\employee-identity-portal\\src\\app\\api\\search-employee\\[query]\\details"
2025-11-29T07:21:30.115814Z  INFO get_files:scan_sources: tailwindcss_oxide::scanner: Discovering "D:\\AI-Workspace\\employee-identity-portal\\src\\app\\api\\send-email"
2025-11-29T07:21:30.116232Z  INFO get_files:scan_sources: tailwindcss_oxide::scanner: Discovering "D:\\AI-Workspace\\employee-identity-portal\\src\\app\\api\\snow"
2025-11-29T07:21:30.116555Z  INFO get_files:scan_sources: tailwindcss_oxide::scanner: Discovering "D:\\AI-Workspace\\employee-identity-portal\\src\\app\\api\\snow\\incidents"
2025-11-29T07:21:30.117009Z  INFO get_files:scan_sources: tailwindcss_oxide::scanner: Discovering "D:\\AI-Workspace\\employee-identity-portal\\src\\app\\api\\submit-snow-ticket"
2025-11-29T07:21:30.117764Z  INFO get_files:scan_sources: tailwindcss_oxide::scanner: Discovering "D:\\AI-Workspace\\employee-identity-portal\\src\\components"
2025-11-29T07:21:30.118092Z  INFO get_files:scan_sources: tailwindcss_oxide::scanner: Discovering "D:\\AI-Workspace\\employee-identity-portal\\src\\components\\dialogs"
2025-11-29T07:21:30.119080Z  INFO get_files:scan_sources: tailwindcss_oxide::scanner: Discovering "D:\\AI-Workspace\\employee-identity-portal\\src\\components\\sections"
2025-11-29T07:21:30.119745Z  INFO get_files:scan_sources: tailwindcss_oxide::scanner: Discovering "D:\\AI-Workspace\\employee-identity-portal\\src\\components\\ui"
2025-11-29T07:21:30.123335Z  INFO get_files:scan_sources: tailwindcss_oxide::scanner: Discovering "D:\\AI-Workspace\\employee-identity-portal\\src\\context"
2025-11-29T07:21:30.123765Z  INFO get_files:scan_sources: tailwindcss_oxide::scanner: Discovering "D:\\AI-Workspace\\employee-identity-portal\\src\\hooks"
2025-11-29T07:21:30.124991Z  INFO get_files:scan_sources: tailwindcss_oxide::scanner: Discovering "D:\\AI-Workspace\\employee-identity-portal\\src\\lib"
2025-11-29T07:21:30.125747Z  INFO get_files:scan_sources: tailwindcss_oxide::scanner: Discovering "D:\\AI-Workspace\\employee-identity-portal\\src\\lib\\hooks"
2025-11-29T07:21:30.126675Z  INFO get_files:scan_sources: tailwindcss_oxide::scanner: Discovering "D:\\AI-Workspace\\employee-identity-portal\\src\\visual-edits"
2025-11-29T07:21:30.127360Z  INFO get_files:scan_sources: tailwindcss_oxide::scanner: exit
2025-11-29T07:21:30.127534Z  INFO get_files: tailwindcss_oxide::scanner: exit
2025-11-29T07:21:30.130237Z  INFO get_globs: tailwindcss_oxide::scanner: enter
2025-11-29T07:21:30.130268Z  INFO get_globs:scan_sources: tailwindcss_oxide::scanner: enter
2025-11-29T07:21:30.132821Z  INFO get_globs:scan_sources: tailwindcss_oxide::scanner: Discovering "D:\\AI-Workspace\\employee-identity-portal\\backend"
2025-11-29T07:21:30.133192Z  INFO get_globs:scan_sources: tailwindcss_oxide::scanner: Discovering "D:\\AI-Workspace\\employee-identity-portal\\backend\\config"
2025-11-29T07:21:30.133630Z  INFO get_globs:scan_sources: tailwindcss_oxide::scanner: Discovering "D:\\AI-Workspace\\employee-identity-portal\\backend\\logs"
2025-11-29T07:21:30.133963Z  INFO get_globs:scan_sources: tailwindcss_oxide::scanner: Discovering "D:\\AI-Workspace\\employee-identity-portal\\backend\\middleware"
2025-11-29T07:21:30.134509Z  INFO get_globs:scan_sources: tailwindcss_oxide::scanner: Discovering "D:\\AI-Workspace\\employee-identity-portal\\backend\\mocks"
2025-11-29T07:21:30.136592Z  INFO get_globs:scan_sources: tailwindcss_oxide::scanner: Discovering "D:\\AI-Workspace\\employee-identity-portal\\backend\\routes"
2025-11-29T07:21:30.137213Z  INFO get_globs:scan_sources: tailwindcss_oxide::scanner: Discovering "D:\\AI-Workspace\\employee-identity-portal\\backend\\services"
2025-11-29T07:21:30.137689Z  INFO get_globs:scan_sources: tailwindcss_oxide::scanner: Discovering "D:\\AI-Workspace\\employee-identity-portal\\backend\\utils"
2025-11-29T07:21:30.138782Z  INFO get_globs:scan_sources: tailwindcss_oxide::scanner: Discovering "D:\\AI-Workspace\\employee-identity-portal\\public"
2025-11-29T07:21:30.139744Z  INFO get_globs:scan_sources: tailwindcss_oxide::scanner: Discovering "D:\\AI-Workspace\\employee-identity-portal\\src"
2025-11-29T07:21:30.140057Z  INFO get_globs:scan_sources: tailwindcss_oxide::scanner: Discovering "D:\\AI-Workspace\\employee-identity-portal\\src\\app"
2025-11-29T07:21:30.140342Z  INFO get_globs:scan_sources: tailwindcss_oxide::scanner: Discovering "D:\\AI-Workspace\\employee-identity-portal\\src\\app\\api"
2025-11-29T07:21:30.140646Z  INFO get_globs:scan_sources: tailwindcss_oxide::scanner: Discovering "D:\\AI-Workspace\\employee-identity-portal\\src\\app\\api\\aad"
2025-11-29T07:21:30.140926Z  INFO get_globs:scan_sources: tailwindcss_oxide::scanner: Discovering "D:\\AI-Workspace\\employee-identity-portal\\src\\app\\api\\aad\\groups"
2025-11-29T07:21:30.141301Z  INFO get_globs:scan_sources: tailwindcss_oxide::scanner: Discovering "D:\\AI-Workspace\\employee-identity-portal\\src\\app\\api\\aad\\signins"
2025-11-29T07:21:30.141677Z  INFO get_globs:scan_sources: tailwindcss_oxide::scanner: Discovering "D:\\AI-Workspace\\employee-identity-portal\\src\\app\\api\\aad\\user"
2025-11-29T07:21:30.142074Z  INFO get_globs:scan_sources: tailwindcss_oxide::scanner: Discovering "D:\\AI-Workspace\\employee-identity-portal\\src\\app\\api\\auth"
2025-11-29T07:21:30.142352Z  INFO get_globs:scan_sources: tailwindcss_oxide::scanner: Discovering "D:\\AI-Workspace\\employee-identity-portal\\src\\app\\api\\auth\\login"
2025-11-29T07:21:30.142750Z  INFO get_globs:scan_sources: tailwindcss_oxide::scanner: Discovering "D:\\AI-Workspace\\employee-identity-portal\\src\\app\\api\\config"
2025-11-29T07:21:30.143045Z  INFO get_globs:scan_sources: tailwindcss_oxide::scanner: Discovering "D:\\AI-Workspace\\employee-identity-portal\\src\\app\\api\\config\\features"
2025-11-29T07:21:30.143435Z  INFO get_globs:scan_sources: tailwindcss_oxide::scanner: Discovering "D:\\AI-Workspace\\employee-identity-portal\\src\\app\\api\\cyberark"
2025-11-29T07:21:30.143725Z  INFO get_globs:scan_sources: tailwindcss_oxide::scanner: Discovering "D:\\AI-Workspace\\employee-identity-portal\\src\\app\\api\\cyberark\\accounts"
2025-11-29T07:21:30.144105Z  INFO get_globs:scan_sources: tailwindcss_oxide::scanner: Discovering "D:\\AI-Workspace\\employee-identity-portal\\src\\app\\api\\cyberark\\activity"
2025-11-29T07:21:30.144760Z  INFO get_globs:scan_sources: tailwindcss_oxide::scanner: Discovering "D:\\AI-Workspace\\employee-identity-portal\\src\\app\\api\\cyberark\\safes"
2025-11-29T07:21:30.145566Z  INFO get_globs:scan_sources: tailwindcss_oxide::scanner: Discovering "D:\\AI-Workspace\\employee-identity-portal\\src\\app\\api\\cyberark-alero"
2025-11-29T07:21:30.145964Z  INFO get_globs:scan_sources: tailwindcss_oxide::scanner: Discovering "D:\\AI-Workspace\\employee-identity-portal\\src\\app\\api\\cyberark-alero\\recordings"
2025-11-29T07:21:30.146415Z  INFO get_globs:scan_sources: tailwindcss_oxide::scanner: Discovering "D:\\AI-Workspace\\employee-identity-portal\\src\\app\\api\\cyberark-alero\\sessions"
2025-11-29T07:21:30.146846Z  INFO get_globs:scan_sources: tailwindcss_oxide::scanner: Discovering "D:\\AI-Workspace\\employee-identity-portal\\src\\app\\api\\cyberark-alero\\targets"
2025-11-29T07:21:30.147312Z  INFO get_globs:scan_sources: tailwindcss_oxide::scanner: Discovering "D:\\AI-Workspace\\employee-identity-portal\\src\\app\\api\\cyberark-conjur"
2025-11-29T07:21:30.147640Z  INFO get_globs:scan_sources: tailwindcss_oxide::scanner: Discovering "D:\\AI-Workspace\\employee-identity-portal\\src\\app\\api\\cyberark-conjur\\rotation"
2025-11-29T07:21:30.148059Z  INFO get_globs:scan_sources: tailwindcss_oxide::scanner: Discovering "D:\\AI-Workspace\\employee-identity-portal\\src\\app\\api\\cyberark-conjur\\secrets"
2025-11-29T07:21:30.148479Z  INFO get_globs:scan_sources: tailwindcss_oxide::scanner: Discovering "D:\\AI-Workspace\\employee-identity-portal\\src\\app\\api\\cyberark-conjur\\vaults"
2025-11-29T07:21:30.148924Z  INFO get_globs:scan_sources: tailwindcss_oxide::scanner: Discovering "D:\\AI-Workspace\\employee-identity-portal\\src\\app\\api\\cyberark-dpa"
2025-11-29T07:21:30.149256Z  INFO get_globs:scan_sources: tailwindcss_oxide::scanner: Discovering "D:\\AI-Workspace\\employee-identity-portal\\src\\app\\api\\cyberark-dpa\\authorizations"
2025-11-29T07:21:30.149683Z  INFO get_globs:scan_sources: tailwindcss_oxide::scanner: Discovering "D:\\AI-Workspace\\employee-identity-portal\\src\\app\\api\\cyberark-dpa\\policies"
2025-11-29T07:21:30.150102Z  INFO get_globs:scan_sources: tailwindcss_oxide::scanner: Discovering "D:\\AI-Workspace\\employee-identity-portal\\src\\app\\api\\cyberark-dpa\\risk-assessment"
2025-11-29T07:21:30.150548Z  INFO get_globs:scan_sources: tailwindcss_oxide::scanner: Discovering "D:\\AI-Workspace\\employee-identity-portal\\src\\app\\api\\cyberark-epm"
2025-11-29T07:21:30.150874Z  INFO get_globs:scan_sources: tailwindcss_oxide::scanner: Discovering "D:\\AI-Workspace\\employee-identity-portal\\src\\app\\api\\cyberark-epm\\applications"
2025-11-29T07:21:30.151296Z  INFO get_globs:scan_sources: tailwindcss_oxide::scanner: Discovering "D:\\AI-Workspace\\employee-identity-portal\\src\\app\\api\\cyberark-epm\\elevation-history"
2025-11-29T07:21:30.151733Z  INFO get_globs:scan_sources: tailwindcss_oxide::scanner: Discovering "D:\\AI-Workspace\\employee-identity-portal\\src\\app\\api\\cyberark-epm\\policies"
2025-11-29T07:21:30.152201Z  INFO get_globs:scan_sources: tailwindcss_oxide::scanner: Discovering "D:\\AI-Workspace\\employee-identity-portal\\src\\app\\api\\cyberark-identity"
2025-11-29T07:21:30.152555Z  INFO get_globs:scan_sources: tailwindcss_oxide::scanner: Discovering "D:\\AI-Workspace\\employee-identity-portal\\src\\app\\api\\cyberark-identity\\devices"
2025-11-29T07:21:30.152993Z  INFO get_globs:scan_sources: tailwindcss_oxide::scanner: Discovering "D:\\AI-Workspace\\employee-identity-portal\\src\\app\\api\\cyberark-identity\\login-history"
2025-11-29T07:21:30.153428Z  INFO get_globs:scan_sources: tailwindcss_oxide::scanner: Discovering "D:\\AI-Workspace\\employee-identity-portal\\src\\app\\api\\cyberark-identity\\sso-apps"
2025-11-29T07:21:30.153893Z  INFO get_globs:scan_sources: tailwindcss_oxide::scanner: Discovering "D:\\AI-Workspace\\employee-identity-portal\\src\\app\\api\\mfa"
2025-11-29T07:21:30.154271Z  INFO get_globs:scan_sources: tailwindcss_oxide::scanner: Discovering "D:\\AI-Workspace\\employee-identity-portal\\src\\app\\api\\mfa\\devices"
2025-11-29T07:21:30.154567Z  INFO get_globs:scan_sources: tailwindcss_oxide::scanner: Discovering "D:\\AI-Workspace\\employee-identity-portal\\src\\app\\api\\mfa\\events"
2025-11-29T07:21:30.154826Z  INFO get_globs:scan_sources: tailwindcss_oxide::scanner: Discovering "D:\\AI-Workspace\\employee-identity-portal\\src\\app\\api\\mfa\\status"
2025-11-29T07:21:30.155137Z  INFO get_globs:scan_sources: tailwindcss_oxide::scanner: Discovering "D:\\AI-Workspace\\employee-identity-portal\\src\\app\\api\\own-cyberark-alero"
2025-11-29T07:21:30.155467Z  INFO get_globs:scan_sources: tailwindcss_oxide::scanner: Discovering "D:\\AI-Workspace\\employee-identity-portal\\src\\app\\api\\own-cyberark-alero\\details"
2025-11-29T07:21:30.155976Z  INFO get_globs:scan_sources: tailwindcss_oxide::scanner: Discovering "D:\\AI-Workspace\\employee-identity-portal\\src\\app\\api\\own-cyberark-conjur"
2025-11-29T07:21:30.156323Z  INFO get_globs:scan_sources: tailwindcss_oxide::scanner: Discovering "D:\\AI-Workspace\\employee-identity-portal\\src\\app\\api\\own-cyberark-conjur\\details"
2025-11-29T07:21:30.156863Z  INFO get_globs:scan_sources: tailwindcss_oxide::scanner: Discovering "D:\\AI-Workspace\\employee-identity-portal\\src\\app\\api\\own-cyberark-dpa"
2025-11-29T07:21:30.157200Z  INFO get_globs:scan_sources: tailwindcss_oxide::scanner: Discovering "D:\\AI-Workspace\\employee-identity-portal\\src\\app\\api\\own-cyberark-dpa\\details"
2025-11-29T07:21:30.157729Z  INFO get_globs:scan_sources: tailwindcss_oxide::scanner: Discovering "D:\\AI-Workspace\\employee-identity-portal\\src\\app\\api\\own-cyberark-epm"
2025-11-29T07:21:30.158073Z  INFO get_globs:scan_sources: tailwindcss_oxide::scanner: Discovering "D:\\AI-Workspace\\employee-identity-portal\\src\\app\\api\\own-cyberark-epm\\details"
2025-11-29T07:21:30.158598Z  INFO get_globs:scan_sources: tailwindcss_oxide::scanner: Discovering "D:\\AI-Workspace\\employee-identity-portal\\src\\app\\api\\own-cyberark-identity"
2025-11-29T07:21:30.158926Z  INFO get_globs:scan_sources: tailwindcss_oxide::scanner: Discovering "D:\\AI-Workspace\\employee-identity-portal\\src\\app\\api\\own-cyberark-identity\\details"
2025-11-29T07:21:30.159515Z  INFO get_globs:scan_sources: tailwindcss_oxide::scanner: Discovering "D:\\AI-Workspace\\employee-identity-portal\\src\\app\\api\\own-ping-access"
2025-11-29T07:21:30.159870Z  INFO get_globs:scan_sources: tailwindcss_oxide::scanner: Discovering "D:\\AI-Workspace\\employee-identity-portal\\src\\app\\api\\own-ping-access\\details"
2025-11-29T07:21:30.160374Z  INFO get_globs:scan_sources: tailwindcss_oxide::scanner: Discovering "D:\\AI-Workspace\\employee-identity-portal\\src\\app\\api\\own-ping-authorize"
2025-11-29T07:21:30.160727Z  INFO get_globs:scan_sources: tailwindcss_oxide::scanner: Discovering "D:\\AI-Workspace\\employee-identity-portal\\src\\app\\api\\own-ping-authorize\\details"
2025-11-29T07:21:30.162321Z  INFO get_globs:scan_sources: tailwindcss_oxide::scanner: Discovering "D:\\AI-Workspace\\employee-identity-portal\\src\\app\\api\\own-ping-intelligence"
2025-11-29T07:21:30.162868Z  INFO get_globs:scan_sources: tailwindcss_oxide::scanner: Discovering "D:\\AI-Workspace\\employee-identity-portal\\src\\app\\api\\own-ping-intelligence\\details"
2025-11-29T07:21:30.163687Z  INFO get_globs:scan_sources: tailwindcss_oxide::scanner: Discovering "D:\\AI-Workspace\\employee-identity-portal\\src\\app\\api\\pd"
2025-11-29T07:21:30.164058Z  INFO get_globs:scan_sources: tailwindcss_oxide::scanner: Discovering "D:\\AI-Workspace\\employee-identity-portal\\src\\app\\api\\pd\\audit"
2025-11-29T07:21:30.164505Z  INFO get_globs:scan_sources: tailwindcss_oxide::scanner: Discovering "D:\\AI-Workspace\\employee-identity-portal\\src\\app\\api\\pd\\groups"
2025-11-29T07:21:30.165512Z  INFO get_globs:scan_sources: tailwindcss_oxide::scanner: Discovering "D:\\AI-Workspace\\employee-identity-portal\\src\\app\\api\\pd\\profile"
2025-11-29T07:21:30.165959Z  INFO get_globs:scan_sources: tailwindcss_oxide::scanner: Discovering "D:\\AI-Workspace\\employee-identity-portal\\src\\app\\api\\pf"
2025-11-29T07:21:30.166169Z  INFO get_globs:scan_sources: tailwindcss_oxide::scanner: Discovering "D:\\AI-Workspace\\employee-identity-portal\\src\\app\\api\\pf\\oidc"
2025-11-29T07:21:30.166442Z  INFO get_globs:scan_sources: tailwindcss_oxide::scanner: Discovering "D:\\AI-Workspace\\employee-identity-portal\\src\\app\\api\\pf\\saml"
2025-11-29T07:21:30.166692Z  INFO get_globs:scan_sources: tailwindcss_oxide::scanner: Discovering "D:\\AI-Workspace\\employee-identity-portal\\src\\app\\api\\pf\\userinfo"
2025-11-29T07:21:30.166954Z  INFO get_globs:scan_sources: tailwindcss_oxide::scanner: Discovering "D:\\AI-Workspace\\employee-identity-portal\\src\\app\\api\\saviynt"
2025-11-29T07:21:30.167141Z  INFO get_globs:scan_sources: tailwindcss_oxide::scanner: Discovering "D:\\AI-Workspace\\employee-identity-portal\\src\\app\\api\\saviynt\\entitlements"
2025-11-29T07:21:30.167394Z  INFO get_globs:scan_sources: tailwindcss_oxide::scanner: Discovering "D:\\AI-Workspace\\employee-identity-portal\\src\\app\\api\\saviynt\\requests"
2025-11-29T07:21:30.167640Z  INFO get_globs:scan_sources: tailwindcss_oxide::scanner: Discovering "D:\\AI-Workspace\\employee-identity-portal\\src\\app\\api\\saviynt\\roles"
2025-11-29T07:21:30.167901Z  INFO get_globs:scan_sources: tailwindcss_oxide::scanner: Discovering "D:\\AI-Workspace\\employee-identity-portal\\src\\app\\api\\search-employee"
2025-11-29T07:21:30.168127Z  INFO get_globs:scan_sources: tailwindcss_oxide::scanner: Discovering "D:\\AI-Workspace\\employee-identity-portal\\src\\app\\api\\search-employee\\[query]"
2025-11-29T07:21:30.168318Z  INFO get_globs:scan_sources: tailwindcss_oxide::scanner: Discovering "D:\\AI-Workspace\\employee-identity-portal\\src\\app\\api\\search-employee\\[query]\\details"
2025-11-29T07:21:30.168637Z  INFO get_globs:scan_sources: tailwindcss_oxide::scanner: Discovering "D:\\AI-Workspace\\employee-identity-portal\\src\\app\\api\\send-email"
2025-11-29T07:21:30.168881Z  INFO get_globs:scan_sources: tailwindcss_oxide::scanner: Discovering "D:\\AI-Workspace\\employee-identity-portal\\src\\app\\api\\snow"
2025-11-29T07:21:30.169066Z  INFO get_globs:scan_sources: tailwindcss_oxide::scanner: Discovering "D:\\AI-Workspace\\employee-identity-portal\\src\\app\\api\\snow\\incidents"
2025-11-29T07:21:30.169329Z  INFO get_globs:scan_sources: tailwindcss_oxide::scanner: Discovering "D:\\AI-Workspace\\employee-identity-portal\\src\\app\\api\\submit-snow-ticket"
2025-11-29T07:21:30.169796Z  INFO get_globs:scan_sources: tailwindcss_oxide::scanner: Discovering "D:\\AI-Workspace\\employee-identity-portal\\src\\components"
2025-11-29T07:21:30.170143Z  INFO get_globs:scan_sources: tailwindcss_oxide::scanner: Discovering "D:\\AI-Workspace\\employee-identity-portal\\src\\components\\dialogs"
2025-11-29T07:21:30.171106Z  INFO get_globs:scan_sources: tailwindcss_oxide::scanner: Discovering "D:\\AI-Workspace\\employee-identity-portal\\src\\components\\sections"
2025-11-29T07:21:30.171766Z  INFO get_globs:scan_sources: tailwindcss_oxide::scanner: Discovering "D:\\AI-Workspace\\employee-identity-portal\\src\\components\\ui"
2025-11-29T07:21:30.175229Z  INFO get_globs:scan_sources: tailwindcss_oxide::scanner: Discovering "D:\\AI-Workspace\\employee-identity-portal\\src\\context"
2025-11-29T07:21:30.175650Z  INFO get_globs:scan_sources: tailwindcss_oxide::scanner: Discovering "D:\\AI-Workspace\\employee-identity-portal\\src\\hooks"
2025-11-29T07:21:30.176853Z  INFO get_globs:scan_sources: tailwindcss_oxide::scanner: Discovering "D:\\AI-Workspace\\employee-identity-portal\\src\\lib"
2025-11-29T07:21:30.177604Z  INFO get_globs:scan_sources: tailwindcss_oxide::scanner: Discovering "D:\\AI-Workspace\\employee-identity-portal\\src\\lib\\hooks"
2025-11-29T07:21:30.179653Z  INFO get_globs:scan_sources: tailwindcss_oxide::scanner: Discovering "D:\\AI-Workspace\\employee-identity-portal\\src\\visual-edits"
2025-11-29T07:21:30.180409Z  INFO get_globs:scan_sources: tailwindcss_oxide::scanner: exit
2025-11-29T07:21:30.200166Z  INFO get_globs: tailwindcss_oxide::scanner: exit
