2025-11-29T07:20:40.607751Z  INFO tailwindcss_oxide::scanner: Provided sources:
2025-11-29T07:20:40.607887Z  INFO tailwindcss_oxide::scanner: Source: PublicSourceEntry { base: "D:\\AI-Workspace\\employee-identity-portal", pattern: "**/*", negated: false }
2025-11-29T07:20:40.608163Z  INFO tailwindcss_oxide::scanner: Optimized sources:
2025-11-29T07:20:40.608187Z  INFO tailwindcss_oxide::scanner: Source: Auto { base: "D:\\AI-Workspace\\employee-identity-portal" }
2025-11-29T07:20:40.612116Z  INFO scan_sources: tailwindcss_oxide::scanner: enter
2025-11-29T07:20:40.614320Z  INFO scan_sources: tailwindcss_oxide::scanner: Discovering "D:\\AI-Workspace\\employee-identity-portal\\.env.example"
2025-11-29T07:20:40.614496Z  INFO scan_sources: tailwindcss_oxide::scanner: Discovering "D:\\AI-Workspace\\employee-identity-portal\\.env.local"
2025-11-29T07:20:40.620057Z  INFO scan_sources: tailwindcss_oxide::scanner: Discovering "D:\\AI-Workspace\\employee-identity-portal\\backend"
2025-11-29T07:20:40.620345Z  INFO scan_sources: tailwindcss_oxide::scanner: Discovering "D:\\AI-Workspace\\employee-identity-portal\\backend\\.env"
2025-11-29T07:20:40.620527Z  INFO scan_sources: tailwindcss_oxide::scanner: Discovering "D:\\AI-Workspace\\employee-identity-portal\\backend\\config"
2025-11-29T07:20:40.620814Z  INFO scan_sources: tailwindcss_oxide::scanner: Discovering "D:\\AI-Workspace\\employee-identity-portal\\backend\\config\\features.json"
2025-11-29T07:20:40.620937Z  INFO scan_sources: tailwindcss_oxide::scanner: Discovering "D:\\AI-Workspace\\employee-identity-portal\\backend\\config\\roles.json"
2025-11-29T07:20:40.621148Z  INFO scan_sources: tailwindcss_oxide::scanner: Discovering "D:\\AI-Workspace\\employee-identity-portal\\backend\\logs"
2025-11-29T07:20:40.621526Z  INFO scan_sources: tailwindcss_oxide::scanner: Discovering "D:\\AI-Workspace\\employee-identity-portal\\backend\\middleware"
2025-11-29T07:20:40.621798Z  INFO scan_sources: tailwindcss_oxide::scanner: Discovering "D:\\AI-Workspace\\employee-identity-portal\\backend\\middleware\\auth.js"
2025-11-29T07:20:40.621918Z  INFO scan_sources: tailwindcss_oxide::scanner: Discovering "D:\\AI-Workspace\\employee-identity-portal\\backend\\middleware\\errorHandler.js"
2025-11-29T07:20:40.622037Z  INFO scan_sources: tailwindcss_oxide::scanner: Discovering "D:\\AI-Workspace\\employee-identity-portal\\backend\\middleware\\index.js"
2025-11-29T07:20:40.622156Z  INFO scan_sources: tailwindcss_oxide::scanner: Discovering "D:\\AI-Workspace\\employee-identity-portal\\backend\\middleware\\requestLogger.js"
2025-11-29T07:20:40.622375Z  INFO scan_sources: tailwindcss_oxide::scanner: Discovering "D:\\AI-Workspace\\employee-identity-portal\\backend\\mocks"
2025-11-29T07:20:40.622655Z  INFO scan_sources: tailwindcss_oxide::scanner: Discovering "D:\\AI-Workspace\\employee-identity-portal\\backend\\mocks\\all-users.json"
2025-11-29T07:20:40.622773Z  INFO scan_sources: tailwindcss_oxide::scanner: Discovering "D:\\AI-Workspace\\employee-identity-portal\\backend\\mocks\\azure-ad-details.json"
2025-11-29T07:20:40.622885Z  INFO scan_sources: tailwindcss_oxide::scanner: Discovering "D:\\AI-Workspace\\employee-identity-portal\\backend\\mocks\\azure-ad-initial.json"
2025-11-29T07:20:40.623001Z  INFO scan_sources: tailwindcss_oxide::scanner: Discovering "D:\\AI-Workspace\\employee-identity-portal\\backend\\mocks\\cyberark-details.json"
2025-11-29T07:20:40.623119Z  INFO scan_sources: tailwindcss_oxide::scanner: Discovering "D:\\AI-Workspace\\employee-identity-portal\\backend\\mocks\\cyberark-initial.json"
2025-11-29T07:20:40.623249Z  INFO scan_sources: tailwindcss_oxide::scanner: Discovering "D:\\AI-Workspace\\employee-identity-portal\\backend\\mocks\\ping-access-details.json"
2025-11-29T07:20:40.623362Z  INFO scan_sources: tailwindcss_oxide::scanner: Discovering "D:\\AI-Workspace\\employee-identity-portal\\backend\\mocks\\ping-access-initial.json"
2025-11-29T07:20:40.623472Z  INFO scan_sources: tailwindcss_oxide::scanner: Discovering "D:\\AI-Workspace\\employee-identity-portal\\backend\\mocks\\ping-access-search.json"
2025-11-29T07:20:40.623665Z  INFO scan_sources: tailwindcss_oxide::scanner: Discovering "D:\\AI-Workspace\\employee-identity-portal\\backend\\mocks\\ping-authorize-details.json"
2025-11-29T07:20:40.623784Z  INFO scan_sources: tailwindcss_oxide::scanner: Discovering "D:\\AI-Workspace\\employee-identity-portal\\backend\\mocks\\ping-authorize-initial.json"
2025-11-29T07:20:40.623898Z  INFO scan_sources: tailwindcss_oxide::scanner: Discovering "D:\\AI-Workspace\\employee-identity-portal\\backend\\mocks\\ping-authorize-search.json"
2025-11-29T07:20:40.624017Z  INFO scan_sources: tailwindcss_oxide::scanner: Discovering "D:\\AI-Workspace\\employee-identity-portal\\backend\\mocks\\ping-directory-details.json"
2025-11-29T07:20:40.624129Z  INFO scan_sources: tailwindcss_oxide::scanner: Discovering "D:\\AI-Workspace\\employee-identity-portal\\backend\\mocks\\ping-directory-initial.json"
2025-11-29T07:20:40.624240Z  INFO scan_sources: tailwindcss_oxide::scanner: Discovering "D:\\AI-Workspace\\employee-identity-portal\\backend\\mocks\\ping-directory-search.json"
2025-11-29T07:20:40.624354Z  INFO scan_sources: tailwindcss_oxide::scanner: Discovering "D:\\AI-Workspace\\employee-identity-portal\\backend\\mocks\\ping-federate-details.json"
2025-11-29T07:20:40.624466Z  INFO scan_sources: tailwindcss_oxide::scanner: Discovering "D:\\AI-Workspace\\employee-identity-portal\\backend\\mocks\\ping-federate-initial.json"
2025-11-29T07:20:40.624580Z  INFO scan_sources: tailwindcss_oxide::scanner: Discovering "D:\\AI-Workspace\\employee-identity-portal\\backend\\mocks\\ping-intelligence-details.json"
2025-11-29T07:20:40.624692Z  INFO scan_sources: tailwindcss_oxide::scanner: Discovering "D:\\AI-Workspace\\employee-identity-portal\\backend\\mocks\\ping-intelligence-initial.json"
2025-11-29T07:20:40.624804Z  INFO scan_sources: tailwindcss_oxide::scanner: Discovering "D:\\AI-Workspace\\employee-identity-portal\\backend\\mocks\\ping-intelligence-search.json"
2025-11-29T07:20:40.624934Z  INFO scan_sources: tailwindcss_oxide::scanner: Discovering "D:\\AI-Workspace\\employee-identity-portal\\backend\\mocks\\ping-mfa-details.json"
2025-11-29T07:20:40.625050Z  INFO scan_sources: tailwindcss_oxide::scanner: Discovering "D:\\AI-Workspace\\employee-identity-portal\\backend\\mocks\\ping-mfa-initial.json"
2025-11-29T07:20:40.625162Z  INFO scan_sources: tailwindcss_oxide::scanner: Discovering "D:\\AI-Workspace\\employee-identity-portal\\backend\\mocks\\ping-mfa-search.json"
2025-11-29T07:20:40.625290Z  INFO scan_sources: tailwindcss_oxide::scanner: Discovering "D:\\AI-Workspace\\employee-identity-portal\\backend\\mocks\\readme.txt"
2025-11-29T07:20:40.625408Z  INFO scan_sources: tailwindcss_oxide::scanner: Discovering "D:\\AI-Workspace\\employee-identity-portal\\backend\\mocks\\saviynt-details.json"
2025-11-29T07:20:40.625525Z  INFO scan_sources: tailwindcss_oxide::scanner: Discovering "D:\\AI-Workspace\\employee-identity-portal\\backend\\mocks\\saviynt-initial.json"
2025-11-29T07:20:40.625635Z  INFO scan_sources: tailwindcss_oxide::scanner: Discovering "D:\\AI-Workspace\\employee-identity-portal\\backend\\mocks\\snow-incidents.json"
2025-11-29T07:20:40.626133Z  INFO scan_sources: tailwindcss_oxide::scanner: Discovering "D:\\AI-Workspace\\employee-identity-portal\\backend\\package.json"
2025-11-29T07:20:40.626311Z  INFO scan_sources: tailwindcss_oxide::scanner: Discovering "D:\\AI-Workspace\\employee-identity-portal\\backend\\routes"
2025-11-29T07:20:40.626576Z  INFO scan_sources: tailwindcss_oxide::scanner: Discovering "D:\\AI-Workspace\\employee-identity-portal\\backend\\routes\\auth.js"
2025-11-29T07:20:40.626690Z  INFO scan_sources: tailwindcss_oxide::scanner: Discovering "D:\\AI-Workspace\\employee-identity-portal\\backend\\routes\\index.js"
2025-11-29T07:20:40.626801Z  INFO scan_sources: tailwindcss_oxide::scanner: Discovering "D:\\AI-Workspace\\employee-identity-portal\\backend\\routes\\search.js"
2025-11-29T07:20:40.626912Z  INFO scan_sources: tailwindcss_oxide::scanner: Discovering "D:\\AI-Workspace\\employee-identity-portal\\backend\\routes\\snow.js"
2025-11-29T07:20:40.627083Z  INFO scan_sources: tailwindcss_oxide::scanner: Discovering "D:\\AI-Workspace\\employee-identity-portal\\backend\\routes\\systems.js"
2025-11-29T07:20:40.627231Z  INFO scan_sources: tailwindcss_oxide::scanner: Discovering "D:\\AI-Workspace\\employee-identity-portal\\backend\\server.js"
2025-11-29T07:20:40.627407Z  INFO scan_sources: tailwindcss_oxide::scanner: Discovering "D:\\AI-Workspace\\employee-identity-portal\\backend\\services"
2025-11-29T07:20:40.627666Z  INFO scan_sources: tailwindcss_oxide::scanner: Discovering "D:\\AI-Workspace\\employee-identity-portal\\backend\\services\\index.js"
2025-11-29T07:20:40.627783Z  INFO scan_sources: tailwindcss_oxide::scanner: Discovering "D:\\AI-Workspace\\employee-identity-portal\\backend\\services\\mockDataService.js"
2025-11-29T07:20:40.627895Z  INFO scan_sources: tailwindcss_oxide::scanner: Discovering "D:\\AI-Workspace\\employee-identity-portal\\backend\\services\\rbacService.js"
2025-11-29T07:20:40.628099Z  INFO scan_sources: tailwindcss_oxide::scanner: Discovering "D:\\AI-Workspace\\employee-identity-portal\\backend\\utils"
2025-11-29T07:20:40.628353Z  INFO scan_sources: tailwindcss_oxide::scanner: Discovering "D:\\AI-Workspace\\employee-identity-portal\\backend\\utils\\logger.js"
2025-11-29T07:20:40.628568Z  INFO scan_sources: tailwindcss_oxide::scanner: Discovering "D:\\AI-Workspace\\employee-identity-portal\\components.json"
2025-11-29T07:20:40.628689Z  INFO scan_sources: tailwindcss_oxide::scanner: Discovering "D:\\AI-Workspace\\employee-identity-portal\\DATA_FLOW.md"
2025-11-29T07:20:40.628809Z  INFO scan_sources: tailwindcss_oxide::scanner: Discovering "D:\\AI-Workspace\\employee-identity-portal\\eslint.config.mjs"
2025-11-29T07:20:40.628948Z  INFO scan_sources: tailwindcss_oxide::scanner: Discovering "D:\\AI-Workspace\\employee-identity-portal\\next.config.ts"
2025-11-29T07:20:40.629338Z  INFO scan_sources: tailwindcss_oxide::scanner: Discovering "D:\\AI-Workspace\\employee-identity-portal\\package.json"
2025-11-29T07:20:40.629453Z  INFO scan_sources: tailwindcss_oxide::scanner: Discovering "D:\\AI-Workspace\\employee-identity-portal\\postcss.config.mjs"
2025-11-29T07:20:40.629627Z  INFO scan_sources: tailwindcss_oxide::scanner: Discovering "D:\\AI-Workspace\\employee-identity-portal\\public"
2025-11-29T07:20:40.629887Z  INFO scan_sources: tailwindcss_oxide::scanner: Discovering "D:\\AI-Workspace\\employee-identity-portal\\public\\file.svg"
2025-11-29T07:20:40.630009Z  INFO scan_sources: tailwindcss_oxide::scanner: Discovering "D:\\AI-Workspace\\employee-identity-portal\\public\\globe.svg"
2025-11-29T07:20:40.630121Z  INFO scan_sources: tailwindcss_oxide::scanner: Discovering "D:\\AI-Workspace\\employee-identity-portal\\public\\next.svg"
2025-11-29T07:20:40.630239Z  INFO scan_sources: tailwindcss_oxide::scanner: Discovering "D:\\AI-Workspace\\employee-identity-portal\\public\\vercel.svg"
2025-11-29T07:20:40.630369Z  INFO scan_sources: tailwindcss_oxide::scanner: Discovering "D:\\AI-Workspace\\employee-identity-portal\\public\\window.svg"
2025-11-29T07:20:40.630512Z  INFO scan_sources: tailwindcss_oxide::scanner: Discovering "D:\\AI-Workspace\\employee-identity-portal\\README.md"
2025-11-29T07:20:40.630621Z  INFO scan_sources: tailwindcss_oxide::scanner: Discovering "D:\\AI-Workspace\\employee-identity-portal\\REFACTORING.md"
2025-11-29T07:20:40.630732Z  INFO scan_sources: tailwindcss_oxide::scanner: Discovering "D:\\AI-Workspace\\employee-identity-portal\\REFACTORING_COMPLETION.md"
2025-11-29T07:20:40.630846Z  INFO scan_sources: tailwindcss_oxide::scanner: Discovering "D:\\AI-Workspace\\employee-identity-portal\\REFACTORING_EXECUTIVE_SUMMARY.md"
2025-11-29T07:20:40.630968Z  INFO scan_sources: tailwindcss_oxide::scanner: Discovering "D:\\AI-Workspace\\employee-identity-portal\\REFACTORING_TECHNICAL_DETAILS.md"
2025-11-29T07:20:40.631145Z  INFO scan_sources: tailwindcss_oxide::scanner: Discovering "D:\\AI-Workspace\\employee-identity-portal\\src"
2025-11-29T07:20:40.631466Z  INFO scan_sources: tailwindcss_oxide::scanner: Discovering "D:\\AI-Workspace\\employee-identity-portal\\src\\app"
2025-11-29T07:20:40.631799Z  INFO scan_sources: tailwindcss_oxide::scanner: Discovering "D:\\AI-Workspace\\employee-identity-portal\\src\\app\\api"
2025-11-29T07:20:40.632137Z  INFO scan_sources: tailwindcss_oxide::scanner: Discovering "D:\\AI-Workspace\\employee-identity-portal\\src\\app\\api\\aad"
2025-11-29T07:20:40.632440Z  INFO scan_sources: tailwindcss_oxide::scanner: Discovering "D:\\AI-Workspace\\employee-identity-portal\\src\\app\\api\\aad\\groups"
2025-11-29T07:20:40.632698Z  INFO scan_sources: tailwindcss_oxide::scanner: Discovering "D:\\AI-Workspace\\employee-identity-portal\\src\\app\\api\\aad\\groups\\route.ts"
2025-11-29T07:20:40.633785Z  INFO scan_sources: tailwindcss_oxide::scanner: Discovering "D:\\AI-Workspace\\employee-identity-portal\\src\\app\\api\\aad\\signins"
2025-11-29T07:20:40.634118Z  INFO scan_sources: tailwindcss_oxide::scanner: Discovering "D:\\AI-Workspace\\employee-identity-portal\\src\\app\\api\\aad\\signins\\route.ts"
2025-11-29T07:20:40.634294Z  INFO scan_sources: tailwindcss_oxide::scanner: Discovering "D:\\AI-Workspace\\employee-identity-portal\\src\\app\\api\\aad\\user"
2025-11-29T07:20:40.634537Z  INFO scan_sources: tailwindcss_oxide::scanner: Discovering "D:\\AI-Workspace\\employee-identity-portal\\src\\app\\api\\aad\\user\\route.ts"
2025-11-29T07:20:40.634785Z  INFO scan_sources: tailwindcss_oxide::scanner: Discovering "D:\\AI-Workspace\\employee-identity-portal\\src\\app\\api\\auth"
2025-11-29T07:20:40.635089Z  INFO scan_sources: tailwindcss_oxide::scanner: Discovering "D:\\AI-Workspace\\employee-identity-portal\\src\\app\\api\\auth\\login"
2025-11-29T07:20:40.635341Z  INFO scan_sources: tailwindcss_oxide::scanner: Discovering "D:\\AI-Workspace\\employee-identity-portal\\src\\app\\api\\auth\\login\\route.ts"
2025-11-29T07:20:40.635583Z  INFO scan_sources: tailwindcss_oxide::scanner: Discovering "D:\\AI-Workspace\\employee-identity-portal\\src\\app\\api\\config"
2025-11-29T07:20:40.635884Z  INFO scan_sources: tailwindcss_oxide::scanner: Discovering "D:\\AI-Workspace\\employee-identity-portal\\src\\app\\api\\config\\features"
2025-11-29T07:20:40.636129Z  INFO scan_sources: tailwindcss_oxide::scanner: Discovering "D:\\AI-Workspace\\employee-identity-portal\\src\\app\\api\\config\\features\\route.ts"
2025-11-29T07:20:40.636343Z  INFO scan_sources: tailwindcss_oxide::scanner: Discovering "D:\\AI-Workspace\\employee-identity-portal\\src\\app\\api\\cyberark"
2025-11-29T07:20:40.636634Z  INFO scan_sources: tailwindcss_oxide::scanner: Discovering "D:\\AI-Workspace\\employee-identity-portal\\src\\app\\api\\cyberark\\accounts"
2025-11-29T07:20:40.636871Z  INFO scan_sources: tailwindcss_oxide::scanner: Discovering "D:\\AI-Workspace\\employee-identity-portal\\src\\app\\api\\cyberark\\accounts\\route.ts"
2025-11-29T07:20:40.637060Z  INFO scan_sources: tailwindcss_oxide::scanner: Discovering "D:\\AI-Workspace\\employee-identity-portal\\src\\app\\api\\cyberark\\activity"
2025-11-29T07:20:40.637298Z  INFO scan_sources: tailwindcss_oxide::scanner: Discovering "D:\\AI-Workspace\\employee-identity-portal\\src\\app\\api\\cyberark\\activity\\route.ts"
2025-11-29T07:20:40.637484Z  INFO scan_sources: tailwindcss_oxide::scanner: Discovering "D:\\AI-Workspace\\employee-identity-portal\\src\\app\\api\\cyberark\\safes"
2025-11-29T07:20:40.637719Z  INFO scan_sources: tailwindcss_oxide::scanner: Discovering "D:\\AI-Workspace\\employee-identity-portal\\src\\app\\api\\cyberark\\safes\\route.ts"
2025-11-29T07:20:40.637926Z  INFO scan_sources: tailwindcss_oxide::scanner: Discovering "D:\\AI-Workspace\\employee-identity-portal\\src\\app\\api\\cyberark-alero"
2025-11-29T07:20:40.638204Z  INFO scan_sources: tailwindcss_oxide::scanner: Discovering "D:\\AI-Workspace\\employee-identity-portal\\src\\app\\api\\cyberark-alero\\recordings"
2025-11-29T07:20:40.638429Z  INFO scan_sources: tailwindcss_oxide::scanner: Discovering "D:\\AI-Workspace\\employee-identity-portal\\src\\app\\api\\cyberark-alero\\recordings\\route.ts"
2025-11-29T07:20:40.638606Z  INFO scan_sources: tailwindcss_oxide::scanner: Discovering "D:\\AI-Workspace\\employee-identity-portal\\src\\app\\api\\cyberark-alero\\sessions"
2025-11-29T07:20:40.638888Z  INFO scan_sources: tailwindcss_oxide::scanner: Discovering "D:\\AI-Workspace\\employee-identity-portal\\src\\app\\api\\cyberark-alero\\sessions\\route.ts"
2025-11-29T07:20:40.639085Z  INFO scan_sources: tailwindcss_oxide::scanner: Discovering "D:\\AI-Workspace\\employee-identity-portal\\src\\app\\api\\cyberark-alero\\targets"
2025-11-29T07:20:40.639316Z  INFO scan_sources: tailwindcss_oxide::scanner: Discovering "D:\\AI-Workspace\\employee-identity-portal\\src\\app\\api\\cyberark-alero\\targets\\route.ts"
2025-11-29T07:20:40.639519Z  INFO scan_sources: tailwindcss_oxide::scanner: Discovering "D:\\AI-Workspace\\employee-identity-portal\\src\\app\\api\\cyberark-conjur"
2025-11-29T07:20:40.639802Z  INFO scan_sources: tailwindcss_oxide::scanner: Discovering "D:\\AI-Workspace\\employee-identity-portal\\src\\app\\api\\cyberark-conjur\\rotation"
2025-11-29T07:20:40.640023Z  INFO scan_sources: tailwindcss_oxide::scanner: Discovering "D:\\AI-Workspace\\employee-identity-portal\\src\\app\\api\\cyberark-conjur\\rotation\\route.ts"
2025-11-29T07:20:40.640205Z  INFO scan_sources: tailwindcss_oxide::scanner: Discovering "D:\\AI-Workspace\\employee-identity-portal\\src\\app\\api\\cyberark-conjur\\secrets"
2025-11-29T07:20:40.640436Z  INFO scan_sources: tailwindcss_oxide::scanner: Discovering "D:\\AI-Workspace\\employee-identity-portal\\src\\app\\api\\cyberark-conjur\\secrets\\route.ts"
2025-11-29T07:20:40.640615Z  INFO scan_sources: tailwindcss_oxide::scanner: Discovering "D:\\AI-Workspace\\employee-identity-portal\\src\\app\\api\\cyberark-conjur\\vaults"
2025-11-29T07:20:40.640840Z  INFO scan_sources: tailwindcss_oxide::scanner: Discovering "D:\\AI-Workspace\\employee-identity-portal\\src\\app\\api\\cyberark-conjur\\vaults\\route.ts"
2025-11-29T07:20:40.641044Z  INFO scan_sources: tailwindcss_oxide::scanner: Discovering "D:\\AI-Workspace\\employee-identity-portal\\src\\app\\api\\cyberark-dpa"
2025-11-29T07:20:40.641331Z  INFO scan_sources: tailwindcss_oxide::scanner: Discovering "D:\\AI-Workspace\\employee-identity-portal\\src\\app\\api\\cyberark-dpa\\authorizations"
2025-11-29T07:20:40.641559Z  INFO scan_sources: tailwindcss_oxide::scanner: Discovering "D:\\AI-Workspace\\employee-identity-portal\\src\\app\\api\\cyberark-dpa\\authorizations\\route.ts"
2025-11-29T07:20:40.641744Z  INFO scan_sources: tailwindcss_oxide::scanner: Discovering "D:\\AI-Workspace\\employee-identity-portal\\src\\app\\api\\cyberark-dpa\\policies"
2025-11-29T07:20:40.641981Z  INFO scan_sources: tailwindcss_oxide::scanner: Discovering "D:\\AI-Workspace\\employee-identity-portal\\src\\app\\api\\cyberark-dpa\\policies\\route.ts"
2025-11-29T07:20:40.642152Z  INFO scan_sources: tailwindcss_oxide::scanner: Discovering "D:\\AI-Workspace\\employee-identity-portal\\src\\app\\api\\cyberark-dpa\\risk-assessment"
2025-11-29T07:20:40.642370Z  INFO scan_sources: tailwindcss_oxide::scanner: Discovering "D:\\AI-Workspace\\employee-identity-portal\\src\\app\\api\\cyberark-dpa\\risk-assessment\\route.ts"
2025-11-29T07:20:40.642562Z  INFO scan_sources: tailwindcss_oxide::scanner: Discovering "D:\\AI-Workspace\\employee-identity-portal\\src\\app\\api\\cyberark-epm"
2025-11-29T07:20:40.642842Z  INFO scan_sources: tailwindcss_oxide::scanner: Discovering "D:\\AI-Workspace\\employee-identity-portal\\src\\app\\api\\cyberark-epm\\applications"
2025-11-29T07:20:40.643085Z  INFO scan_sources: tailwindcss_oxide::scanner: Discovering "D:\\AI-Workspace\\employee-identity-portal\\src\\app\\api\\cyberark-epm\\applications\\route.ts"
2025-11-29T07:20:40.643277Z  INFO scan_sources: tailwindcss_oxide::scanner: Discovering "D:\\AI-Workspace\\employee-identity-portal\\src\\app\\api\\cyberark-epm\\elevation-history"
2025-11-29T07:20:40.643506Z  INFO scan_sources: tailwindcss_oxide::scanner: Discovering "D:\\AI-Workspace\\employee-identity-portal\\src\\app\\api\\cyberark-epm\\elevation-history\\route.ts"
2025-11-29T07:20:40.643685Z  INFO scan_sources: tailwindcss_oxide::scanner: Discovering "D:\\AI-Workspace\\employee-identity-portal\\src\\app\\api\\cyberark-epm\\policies"
2025-11-29T07:20:40.643913Z  INFO scan_sources: tailwindcss_oxide::scanner: Discovering "D:\\AI-Workspace\\employee-identity-portal\\src\\app\\api\\cyberark-epm\\policies\\route.ts"
2025-11-29T07:20:40.644129Z  INFO scan_sources: tailwindcss_oxide::scanner: Discovering "D:\\AI-Workspace\\employee-identity-portal\\src\\app\\api\\cyberark-identity"
2025-11-29T07:20:40.644401Z  INFO scan_sources: tailwindcss_oxide::scanner: Discovering "D:\\AI-Workspace\\employee-identity-portal\\src\\app\\api\\cyberark-identity\\devices"
2025-11-29T07:20:40.644614Z  INFO scan_sources: tailwindcss_oxide::scanner: Discovering "D:\\AI-Workspace\\employee-identity-portal\\src\\app\\api\\cyberark-identity\\devices\\route.ts"
2025-11-29T07:20:40.644787Z  INFO scan_sources: tailwindcss_oxide::scanner: Discovering "D:\\AI-Workspace\\employee-identity-portal\\src\\app\\api\\cyberark-identity\\login-history"
2025-11-29T07:20:40.645010Z  INFO scan_sources: tailwindcss_oxide::scanner: Discovering "D:\\AI-Workspace\\employee-identity-portal\\src\\app\\api\\cyberark-identity\\login-history\\route.ts"
2025-11-29T07:20:40.645186Z  INFO scan_sources: tailwindcss_oxide::scanner: Discovering "D:\\AI-Workspace\\employee-identity-portal\\src\\app\\api\\cyberark-identity\\sso-apps"
2025-11-29T07:20:40.645414Z  INFO scan_sources: tailwindcss_oxide::scanner: Discovering "D:\\AI-Workspace\\employee-identity-portal\\src\\app\\api\\cyberark-identity\\sso-apps\\route.ts"
2025-11-29T07:20:40.645626Z  INFO scan_sources: tailwindcss_oxide::scanner: Discovering "D:\\AI-Workspace\\employee-identity-portal\\src\\app\\api\\mfa"
2025-11-29T07:20:40.645891Z  INFO scan_sources: tailwindcss_oxide::scanner: Discovering "D:\\AI-Workspace\\employee-identity-portal\\src\\app\\api\\mfa\\devices"
2025-11-29T07:20:40.646100Z  INFO scan_sources: tailwindcss_oxide::scanner: Discovering "D:\\AI-Workspace\\employee-identity-portal\\src\\app\\api\\mfa\\devices\\route.ts"
2025-11-29T07:20:40.646283Z  INFO scan_sources: tailwindcss_oxide::scanner: Discovering "D:\\AI-Workspace\\employee-identity-portal\\src\\app\\api\\mfa\\events"
2025-11-29T07:20:40.646502Z  INFO scan_sources: tailwindcss_oxide::scanner: Discovering "D:\\AI-Workspace\\employee-identity-portal\\src\\app\\api\\mfa\\events\\route.ts"
2025-11-29T07:20:40.646678Z  INFO scan_sources: tailwindcss_oxide::scanner: Discovering "D:\\AI-Workspace\\employee-identity-portal\\src\\app\\api\\mfa\\status"
2025-11-29T07:20:40.646895Z  INFO scan_sources: tailwindcss_oxide::scanner: Discovering "D:\\AI-Workspace\\employee-identity-portal\\src\\app\\api\\mfa\\status\\route.ts"
2025-11-29T07:20:40.647095Z  INFO scan_sources: tailwindcss_oxide::scanner: Discovering "D:\\AI-Workspace\\employee-identity-portal\\src\\app\\api\\own-cyberark-alero"
2025-11-29T07:20:40.647350Z  INFO scan_sources: tailwindcss_oxide::scanner: Discovering "D:\\AI-Workspace\\employee-identity-portal\\src\\app\\api\\own-cyberark-alero\\details"
2025-11-29T07:20:40.647575Z  INFO scan_sources: tailwindcss_oxide::scanner: Discovering "D:\\AI-Workspace\\employee-identity-portal\\src\\app\\api\\own-cyberark-alero\\details\\route.ts"
2025-11-29T07:20:40.647697Z  INFO scan_sources: tailwindcss_oxide::scanner: Discovering "D:\\AI-Workspace\\employee-identity-portal\\src\\app\\api\\own-cyberark-alero\\route.ts"
2025-11-29T07:20:40.647868Z  INFO scan_sources: tailwindcss_oxide::scanner: Discovering "D:\\AI-Workspace\\employee-identity-portal\\src\\app\\api\\own-cyberark-conjur"
2025-11-29T07:20:40.648138Z  INFO scan_sources: tailwindcss_oxide::scanner: Discovering "D:\\AI-Workspace\\employee-identity-portal\\src\\app\\api\\own-cyberark-conjur\\details"
2025-11-29T07:20:40.648368Z  INFO scan_sources: tailwindcss_oxide::scanner: Discovering "D:\\AI-Workspace\\employee-identity-portal\\src\\app\\api\\own-cyberark-conjur\\details\\route.ts"
2025-11-29T07:20:40.648500Z  INFO scan_sources: tailwindcss_oxide::scanner: Discovering "D:\\AI-Workspace\\employee-identity-portal\\src\\app\\api\\own-cyberark-conjur\\route.ts"
2025-11-29T07:20:40.648698Z  INFO scan_sources: tailwindcss_oxide::scanner: Discovering "D:\\AI-Workspace\\employee-identity-portal\\src\\app\\api\\own-cyberark-dpa"
2025-11-29T07:20:40.648969Z  INFO scan_sources: tailwindcss_oxide::scanner: Discovering "D:\\AI-Workspace\\employee-identity-portal\\src\\app\\api\\own-cyberark-dpa\\details"
2025-11-29T07:20:40.649186Z  INFO scan_sources: tailwindcss_oxide::scanner: Discovering "D:\\AI-Workspace\\employee-identity-portal\\src\\app\\api\\own-cyberark-dpa\\details\\route.ts"
2025-11-29T07:20:40.649305Z  INFO scan_sources: tailwindcss_oxide::scanner: Discovering "D:\\AI-Workspace\\employee-identity-portal\\src\\app\\api\\own-cyberark-dpa\\route.ts"
2025-11-29T07:20:40.649633Z  INFO scan_sources: tailwindcss_oxide::scanner: Discovering "D:\\AI-Workspace\\employee-identity-portal\\src\\app\\api\\own-cyberark-epm"
2025-11-29T07:20:40.650240Z  INFO scan_sources: tailwindcss_oxide::scanner: Discovering "D:\\AI-Workspace\\employee-identity-portal\\src\\app\\api\\own-cyberark-epm\\details"
2025-11-29T07:20:40.650584Z  INFO scan_sources: tailwindcss_oxide::scanner: Discovering "D:\\AI-Workspace\\employee-identity-portal\\src\\app\\api\\own-cyberark-epm\\details\\route.ts"
2025-11-29T07:20:40.650730Z  INFO scan_sources: tailwindcss_oxide::scanner: Discovering "D:\\AI-Workspace\\employee-identity-portal\\src\\app\\api\\own-cyberark-epm\\route.ts"
2025-11-29T07:20:40.650917Z  INFO scan_sources: tailwindcss_oxide::scanner: Discovering "D:\\AI-Workspace\\employee-identity-portal\\src\\app\\api\\own-cyberark-identity"
2025-11-29T07:20:40.651211Z  INFO scan_sources: tailwindcss_oxide::scanner: Discovering "D:\\AI-Workspace\\employee-identity-portal\\src\\app\\api\\own-cyberark-identity\\details"
2025-11-29T07:20:40.651459Z  INFO scan_sources: tailwindcss_oxide::scanner: Discovering "D:\\AI-Workspace\\employee-identity-portal\\src\\app\\api\\own-cyberark-identity\\details\\route.ts"
2025-11-29T07:20:40.651584Z  INFO scan_sources: tailwindcss_oxide::scanner: Discovering "D:\\AI-Workspace\\employee-identity-portal\\src\\app\\api\\own-cyberark-identity\\route.ts"
2025-11-29T07:20:40.651762Z  INFO scan_sources: tailwindcss_oxide::scanner: Discovering "D:\\AI-Workspace\\employee-identity-portal\\src\\app\\api\\own-ping-access"
2025-11-29T07:20:40.652040Z  INFO scan_sources: tailwindcss_oxide::scanner: Discovering "D:\\AI-Workspace\\employee-identity-portal\\src\\app\\api\\own-ping-access\\details"
2025-11-29T07:20:40.653175Z  INFO scan_sources: tailwindcss_oxide::scanner: Discovering "D:\\AI-Workspace\\employee-identity-portal\\src\\app\\api\\own-ping-access\\details\\route.ts"
2025-11-29T07:20:40.653363Z  INFO scan_sources: tailwindcss_oxide::scanner: Discovering "D:\\AI-Workspace\\employee-identity-portal\\src\\app\\api\\own-ping-access\\route.ts"
2025-11-29T07:20:40.653579Z  INFO scan_sources: tailwindcss_oxide::scanner: Discovering "D:\\AI-Workspace\\employee-identity-portal\\src\\app\\api\\own-ping-authorize"
2025-11-29T07:20:40.653867Z  INFO scan_sources: tailwindcss_oxide::scanner: Discovering "D:\\AI-Workspace\\employee-identity-portal\\src\\app\\api\\own-ping-authorize\\details"
2025-11-29T07:20:40.654141Z  INFO scan_sources: tailwindcss_oxide::scanner: Discovering "D:\\AI-Workspace\\employee-identity-portal\\src\\app\\api\\own-ping-authorize\\details\\route.ts"
2025-11-29T07:20:40.654292Z  INFO scan_sources: tailwindcss_oxide::scanner: Discovering "D:\\AI-Workspace\\employee-identity-portal\\src\\app\\api\\own-ping-authorize\\route.ts"
2025-11-29T07:20:40.654496Z  INFO scan_sources: tailwindcss_oxide::scanner: Discovering "D:\\AI-Workspace\\employee-identity-portal\\src\\app\\api\\own-ping-intelligence"
2025-11-29T07:20:40.654785Z  INFO scan_sources: tailwindcss_oxide::scanner: Discovering "D:\\AI-Workspace\\employee-identity-portal\\src\\app\\api\\own-ping-intelligence\\details"
2025-11-29T07:20:40.655029Z  INFO scan_sources: tailwindcss_oxide::scanner: Discovering "D:\\AI-Workspace\\employee-identity-portal\\src\\app\\api\\own-ping-intelligence\\details\\route.ts"
2025-11-29T07:20:40.655160Z  INFO scan_sources: tailwindcss_oxide::scanner: Discovering "D:\\AI-Workspace\\employee-identity-portal\\src\\app\\api\\own-ping-intelligence\\route.ts"
2025-11-29T07:20:40.655356Z  INFO scan_sources: tailwindcss_oxide::scanner: Discovering "D:\\AI-Workspace\\employee-identity-portal\\src\\app\\api\\pd"
2025-11-29T07:20:40.655631Z  INFO scan_sources: tailwindcss_oxide::scanner: Discovering "D:\\AI-Workspace\\employee-identity-portal\\src\\app\\api\\pd\\audit"
2025-11-29T07:20:40.655862Z  INFO scan_sources: tailwindcss_oxide::scanner: Discovering "D:\\AI-Workspace\\employee-identity-portal\\src\\app\\api\\pd\\audit\\route.ts"
2025-11-29T07:20:40.656036Z  INFO scan_sources: tailwindcss_oxide::scanner: Discovering "D:\\AI-Workspace\\employee-identity-portal\\src\\app\\api\\pd\\groups"
2025-11-29T07:20:40.656266Z  INFO scan_sources: tailwindcss_oxide::scanner: Discovering "D:\\AI-Workspace\\employee-identity-portal\\src\\app\\api\\pd\\groups\\route.ts"
2025-11-29T07:20:40.656438Z  INFO scan_sources: tailwindcss_oxide::scanner: Discovering "D:\\AI-Workspace\\employee-identity-portal\\src\\app\\api\\pd\\profile"
2025-11-29T07:20:40.656668Z  INFO scan_sources: tailwindcss_oxide::scanner: Discovering "D:\\AI-Workspace\\employee-identity-portal\\src\\app\\api\\pd\\profile\\route.ts"
2025-11-29T07:20:40.656867Z  INFO scan_sources: tailwindcss_oxide::scanner: Discovering "D:\\AI-Workspace\\employee-identity-portal\\src\\app\\api\\pf"
2025-11-29T07:20:40.657128Z  INFO scan_sources: tailwindcss_oxide::scanner: Discovering "D:\\AI-Workspace\\employee-identity-portal\\src\\app\\api\\pf\\oidc"
2025-11-29T07:20:40.657351Z  INFO scan_sources: tailwindcss_oxide::scanner: Discovering "D:\\AI-Workspace\\employee-identity-portal\\src\\app\\api\\pf\\oidc\\route.ts"
2025-11-29T07:20:40.657527Z  INFO scan_sources: tailwindcss_oxide::scanner: Discovering "D:\\AI-Workspace\\employee-identity-portal\\src\\app\\api\\pf\\saml"
2025-11-29T07:20:40.657739Z  INFO scan_sources: tailwindcss_oxide::scanner: Discovering "D:\\AI-Workspace\\employee-identity-portal\\src\\app\\api\\pf\\saml\\route.ts"
2025-11-29T07:20:40.657930Z  INFO scan_sources: tailwindcss_oxide::scanner: Discovering "D:\\AI-Workspace\\employee-identity-portal\\src\\app\\api\\pf\\userinfo"
2025-11-29T07:20:40.658149Z  INFO scan_sources: tailwindcss_oxide::scanner: Discovering "D:\\AI-Workspace\\employee-identity-portal\\src\\app\\api\\pf\\userinfo\\route.ts"
2025-11-29T07:20:40.658333Z  INFO scan_sources: tailwindcss_oxide::scanner: Discovering "D:\\AI-Workspace\\employee-identity-portal\\src\\app\\api\\saviynt"
2025-11-29T07:20:40.658595Z  INFO scan_sources: tailwindcss_oxide::scanner: Discovering "D:\\AI-Workspace\\employee-identity-portal\\src\\app\\api\\saviynt\\entitlements"
2025-11-29T07:20:40.658833Z  INFO scan_sources: tailwindcss_oxide::scanner: Discovering "D:\\AI-Workspace\\employee-identity-portal\\src\\app\\api\\saviynt\\entitlements\\route.ts"
2025-11-29T07:20:40.658998Z  INFO scan_sources: tailwindcss_oxide::scanner: Discovering "D:\\AI-Workspace\\employee-identity-portal\\src\\app\\api\\saviynt\\requests"
2025-11-29T07:20:40.659225Z  INFO scan_sources: tailwindcss_oxide::scanner: Discovering "D:\\AI-Workspace\\employee-identity-portal\\src\\app\\api\\saviynt\\requests\\route.ts"
2025-11-29T07:20:40.659402Z  INFO scan_sources: tailwindcss_oxide::scanner: Discovering "D:\\AI-Workspace\\employee-identity-portal\\src\\app\\api\\saviynt\\roles"
2025-11-29T07:20:40.659664Z  INFO scan_sources: tailwindcss_oxide::scanner: Discovering "D:\\AI-Workspace\\employee-identity-portal\\src\\app\\api\\saviynt\\roles\\route.ts"
2025-11-29T07:20:40.659860Z  INFO scan_sources: tailwindcss_oxide::scanner: Discovering "D:\\AI-Workspace\\employee-identity-portal\\src\\app\\api\\search-employee"
2025-11-29T07:20:40.660088Z  INFO scan_sources: tailwindcss_oxide::scanner: Discovering "D:\\AI-Workspace\\employee-identity-portal\\src\\app\\api\\search-employee\\route.ts"
2025-11-29T07:20:40.660245Z  INFO scan_sources: tailwindcss_oxide::scanner: Discovering "D:\\AI-Workspace\\employee-identity-portal\\src\\app\\api\\search-employee\\[query]"
2025-11-29T07:20:40.660597Z  INFO scan_sources: tailwindcss_oxide::scanner: Discovering "D:\\AI-Workspace\\employee-identity-portal\\src\\app\\api\\search-employee\\[query]\\details"
2025-11-29T07:20:40.660812Z  INFO scan_sources: tailwindcss_oxide::scanner: Discovering "D:\\AI-Workspace\\employee-identity-portal\\src\\app\\api\\search-employee\\[query]\\details\\route.ts"
2025-11-29T07:20:40.660938Z  INFO scan_sources: tailwindcss_oxide::scanner: Discovering "D:\\AI-Workspace\\employee-identity-portal\\src\\app\\api\\search-employee\\[query]\\route.ts"
2025-11-29T07:20:40.661118Z  INFO scan_sources: tailwindcss_oxide::scanner: Discovering "D:\\AI-Workspace\\employee-identity-portal\\src\\app\\api\\send-email"
2025-11-29T07:20:40.661368Z  INFO scan_sources: tailwindcss_oxide::scanner: Discovering "D:\\AI-Workspace\\employee-identity-portal\\src\\app\\api\\send-email\\route.ts"
2025-11-29T07:20:40.661552Z  INFO scan_sources: tailwindcss_oxide::scanner: Discovering "D:\\AI-Workspace\\employee-identity-portal\\src\\app\\api\\snow"
2025-11-29T07:20:40.661805Z  INFO scan_sources: tailwindcss_oxide::scanner: Discovering "D:\\AI-Workspace\\employee-identity-portal\\src\\app\\api\\snow\\incidents"
2025-11-29T07:20:40.662027Z  INFO scan_sources: tailwindcss_oxide::scanner: Discovering "D:\\AI-Workspace\\employee-identity-portal\\src\\app\\api\\snow\\incidents\\route.ts"
2025-11-29T07:20:40.662261Z  INFO scan_sources: tailwindcss_oxide::scanner: Discovering "D:\\AI-Workspace\\employee-identity-portal\\src\\app\\api\\submit-snow-ticket"
2025-11-29T07:20:40.662480Z  INFO scan_sources: tailwindcss_oxide::scanner: Discovering "D:\\AI-Workspace\\employee-identity-portal\\src\\app\\api\\submit-snow-ticket\\route.ts"
2025-11-29T07:20:40.662644Z  INFO scan_sources: tailwindcss_oxide::scanner: Discovering "D:\\AI-Workspace\\employee-identity-portal\\src\\app\\global-error.tsx"
2025-11-29T07:20:40.662754Z  INFO scan_sources: tailwindcss_oxide::scanner: Discovering "D:\\AI-Workspace\\employee-identity-portal\\src\\app\\globals.css"
2025-11-29T07:20:40.662849Z  INFO scan_sources: tailwindcss_oxide::scanner: Discovering "D:\\AI-Workspace\\employee-identity-portal\\src\\app\\layout.tsx"
2025-11-29T07:20:40.662940Z  INFO scan_sources: tailwindcss_oxide::scanner: Discovering "D:\\AI-Workspace\\employee-identity-portal\\src\\app\\page.tsx"
2025-11-29T07:20:40.663137Z  INFO scan_sources: tailwindcss_oxide::scanner: Discovering "D:\\AI-Workspace\\employee-identity-portal\\src\\components"
2025-11-29T07:20:40.663414Z  INFO scan_sources: tailwindcss_oxide::scanner: Discovering "D:\\AI-Workspace\\employee-identity-portal\\src\\components\\dialogs"
2025-11-29T07:20:40.663632Z  INFO scan_sources: tailwindcss_oxide::scanner: Discovering "D:\\AI-Workspace\\employee-identity-portal\\src\\components\\dialogs\\EducateGuideDialog.tsx"
2025-11-29T07:20:40.663727Z  INFO scan_sources: tailwindcss_oxide::scanner: Discovering "D:\\AI-Workspace\\employee-identity-portal\\src\\components\\dialogs\\PfOpsDialog.tsx"
2025-11-29T07:20:40.663837Z  INFO scan_sources: tailwindcss_oxide::scanner: Discovering "D:\\AI-Workspace\\employee-identity-portal\\src\\components\\dialogs\\SettingsDialog.tsx"
2025-11-29T07:20:40.663950Z  INFO scan_sources: tailwindcss_oxide::scanner: Discovering "D:\\AI-Workspace\\employee-identity-portal\\src\\components\\dialogs\\SnowIncidentsDialog.tsx"
2025-11-29T07:20:40.664085Z  INFO scan_sources: tailwindcss_oxide::scanner: Discovering "D:\\AI-Workspace\\employee-identity-portal\\src\\components\\ErrorReporter.tsx"
2025-11-29T07:20:40.664191Z  INFO scan_sources: tailwindcss_oxide::scanner: Discovering "D:\\AI-Workspace\\employee-identity-portal\\src\\components\\Header.tsx"
2025-11-29T07:20:40.664404Z  INFO scan_sources: tailwindcss_oxide::scanner: Discovering "D:\\AI-Workspace\\employee-identity-portal\\src\\components\\layout-index.ts"
2025-11-29T07:20:40.664526Z  INFO scan_sources: tailwindcss_oxide::scanner: Discovering "D:\\AI-Workspace\\employee-identity-portal\\src\\components\\LoginForm.tsx"
2025-11-29T07:20:40.664636Z  INFO scan_sources: tailwindcss_oxide::scanner: Discovering "D:\\AI-Workspace\\employee-identity-portal\\src\\components\\MainContent.tsx"
2025-11-29T07:20:40.664742Z  INFO scan_sources: tailwindcss_oxide::scanner: Discovering "D:\\AI-Workspace\\employee-identity-portal\\src\\components\\RecentFailuresPanel.tsx"
2025-11-29T07:20:40.664906Z  INFO scan_sources: tailwindcss_oxide::scanner: Discovering "D:\\AI-Workspace\\employee-identity-portal\\src\\components\\sections"
2025-11-29T07:20:40.665172Z  INFO scan_sources: tailwindcss_oxide::scanner: Discovering "D:\\AI-Workspace\\employee-identity-portal\\src\\components\\sections\\DialogsSection.tsx"
2025-11-29T07:20:40.665276Z  INFO scan_sources: tailwindcss_oxide::scanner: Discovering "D:\\AI-Workspace\\employee-identity-portal\\src\\components\\sections\\QuickActionsCard.tsx"
2025-11-29T07:20:40.665381Z  INFO scan_sources: tailwindcss_oxide::scanner: Discovering "D:\\AI-Workspace\\employee-identity-portal\\src\\components\\sections\\SearchSection.tsx"
2025-11-29T07:20:40.665510Z  INFO scan_sources: tailwindcss_oxide::scanner: Discovering "D:\\AI-Workspace\\employee-identity-portal\\src\\components\\SystemCard.tsx"
2025-11-29T07:20:40.665616Z  INFO scan_sources: tailwindcss_oxide::scanner: Discovering "D:\\AI-Workspace\\employee-identity-portal\\src\\components\\SystemCardsGrid.tsx"
2025-11-29T07:20:40.665768Z  INFO scan_sources: tailwindcss_oxide::scanner: Discovering "D:\\AI-Workspace\\employee-identity-portal\\src\\components\\ui"
2025-11-29T07:20:40.666033Z  INFO scan_sources: tailwindcss_oxide::scanner: Discovering "D:\\AI-Workspace\\employee-identity-portal\\src\\components\\ui\\accordion.tsx"
2025-11-29T07:20:40.666322Z  INFO scan_sources: tailwindcss_oxide::scanner: Discovering "D:\\AI-Workspace\\employee-identity-portal\\src\\components\\ui\\alert-dialog.tsx"
2025-11-29T07:20:40.666458Z  INFO scan_sources: tailwindcss_oxide::scanner: Discovering "D:\\AI-Workspace\\employee-identity-portal\\src\\components\\ui\\alert.tsx"
2025-11-29T07:20:40.666599Z  INFO scan_sources: tailwindcss_oxide::scanner: Discovering "D:\\AI-Workspace\\employee-identity-portal\\src\\components\\ui\\aspect-ratio.tsx"
2025-11-29T07:20:40.666867Z  INFO scan_sources: tailwindcss_oxide::scanner: Discovering "D:\\AI-Workspace\\employee-identity-portal\\src\\components\\ui\\avatar.tsx"
2025-11-29T07:20:40.667003Z  INFO scan_sources: tailwindcss_oxide::scanner: Discovering "D:\\AI-Workspace\\employee-identity-portal\\src\\components\\ui\\background-boxes.tsx"
2025-11-29T07:20:40.667118Z  INFO scan_sources: tailwindcss_oxide::scanner: Discovering "D:\\AI-Workspace\\employee-identity-portal\\src\\components\\ui\\badge.tsx"
2025-11-29T07:20:40.667253Z  INFO scan_sources: tailwindcss_oxide::scanner: Discovering "D:\\AI-Workspace\\employee-identity-portal\\src\\components\\ui\\breadcrumb.tsx"
2025-11-29T07:20:40.667396Z  INFO scan_sources: tailwindcss_oxide::scanner: Discovering "D:\\AI-Workspace\\employee-identity-portal\\src\\components\\ui\\button.tsx"
2025-11-29T07:20:40.667510Z  INFO scan_sources: tailwindcss_oxide::scanner: Discovering "D:\\AI-Workspace\\employee-identity-portal\\src\\components\\ui\\calendar.tsx"
2025-11-29T07:20:40.667625Z  INFO scan_sources: tailwindcss_oxide::scanner: Discovering "D:\\AI-Workspace\\employee-identity-portal\\src\\components\\ui\\card.tsx"
2025-11-29T07:20:40.667737Z  INFO scan_sources: tailwindcss_oxide::scanner: Discovering "D:\\AI-Workspace\\employee-identity-portal\\src\\components\\ui\\carousel.tsx"
2025-11-29T07:20:40.667849Z  INFO scan_sources: tailwindcss_oxide::scanner: Discovering "D:\\AI-Workspace\\employee-identity-portal\\src\\components\\ui\\chart.tsx"
2025-11-29T07:20:40.667954Z  INFO scan_sources: tailwindcss_oxide::scanner: Discovering "D:\\AI-Workspace\\employee-identity-portal\\src\\components\\ui\\checkbox.tsx"
2025-11-29T07:20:40.668069Z  INFO scan_sources: tailwindcss_oxide::scanner: Discovering "D:\\AI-Workspace\\employee-identity-portal\\src\\components\\ui\\collapsible.tsx"
2025-11-29T07:20:40.668203Z  INFO scan_sources: tailwindcss_oxide::scanner: Discovering "D:\\AI-Workspace\\employee-identity-portal\\src\\components\\ui\\command.tsx"
2025-11-29T07:20:40.668335Z  INFO scan_sources: tailwindcss_oxide::scanner: Discovering "D:\\AI-Workspace\\employee-identity-portal\\src\\components\\ui\\ComponentSeparator.tsx"
2025-11-29T07:20:40.668457Z  INFO scan_sources: tailwindcss_oxide::scanner: Discovering "D:\\AI-Workspace\\employee-identity-portal\\src\\components\\ui\\container-scroll-animation.tsx"
2025-11-29T07:20:40.668573Z  INFO scan_sources: tailwindcss_oxide::scanner: Discovering "D:\\AI-Workspace\\employee-identity-portal\\src\\components\\ui\\context-menu.tsx"
2025-11-29T07:20:40.668692Z  INFO scan_sources: tailwindcss_oxide::scanner: Discovering "D:\\AI-Workspace\\employee-identity-portal\\src\\components\\ui\\dialog.tsx"
2025-11-29T07:20:40.668807Z  INFO scan_sources: tailwindcss_oxide::scanner: Discovering "D:\\AI-Workspace\\employee-identity-portal\\src\\components\\ui\\drawer.tsx"
2025-11-29T07:20:40.668920Z  INFO scan_sources: tailwindcss_oxide::scanner: Discovering "D:\\AI-Workspace\\employee-identity-portal\\src\\components\\ui\\dropdown-menu.tsx"
2025-11-29T07:20:40.669030Z  INFO scan_sources: tailwindcss_oxide::scanner: Discovering "D:\\AI-Workspace\\employee-identity-portal\\src\\components\\ui\\form.tsx"
2025-11-29T07:20:40.669145Z  INFO scan_sources: tailwindcss_oxide::scanner: Discovering "D:\\AI-Workspace\\employee-identity-portal\\src\\components\\ui\\hover-card.tsx"
2025-11-29T07:20:40.669259Z  INFO scan_sources: tailwindcss_oxide::scanner: Discovering "D:\\AI-Workspace\\employee-identity-portal\\src\\components\\ui\\input-otp.tsx"
2025-11-29T07:20:40.669370Z  INFO scan_sources: tailwindcss_oxide::scanner: Discovering "D:\\AI-Workspace\\employee-identity-portal\\src\\components\\ui\\input.tsx"
2025-11-29T07:20:40.669478Z  INFO scan_sources: tailwindcss_oxide::scanner: Discovering "D:\\AI-Workspace\\employee-identity-portal\\src\\components\\ui\\label.tsx"
2025-11-29T07:20:40.669582Z  INFO scan_sources: tailwindcss_oxide::scanner: Discovering "D:\\AI-Workspace\\employee-identity-portal\\src\\components\\ui\\menubar.tsx"
2025-11-29T07:20:40.669694Z  INFO scan_sources: tailwindcss_oxide::scanner: Discovering "D:\\AI-Workspace\\employee-identity-portal\\src\\components\\ui\\navigation-menu.tsx"
2025-11-29T07:20:40.669801Z  INFO scan_sources: tailwindcss_oxide::scanner: Discovering "D:\\AI-Workspace\\employee-identity-portal\\src\\components\\ui\\navigation.tsx"
2025-11-29T07:20:40.669915Z  INFO scan_sources: tailwindcss_oxide::scanner: Discovering "D:\\AI-Workspace\\employee-identity-portal\\src\\components\\ui\\pagination.tsx"
2025-11-29T07:20:40.670020Z  INFO scan_sources: tailwindcss_oxide::scanner: Discovering "D:\\AI-Workspace\\employee-identity-portal\\src\\components\\ui\\popover.tsx"
2025-11-29T07:20:40.670130Z  INFO scan_sources: tailwindcss_oxide::scanner: Discovering "D:\\AI-Workspace\\employee-identity-portal\\src\\components\\ui\\progress.tsx"
2025-11-29T07:20:40.670229Z  INFO scan_sources: tailwindcss_oxide::scanner: Discovering "D:\\AI-Workspace\\employee-identity-portal\\src\\components\\ui\\radio-group.tsx"
2025-11-29T07:20:40.670354Z  INFO scan_sources: tailwindcss_oxide::scanner: Discovering "D:\\AI-Workspace\\employee-identity-portal\\src\\components\\ui\\resizable.tsx"
2025-11-29T07:20:40.670461Z  INFO scan_sources: tailwindcss_oxide::scanner: Discovering "D:\\AI-Workspace\\employee-identity-portal\\src\\components\\ui\\scroll-area.tsx"
2025-11-29T07:20:40.670565Z  INFO scan_sources: tailwindcss_oxide::scanner: Discovering "D:\\AI-Workspace\\employee-identity-portal\\src\\components\\ui\\select.tsx"
2025-11-29T07:20:40.670673Z  INFO scan_sources: tailwindcss_oxide::scanner: Discovering "D:\\AI-Workspace\\employee-identity-portal\\src\\components\\ui\\separator.tsx"
2025-11-29T07:20:40.670781Z  INFO scan_sources: tailwindcss_oxide::scanner: Discovering "D:\\AI-Workspace\\employee-identity-portal\\src\\components\\ui\\sheet.tsx"
2025-11-29T07:20:40.670889Z  INFO scan_sources: tailwindcss_oxide::scanner: Discovering "D:\\AI-Workspace\\employee-identity-portal\\src\\components\\ui\\sidebar.tsx"
2025-11-29T07:20:40.670995Z  INFO scan_sources: tailwindcss_oxide::scanner: Discovering "D:\\AI-Workspace\\employee-identity-portal\\src\\components\\ui\\skeleton.tsx"
2025-11-29T07:20:40.671121Z  INFO scan_sources: tailwindcss_oxide::scanner: Discovering "D:\\AI-Workspace\\employee-identity-portal\\src\\components\\ui\\slider.tsx"
2025-11-29T07:20:40.671224Z  INFO scan_sources: tailwindcss_oxide::scanner: Discovering "D:\\AI-Workspace\\employee-identity-portal\\src\\components\\ui\\sonner.tsx"
2025-11-29T07:20:40.671327Z  INFO scan_sources: tailwindcss_oxide::scanner: Discovering "D:\\AI-Workspace\\employee-identity-portal\\src\\components\\ui\\switch.tsx"
2025-11-29T07:20:40.671430Z  INFO scan_sources: tailwindcss_oxide::scanner: Discovering "D:\\AI-Workspace\\employee-identity-portal\\src\\components\\ui\\table.tsx"
2025-11-29T07:20:40.671535Z  INFO scan_sources: tailwindcss_oxide::scanner: Discovering "D:\\AI-Workspace\\employee-identity-portal\\src\\components\\ui\\tabs.tsx"
2025-11-29T07:20:40.671633Z  INFO scan_sources: tailwindcss_oxide::scanner: Discovering "D:\\AI-Workspace\\employee-identity-portal\\src\\components\\ui\\textarea.tsx"
2025-11-29T07:20:40.671748Z  INFO scan_sources: tailwindcss_oxide::scanner: Discovering "D:\\AI-Workspace\\employee-identity-portal\\src\\components\\ui\\toggle-group.tsx"
2025-11-29T07:20:40.671846Z  INFO scan_sources: tailwindcss_oxide::scanner: Discovering "D:\\AI-Workspace\\employee-identity-portal\\src\\components\\ui\\toggle.tsx"
2025-11-29T07:20:40.671941Z  INFO scan_sources: tailwindcss_oxide::scanner: Discovering "D:\\AI-Workspace\\employee-identity-portal\\src\\components\\ui\\tooltip.tsx"
2025-11-29T07:20:40.672186Z  INFO scan_sources: tailwindcss_oxide::scanner: Discovering "D:\\AI-Workspace\\employee-identity-portal\\src\\context"
2025-11-29T07:20:40.672440Z  INFO scan_sources: tailwindcss_oxide::scanner: Discovering "D:\\AI-Workspace\\employee-identity-portal\\src\\context\\AppContext.tsx"
2025-11-29T07:20:40.672610Z  INFO scan_sources: tailwindcss_oxide::scanner: Discovering "D:\\AI-Workspace\\employee-identity-portal\\src\\hooks"
2025-11-29T07:20:40.672847Z  INFO scan_sources: tailwindcss_oxide::scanner: Discovering "D:\\AI-Workspace\\employee-identity-portal\\src\\hooks\\use-mobile.ts"
2025-11-29T07:20:40.672949Z  INFO scan_sources: tailwindcss_oxide::scanner: Discovering "D:\\AI-Workspace\\employee-identity-portal\\src\\hooks\\useAppAuth.ts"
2025-11-29T07:20:40.673065Z  INFO scan_sources: tailwindcss_oxide::scanner: Discovering "D:\\AI-Workspace\\employee-identity-portal\\src\\hooks\\useAppTheme.ts"
2025-11-29T07:20:40.673177Z  INFO scan_sources: tailwindcss_oxide::scanner: Discovering "D:\\AI-Workspace\\employee-identity-portal\\src\\hooks\\useAppToggles.ts"
2025-11-29T07:20:40.673267Z  INFO scan_sources: tailwindcss_oxide::scanner: Discovering "D:\\AI-Workspace\\employee-identity-portal\\src\\hooks\\useAppUI.ts"
2025-11-29T07:20:40.673366Z  INFO scan_sources: tailwindcss_oxide::scanner: Discovering "D:\\AI-Workspace\\employee-identity-portal\\src\\hooks\\useFeatures.ts"
2025-11-29T07:20:40.673469Z  INFO scan_sources: tailwindcss_oxide::scanner: Discovering "D:\\AI-Workspace\\employee-identity-portal\\src\\hooks\\useOpsFeatures.ts"
2025-11-29T07:20:40.673570Z  INFO scan_sources: tailwindcss_oxide::scanner: Discovering "D:\\AI-Workspace\\employee-identity-portal\\src\\hooks\\usePageState.ts"
2025-11-29T07:20:40.673673Z  INFO scan_sources: tailwindcss_oxide::scanner: Discovering "D:\\AI-Workspace\\employee-identity-portal\\src\\hooks\\usePfOps.ts"
2025-11-29T07:20:40.673762Z  INFO scan_sources: tailwindcss_oxide::scanner: Discovering "D:\\AI-Workspace\\employee-identity-portal\\src\\hooks\\useSearch.ts"
2025-11-29T07:20:40.673851Z  INFO scan_sources: tailwindcss_oxide::scanner: Discovering "D:\\AI-Workspace\\employee-identity-portal\\src\\hooks\\useSnow.ts"
2025-11-29T07:20:40.673958Z  INFO scan_sources: tailwindcss_oxide::scanner: Discovering "D:\\AI-Workspace\\employee-identity-portal\\src\\hooks\\useTheme.ts"
2025-11-29T07:20:40.674077Z  INFO scan_sources: tailwindcss_oxide::scanner: Discovering "D:\\AI-Workspace\\employee-identity-portal\\src\\hooks\\useThemeDOM.ts"
2025-11-29T07:20:40.674179Z  INFO scan_sources: tailwindcss_oxide::scanner: Discovering "D:\\AI-Workspace\\employee-identity-portal\\src\\hooks\\useUserToggles.ts"
2025-11-29T07:20:40.674352Z  INFO scan_sources: tailwindcss_oxide::scanner: Discovering "D:\\AI-Workspace\\employee-identity-portal\\src\\lib"
2025-11-29T07:20:40.674586Z  INFO scan_sources: tailwindcss_oxide::scanner: Discovering "D:\\AI-Workspace\\employee-identity-portal\\src\\lib\\api-service.ts"
2025-11-29T07:20:40.674674Z  INFO scan_sources: tailwindcss_oxide::scanner: Discovering "D:\\AI-Workspace\\employee-identity-portal\\src\\lib\\api.ts"
2025-11-29T07:20:40.674764Z  INFO scan_sources: tailwindcss_oxide::scanner: Discovering "D:\\AI-Workspace\\employee-identity-portal\\src\\lib\\constants.ts"
2025-11-29T07:20:40.674881Z  INFO scan_sources: tailwindcss_oxide::scanner: Discovering "D:\\AI-Workspace\\employee-identity-portal\\src\\lib\\data-service.ts"
2025-11-29T07:20:40.674994Z  INFO scan_sources: tailwindcss_oxide::scanner: Discovering "D:\\AI-Workspace\\employee-identity-portal\\src\\lib\\educate-config.json"
2025-11-29T07:20:40.675091Z  INFO scan_sources: tailwindcss_oxide::scanner: Discovering "D:\\AI-Workspace\\employee-identity-portal\\src\\lib\\error-handler.ts"
2025-11-29T07:20:40.675180Z  INFO scan_sources: tailwindcss_oxide::scanner: Discovering "D:\\AI-Workspace\\employee-identity-portal\\src\\lib\\formatters.ts"
2025-11-29T07:20:40.675325Z  INFO scan_sources: tailwindcss_oxide::scanner: Discovering "D:\\AI-Workspace\\employee-identity-portal\\src\\lib\\hooks"
2025-11-29T07:20:40.675539Z  INFO scan_sources: tailwindcss_oxide::scanner: Discovering "D:\\AI-Workspace\\employee-identity-portal\\src\\lib\\hooks\\use-mobile.tsx"
2025-11-29T07:20:40.675676Z  INFO scan_sources: tailwindcss_oxide::scanner: Discovering "D:\\AI-Workspace\\employee-identity-portal\\src\\lib\\logger.ts"
2025-11-29T07:20:40.675786Z  INFO scan_sources: tailwindcss_oxide::scanner: Discovering "D:\\AI-Workspace\\employee-identity-portal\\src\\lib\\role-utils.ts"
2025-11-29T07:20:40.675884Z  INFO scan_sources: tailwindcss_oxide::scanner: Discovering "D:\\AI-Workspace\\employee-identity-portal\\src\\lib\\storage.ts"
2025-11-29T07:20:40.675995Z  INFO scan_sources: tailwindcss_oxide::scanner: Discovering "D:\\AI-Workspace\\employee-identity-portal\\src\\lib\\support-emails.ts"
2025-11-29T07:20:40.676092Z  INFO scan_sources: tailwindcss_oxide::scanner: Discovering "D:\\AI-Workspace\\employee-identity-portal\\src\\lib\\types.ts"
2025-11-29T07:20:40.676180Z  INFO scan_sources: tailwindcss_oxide::scanner: Discovering "D:\\AI-Workspace\\employee-identity-portal\\src\\lib\\ui-config.ts"
2025-11-29T07:20:40.676267Z  INFO scan_sources: tailwindcss_oxide::scanner: Discovering "D:\\AI-Workspace\\employee-identity-portal\\src\\lib\\utils.ts"
2025-11-29T07:20:40.676354Z  INFO scan_sources: tailwindcss_oxide::scanner: Discovering "D:\\AI-Workspace\\employee-identity-portal\\src\\lib\\validation.ts"
2025-11-29T07:20:40.676527Z  INFO scan_sources: tailwindcss_oxide::scanner: Discovering "D:\\AI-Workspace\\employee-identity-portal\\src\\visual-edits"
2025-11-29T07:20:40.676776Z  INFO scan_sources: tailwindcss_oxide::scanner: Discovering "D:\\AI-Workspace\\employee-identity-portal\\src\\visual-edits\\component-tagger-loader.js"
2025-11-29T07:20:40.676877Z  INFO scan_sources: tailwindcss_oxide::scanner: Discovering "D:\\AI-Workspace\\employee-identity-portal\\src\\visual-edits\\VisualEditsMessenger.tsx"
2025-11-29T07:20:40.677024Z  INFO scan_sources: tailwindcss_oxide::scanner: Discovering "D:\\AI-Workspace\\employee-identity-portal\\SSO_OPS_IMPLEMENTATION.md"
2025-11-29T07:20:40.677139Z  INFO scan_sources: tailwindcss_oxide::scanner: Discovering "D:\\AI-Workspace\\employee-identity-portal\\tsconfig.json"
2025-11-29T07:20:40.677332Z  INFO scan_sources: tailwindcss_oxide::scanner: exit
2025-11-29T07:20:40.677364Z  INFO extract_candidates: tailwindcss_oxide::scanner: enter
2025-11-29T07:20:40.677388Z  INFO extract_candidates:read_all_files: tailwindcss_oxide::scanner: enter
2025-11-29T07:20:40.677396Z  INFO extract_candidates:read_all_files: tailwindcss_oxide::scanner: Reading 222 file(s)
2025-11-29T07:20:40.681086Z  INFO tailwindcss_oxide::scanner: Reading "D:\\AI-Workspace\\employee-identity-portal\\.env.example"
2025-11-29T07:20:40.681193Z  INFO tailwindcss_oxide::scanner: Reading "D:\\AI-Workspace\\employee-identity-portal\\.env.local"
2025-11-29T07:20:40.681285Z  INFO tailwindcss_oxide::scanner: Reading "D:\\AI-Workspace\\employee-identity-portal\\backend\\.env"
2025-11-29T07:20:40.681384Z  INFO tailwindcss_oxide::scanner: Reading "D:\\AI-Workspace\\employee-identity-portal\\backend\\config\\features.json"
2025-11-29T07:20:40.681517Z  INFO tailwindcss_oxide::scanner: Reading "D:\\AI-Workspace\\employee-identity-portal\\backend\\config\\roles.json"
2025-11-29T07:20:40.681626Z  INFO tailwindcss_oxide::scanner: Reading "D:\\AI-Workspace\\employee-identity-portal\\backend\\middleware\\auth.js"
2025-11-29T07:20:40.681731Z  INFO tailwindcss_oxide::scanner: Reading "D:\\AI-Workspace\\employee-identity-portal\\backend\\middleware\\errorHandler.js"
2025-11-29T07:20:40.681831Z  INFO tailwindcss_oxide::scanner: Reading "D:\\AI-Workspace\\employee-identity-portal\\backend\\middleware\\index.js"
2025-11-29T07:20:40.681920Z  INFO tailwindcss_oxide::scanner: Reading "D:\\AI-Workspace\\employee-identity-portal\\backend\\middleware\\requestLogger.js"
2025-11-29T07:20:40.682014Z  INFO tailwindcss_oxide::scanner: Reading "D:\\AI-Workspace\\employee-identity-portal\\backend\\mocks\\all-users.json"
2025-11-29T07:20:40.682135Z  INFO tailwindcss_oxide::scanner: Reading "D:\\AI-Workspace\\employee-identity-portal\\backend\\mocks\\azure-ad-details.json"
2025-11-29T07:20:40.682247Z  INFO tailwindcss_oxide::scanner: Reading "D:\\AI-Workspace\\employee-identity-portal\\backend\\mocks\\azure-ad-initial.json"
2025-11-29T07:20:40.682332Z  INFO tailwindcss_oxide::scanner: Reading "D:\\AI-Workspace\\employee-identity-portal\\backend\\mocks\\cyberark-details.json"
2025-11-29T07:20:40.682435Z  INFO tailwindcss_oxide::scanner: Reading "D:\\AI-Workspace\\employee-identity-portal\\backend\\mocks\\cyberark-initial.json"
2025-11-29T07:20:40.682526Z  INFO tailwindcss_oxide::scanner: Reading "D:\\AI-Workspace\\employee-identity-portal\\backend\\mocks\\ping-access-details.json"
2025-11-29T07:20:40.682628Z  INFO tailwindcss_oxide::scanner: Reading "D:\\AI-Workspace\\employee-identity-portal\\backend\\mocks\\ping-access-initial.json"
2025-11-29T07:20:40.683714Z  INFO tailwindcss_oxide::scanner: Reading "D:\\AI-Workspace\\employee-identity-portal\\src\\app\\api\\saviynt\\requests\\route.ts"
2025-11-29T07:20:40.682742Z  INFO tailwindcss_oxide::scanner: Reading "D:\\AI-Workspace\\employee-identity-portal\\backend\\mocks\\ping-access-search.json"
2025-11-29T07:20:40.683899Z  INFO tailwindcss_oxide::scanner: Reading "D:\\AI-Workspace\\employee-identity-portal\\src\\app\\api\\saviynt\\roles\\route.ts"
2025-11-29T07:20:40.683922Z  INFO tailwindcss_oxide::scanner: Reading "D:\\AI-Workspace\\employee-identity-portal\\backend\\mocks\\ping-authorize-details.json"
2025-11-29T07:20:40.684003Z  INFO tailwindcss_oxide::scanner: Reading "D:\\AI-Workspace\\employee-identity-portal\\src\\app\\api\\search-employee\\route.ts"
2025-11-29T07:20:40.684053Z  INFO tailwindcss_oxide::scanner: Reading "D:\\AI-Workspace\\employee-identity-portal\\backend\\mocks\\ping-authorize-initial.json"
2025-11-29T07:20:40.684108Z  INFO tailwindcss_oxide::scanner: Reading "D:\\AI-Workspace\\employee-identity-portal\\src\\app\\api\\search-employee\\[query]\\details\\route.ts"
2025-11-29T07:20:40.684162Z  INFO tailwindcss_oxide::scanner: Reading "D:\\AI-Workspace\\employee-identity-portal\\backend\\mocks\\ping-authorize-search.json"
2025-11-29T07:20:40.684216Z  INFO tailwindcss_oxide::scanner: Reading "D:\\AI-Workspace\\employee-identity-portal\\src\\app\\api\\search-employee\\[query]\\route.ts"
2025-11-29T07:20:40.684290Z  INFO tailwindcss_oxide::scanner: Reading "D:\\AI-Workspace\\employee-identity-portal\\backend\\mocks\\ping-directory-details.json"
2025-11-29T07:20:40.684331Z  INFO tailwindcss_oxide::scanner: Reading "D:\\AI-Workspace\\employee-identity-portal\\src\\app\\api\\send-email\\route.ts"
2025-11-29T07:20:40.684430Z  INFO tailwindcss_oxide::scanner: Reading "D:\\AI-Workspace\\employee-identity-portal\\src\\app\\api\\snow\\incidents\\route.ts"
2025-11-29T07:20:40.684480Z  INFO tailwindcss_oxide::scanner: Reading "D:\\AI-Workspace\\employee-identity-portal\\backend\\mocks\\ping-directory-initial.json"
2025-11-29T07:20:40.684528Z  INFO tailwindcss_oxide::scanner: Reading "D:\\AI-Workspace\\employee-identity-portal\\src\\app\\api\\submit-snow-ticket\\route.ts"
2025-11-29T07:20:40.684576Z  INFO tailwindcss_oxide::scanner: Reading "D:\\AI-Workspace\\employee-identity-portal\\backend\\mocks\\ping-directory-search.json"
2025-11-29T07:20:40.684622Z  INFO tailwindcss_oxide::scanner: Reading "D:\\AI-Workspace\\employee-identity-portal\\src\\app\\global-error.tsx"
2025-11-29T07:20:40.684683Z  INFO tailwindcss_oxide::scanner: Reading "D:\\AI-Workspace\\employee-identity-portal\\backend\\mocks\\ping-federate-details.json"
2025-11-29T07:20:40.684721Z  INFO tailwindcss_oxide::scanner: Reading "D:\\AI-Workspace\\employee-identity-portal\\src\\app\\layout.tsx"
2025-11-29T07:20:40.684813Z  INFO tailwindcss_oxide::scanner: Reading "D:\\AI-Workspace\\employee-identity-portal\\src\\app\\page.tsx"
2025-11-29T07:20:40.684863Z  INFO tailwindcss_oxide::scanner: Reading "D:\\AI-Workspace\\employee-identity-portal\\backend\\mocks\\ping-federate-initial.json"
2025-11-29T07:20:40.684905Z  INFO tailwindcss_oxide::scanner: Reading "D:\\AI-Workspace\\employee-identity-portal\\src\\components\\dialogs\\EducateGuideDialog.tsx"
2025-11-29T07:20:40.684966Z  INFO tailwindcss_oxide::scanner: Reading "D:\\AI-Workspace\\employee-identity-portal\\backend\\mocks\\ping-intelligence-details.json"
2025-11-29T07:20:40.684995Z  INFO tailwindcss_oxide::scanner: Reading "D:\\AI-Workspace\\employee-identity-portal\\src\\components\\dialogs\\PfOpsDialog.tsx"
2025-11-29T07:20:40.685073Z  INFO tailwindcss_oxide::scanner: Reading "D:\\AI-Workspace\\employee-identity-portal\\backend\\mocks\\ping-intelligence-initial.json"
2025-11-29T07:20:40.685090Z  INFO tailwindcss_oxide::scanner: Reading "D:\\AI-Workspace\\employee-identity-portal\\src\\components\\dialogs\\SettingsDialog.tsx"
2025-11-29T07:20:40.685175Z  INFO tailwindcss_oxide::scanner: Reading "D:\\AI-Workspace\\employee-identity-portal\\backend\\mocks\\ping-intelligence-search.json"
2025-11-29T07:20:40.685185Z  INFO tailwindcss_oxide::scanner: Reading "D:\\AI-Workspace\\employee-identity-portal\\src\\components\\dialogs\\SnowIncidentsDialog.tsx"
2025-11-29T07:20:40.685286Z  INFO tailwindcss_oxide::scanner: Reading "D:\\AI-Workspace\\employee-identity-portal\\src\\components\\ErrorReporter.tsx"
2025-11-29T07:20:40.685297Z  INFO tailwindcss_oxide::scanner: Reading "D:\\AI-Workspace\\employee-identity-portal\\backend\\mocks\\ping-mfa-details.json"
2025-11-29T07:20:40.685415Z  INFO tailwindcss_oxide::scanner: Reading "D:\\AI-Workspace\\employee-identity-portal\\src\\components\\Header.tsx"
2025-11-29T07:20:40.685444Z  INFO tailwindcss_oxide::scanner: Reading "D:\\AI-Workspace\\employee-identity-portal\\backend\\mocks\\ping-mfa-initial.json"
2025-11-29T07:20:40.685513Z  INFO tailwindcss_oxide::scanner: Reading "D:\\AI-Workspace\\employee-identity-portal\\src\\components\\layout-index.ts"
2025-11-29T07:20:40.685543Z  INFO tailwindcss_oxide::scanner: Reading "D:\\AI-Workspace\\employee-identity-portal\\backend\\mocks\\ping-mfa-search.json"
2025-11-29T07:20:40.685605Z  INFO tailwindcss_oxide::scanner: Reading "D:\\AI-Workspace\\employee-identity-portal\\src\\components\\LoginForm.tsx"
2025-11-29T07:20:40.685647Z  INFO tailwindcss_oxide::scanner: Reading "D:\\AI-Workspace\\employee-identity-portal\\backend\\mocks\\readme.txt"
2025-11-29T07:20:40.685687Z  INFO tailwindcss_oxide::scanner: Reading "D:\\AI-Workspace\\employee-identity-portal\\src\\components\\MainContent.tsx"
2025-11-29T07:20:40.685746Z  INFO tailwindcss_oxide::scanner: Reading "D:\\AI-Workspace\\employee-identity-portal\\backend\\mocks\\saviynt-details.json"
2025-11-29T07:20:40.685775Z  INFO tailwindcss_oxide::scanner: Reading "D:\\AI-Workspace\\employee-identity-portal\\src\\components\\RecentFailuresPanel.tsx"
2025-11-29T07:20:40.685873Z  INFO tailwindcss_oxide::scanner: Reading "D:\\AI-Workspace\\employee-identity-portal\\src\\components\\sections\\DialogsSection.tsx"
2025-11-29T07:20:40.685878Z  INFO tailwindcss_oxide::scanner: Reading "D:\\AI-Workspace\\employee-identity-portal\\backend\\mocks\\saviynt-initial.json"
2025-11-29T07:20:40.685971Z  INFO tailwindcss_oxide::scanner: Reading "D:\\AI-Workspace\\employee-identity-portal\\src\\components\\sections\\QuickActionsCard.tsx"
2025-11-29T07:20:40.685981Z  INFO tailwindcss_oxide::scanner: Reading "D:\\AI-Workspace\\employee-identity-portal\\backend\\mocks\\snow-incidents.json"
2025-11-29T07:20:40.686097Z  INFO tailwindcss_oxide::scanner: Reading "D:\\AI-Workspace\\employee-identity-portal\\src\\components\\sections\\SearchSection.tsx"
2025-11-29T07:20:40.686108Z  INFO tailwindcss_oxide::scanner: Reading "D:\\AI-Workspace\\employee-identity-portal\\backend\\package.json"
2025-11-29T07:20:40.686212Z  INFO tailwindcss_oxide::scanner: Reading "D:\\AI-Workspace\\employee-identity-portal\\backend\\routes\\auth.js"
2025-11-29T07:20:40.686230Z  INFO tailwindcss_oxide::scanner: Reading "D:\\AI-Workspace\\employee-identity-portal\\src\\components\\SystemCard.tsx"
2025-11-29T07:20:40.686310Z  INFO tailwindcss_oxide::scanner: Reading "D:\\AI-Workspace\\employee-identity-portal\\backend\\routes\\index.js"
2025-11-29T07:20:40.686337Z  INFO tailwindcss_oxide::scanner: Reading "D:\\AI-Workspace\\employee-identity-portal\\src\\components\\SystemCardsGrid.tsx"
2025-11-29T07:20:40.686415Z  INFO tailwindcss_oxide::scanner: Reading "D:\\AI-Workspace\\employee-identity-portal\\backend\\routes\\search.js"
2025-11-29T07:20:40.686440Z  INFO tailwindcss_oxide::scanner: Reading "D:\\AI-Workspace\\employee-identity-portal\\src\\components\\ui\\accordion.tsx"
2025-11-29T07:20:40.686513Z  INFO tailwindcss_oxide::scanner: Reading "D:\\AI-Workspace\\employee-identity-portal\\backend\\routes\\snow.js"
2025-11-29T07:20:40.686537Z  INFO tailwindcss_oxide::scanner: Reading "D:\\AI-Workspace\\employee-identity-portal\\src\\components\\ui\\alert-dialog.tsx"
2025-11-29T07:20:40.686611Z  INFO tailwindcss_oxide::scanner: Reading "D:\\AI-Workspace\\employee-identity-portal\\backend\\routes\\systems.js"
2025-11-29T07:20:40.686632Z  INFO tailwindcss_oxide::scanner: Reading "D:\\AI-Workspace\\employee-identity-portal\\src\\components\\ui\\alert.tsx"
2025-11-29T07:20:40.686714Z  INFO tailwindcss_oxide::scanner: Reading "D:\\AI-Workspace\\employee-identity-portal\\backend\\server.js"
2025-11-29T07:20:40.686727Z  INFO tailwindcss_oxide::scanner: Reading "D:\\AI-Workspace\\employee-identity-portal\\src\\components\\ui\\aspect-ratio.tsx"
2025-11-29T07:20:40.686824Z  INFO tailwindcss_oxide::scanner: Reading "D:\\AI-Workspace\\employee-identity-portal\\src\\components\\ui\\avatar.tsx"
2025-11-29T07:20:40.686848Z  INFO tailwindcss_oxide::scanner: Reading "D:\\AI-Workspace\\employee-identity-portal\\backend\\services\\index.js"
2025-11-29T07:20:40.686926Z  INFO tailwindcss_oxide::scanner: Reading "D:\\AI-Workspace\\employee-identity-portal\\src\\components\\ui\\background-boxes.tsx"
2025-11-29T07:20:40.686952Z  INFO tailwindcss_oxide::scanner: Reading "D:\\AI-Workspace\\employee-identity-portal\\backend\\services\\mockDataService.js"
2025-11-29T07:20:40.687027Z  INFO tailwindcss_oxide::scanner: Reading "D:\\AI-Workspace\\employee-identity-portal\\src\\components\\ui\\badge.tsx"
2025-11-29T07:20:40.687051Z  INFO tailwindcss_oxide::scanner: Reading "D:\\AI-Workspace\\employee-identity-portal\\backend\\services\\rbacService.js"
2025-11-29T07:20:40.687125Z  INFO tailwindcss_oxide::scanner: Reading "D:\\AI-Workspace\\employee-identity-portal\\src\\components\\ui\\breadcrumb.tsx"
2025-11-29T07:20:40.687136Z  INFO tailwindcss_oxide::scanner: Reading "D:\\AI-Workspace\\employee-identity-portal\\backend\\utils\\logger.js"
2025-11-29T07:20:40.687302Z  INFO tailwindcss_oxide::scanner: Reading "D:\\AI-Workspace\\employee-identity-portal\\src\\components\\ui\\button.tsx"
2025-11-29T07:20:40.687305Z  INFO tailwindcss_oxide::scanner: Reading "D:\\AI-Workspace\\employee-identity-portal\\components.json"
2025-11-29T07:20:40.687406Z  INFO tailwindcss_oxide::scanner: Reading "D:\\AI-Workspace\\employee-identity-portal\\src\\components\\ui\\calendar.tsx"
2025-11-29T07:20:40.687410Z  INFO tailwindcss_oxide::scanner: Reading "D:\\AI-Workspace\\employee-identity-portal\\DATA_FLOW.md"
2025-11-29T07:20:40.687503Z  INFO tailwindcss_oxide::scanner: Reading "D:\\AI-Workspace\\employee-identity-portal\\src\\components\\ui\\card.tsx"
2025-11-29T07:20:40.687504Z  INFO tailwindcss_oxide::scanner: Reading "D:\\AI-Workspace\\employee-identity-portal\\eslint.config.mjs"
2025-11-29T07:20:40.687636Z  INFO tailwindcss_oxide::scanner: Reading "D:\\AI-Workspace\\employee-identity-portal\\src\\components\\ui\\carousel.tsx"
2025-11-29T07:20:40.687663Z  INFO tailwindcss_oxide::scanner: Reading "D:\\AI-Workspace\\employee-identity-portal\\next.config.ts"
2025-11-29T07:20:40.687739Z  INFO tailwindcss_oxide::scanner: Reading "D:\\AI-Workspace\\employee-identity-portal\\src\\components\\ui\\chart.tsx"
2025-11-29T07:20:40.687749Z  INFO tailwindcss_oxide::scanner: Reading "D:\\AI-Workspace\\employee-identity-portal\\package.json"
2025-11-29T07:20:40.687850Z  INFO tailwindcss_oxide::scanner: Reading "D:\\AI-Workspace\\employee-identity-portal\\src\\components\\ui\\checkbox.tsx"
2025-11-29T07:20:40.687853Z  INFO tailwindcss_oxide::scanner: Reading "D:\\AI-Workspace\\employee-identity-portal\\postcss.config.mjs"
2025-11-29T07:20:40.687943Z  INFO tailwindcss_oxide::scanner: Reading "D:\\AI-Workspace\\employee-identity-portal\\public\\file.svg"
2025-11-29T07:20:40.687950Z  INFO tailwindcss_oxide::scanner: Reading "D:\\AI-Workspace\\employee-identity-portal\\src\\components\\ui\\collapsible.tsx"
2025-11-29T07:20:40.688031Z  INFO tailwindcss_oxide::scanner: Reading "D:\\AI-Workspace\\employee-identity-portal\\public\\globe.svg"
2025-11-29T07:20:40.688050Z  INFO tailwindcss_oxide::scanner: Reading "D:\\AI-Workspace\\employee-identity-portal\\src\\components\\ui\\command.tsx"
2025-11-29T07:20:40.688120Z  INFO tailwindcss_oxide::scanner: Reading "D:\\AI-Workspace\\employee-identity-portal\\public\\next.svg"
2025-11-29T07:20:40.688148Z  INFO tailwindcss_oxide::scanner: Reading "D:\\AI-Workspace\\employee-identity-portal\\src\\components\\ui\\ComponentSeparator.tsx"
2025-11-29T07:20:40.688201Z  INFO tailwindcss_oxide::scanner: Reading "D:\\AI-Workspace\\employee-identity-portal\\public\\vercel.svg"
2025-11-29T07:20:40.688232Z  INFO tailwindcss_oxide::scanner: Reading "D:\\AI-Workspace\\employee-identity-portal\\src\\components\\ui\\container-scroll-animation.tsx"
2025-11-29T07:20:40.688281Z  INFO tailwindcss_oxide::scanner: Reading "D:\\AI-Workspace\\employee-identity-portal\\public\\window.svg"
2025-11-29T07:20:40.688321Z  INFO tailwindcss_oxide::scanner: Reading "D:\\AI-Workspace\\employee-identity-portal\\src\\components\\ui\\context-menu.tsx"
2025-11-29T07:20:40.688388Z  INFO tailwindcss_oxide::scanner: Reading "D:\\AI-Workspace\\employee-identity-portal\\README.md"
2025-11-29T07:20:40.688418Z  INFO tailwindcss_oxide::scanner: Reading "D:\\AI-Workspace\\employee-identity-portal\\src\\components\\ui\\dialog.tsx"
2025-11-29T07:20:40.688504Z  INFO tailwindcss_oxide::scanner: Reading "D:\\AI-Workspace\\employee-identity-portal\\src\\components\\ui\\drawer.tsx"
2025-11-29T07:20:40.688505Z  INFO tailwindcss_oxide::scanner: Reading "D:\\AI-Workspace\\employee-identity-portal\\REFACTORING.md"
2025-11-29T07:20:40.688621Z  INFO tailwindcss_oxide::scanner: Reading "D:\\AI-Workspace\\employee-identity-portal\\REFACTORING_COMPLETION.md"
2025-11-29T07:20:40.688625Z  INFO tailwindcss_oxide::scanner: Reading "D:\\AI-Workspace\\employee-identity-portal\\src\\components\\ui\\dropdown-menu.tsx"
2025-11-29T07:20:40.688712Z  INFO tailwindcss_oxide::scanner: Reading "D:\\AI-Workspace\\employee-identity-portal\\REFACTORING_EXECUTIVE_SUMMARY.md"
2025-11-29T07:20:40.688771Z  INFO tailwindcss_oxide::scanner: Reading "D:\\AI-Workspace\\employee-identity-portal\\src\\components\\ui\\form.tsx"
2025-11-29T07:20:40.688813Z  INFO tailwindcss_oxide::scanner: Reading "D:\\AI-Workspace\\employee-identity-portal\\REFACTORING_TECHNICAL_DETAILS.md"
2025-11-29T07:20:40.688853Z  INFO tailwindcss_oxide::scanner: Reading "D:\\AI-Workspace\\employee-identity-portal\\src\\components\\ui\\hover-card.tsx"
2025-11-29T07:20:40.688918Z  INFO tailwindcss_oxide::scanner: Reading "D:\\AI-Workspace\\employee-identity-portal\\src\\app\\api\\aad\\groups\\route.ts"
2025-11-29T07:20:40.688933Z  INFO tailwindcss_oxide::scanner: Reading "D:\\AI-Workspace\\employee-identity-portal\\src\\components\\ui\\input-otp.tsx"
2025-11-29T07:20:40.689011Z  INFO tailwindcss_oxide::scanner: Reading "D:\\AI-Workspace\\employee-identity-portal\\src\\app\\api\\aad\\signins\\route.ts"
2025-11-29T07:20:40.689012Z  INFO tailwindcss_oxide::scanner: Reading "D:\\AI-Workspace\\employee-identity-portal\\src\\components\\ui\\input.tsx"
2025-11-29T07:20:40.689094Z  INFO tailwindcss_oxide::scanner: Reading "D:\\AI-Workspace\\employee-identity-portal\\src\\app\\api\\aad\\user\\route.ts"
2025-11-29T07:20:40.689103Z  INFO tailwindcss_oxide::scanner: Reading "D:\\AI-Workspace\\employee-identity-portal\\src\\components\\ui\\label.tsx"
2025-11-29T07:20:40.689176Z  INFO tailwindcss_oxide::scanner: Reading "D:\\AI-Workspace\\employee-identity-portal\\src\\app\\api\\auth\\login\\route.ts"
2025-11-29T07:20:40.689194Z  INFO tailwindcss_oxide::scanner: Reading "D:\\AI-Workspace\\employee-identity-portal\\src\\components\\ui\\menubar.tsx"
2025-11-29T07:20:40.689256Z  INFO tailwindcss_oxide::scanner: Reading "D:\\AI-Workspace\\employee-identity-portal\\src\\app\\api\\config\\features\\route.ts"
2025-11-29T07:20:40.689297Z  INFO tailwindcss_oxide::scanner: Reading "D:\\AI-Workspace\\employee-identity-portal\\src\\components\\ui\\navigation-menu.tsx"
2025-11-29T07:20:40.689337Z  INFO tailwindcss_oxide::scanner: Reading "D:\\AI-Workspace\\employee-identity-portal\\src\\app\\api\\cyberark\\accounts\\route.ts"
2025-11-29T07:20:40.689397Z  INFO tailwindcss_oxide::scanner: Reading "D:\\AI-Workspace\\employee-identity-portal\\src\\components\\ui\\navigation.tsx"
2025-11-29T07:20:40.689421Z  INFO tailwindcss_oxide::scanner: Reading "D:\\AI-Workspace\\employee-identity-portal\\src\\app\\api\\cyberark\\activity\\route.ts"
2025-11-29T07:20:40.689484Z  INFO tailwindcss_oxide::scanner: Reading "D:\\AI-Workspace\\employee-identity-portal\\src\\components\\ui\\pagination.tsx"
2025-11-29T07:20:40.689499Z  INFO tailwindcss_oxide::scanner: Reading "D:\\AI-Workspace\\employee-identity-portal\\src\\app\\api\\cyberark\\safes\\route.ts"
2025-11-29T07:20:40.689568Z  INFO tailwindcss_oxide::scanner: Reading "D:\\AI-Workspace\\employee-identity-portal\\src\\components\\ui\\popover.tsx"
2025-11-29T07:20:40.689593Z  INFO tailwindcss_oxide::scanner: Reading "D:\\AI-Workspace\\employee-identity-portal\\src\\app\\api\\cyberark-alero\\recordings\\route.ts"
2025-11-29T07:20:40.689649Z  INFO tailwindcss_oxide::scanner: Reading "D:\\AI-Workspace\\employee-identity-portal\\src\\components\\ui\\progress.tsx"
2025-11-29T07:20:40.689676Z  INFO tailwindcss_oxide::scanner: Reading "D:\\AI-Workspace\\employee-identity-portal\\src\\app\\api\\cyberark-alero\\sessions\\route.ts"
2025-11-29T07:20:40.689730Z  INFO tailwindcss_oxide::scanner: Reading "D:\\AI-Workspace\\employee-identity-portal\\src\\components\\ui\\radio-group.tsx"
2025-11-29T07:20:40.689771Z  INFO tailwindcss_oxide::scanner: Reading "D:\\AI-Workspace\\employee-identity-portal\\src\\app\\api\\cyberark-alero\\targets\\route.ts"
2025-11-29T07:20:40.689818Z  INFO tailwindcss_oxide::scanner: Reading "D:\\AI-Workspace\\employee-identity-portal\\src\\components\\ui\\resizable.tsx"
2025-11-29T07:20:40.689862Z  INFO tailwindcss_oxide::scanner: Reading "D:\\AI-Workspace\\employee-identity-portal\\src\\app\\api\\cyberark-conjur\\rotation\\route.ts"
2025-11-29T07:20:40.689906Z  INFO tailwindcss_oxide::scanner: Reading "D:\\AI-Workspace\\employee-identity-portal\\src\\components\\ui\\scroll-area.tsx"
2025-11-29T07:20:40.689952Z  INFO tailwindcss_oxide::scanner: Reading "D:\\AI-Workspace\\employee-identity-portal\\src\\app\\api\\cyberark-conjur\\secrets\\route.ts"
2025-11-29T07:20:40.689990Z  INFO tailwindcss_oxide::scanner: Reading "D:\\AI-Workspace\\employee-identity-portal\\src\\components\\ui\\select.tsx"
2025-11-29T07:20:40.690047Z  INFO tailwindcss_oxide::scanner: Reading "D:\\AI-Workspace\\employee-identity-portal\\src\\app\\api\\cyberark-conjur\\vaults\\route.ts"
2025-11-29T07:20:40.690078Z  INFO tailwindcss_oxide::scanner: Reading "D:\\AI-Workspace\\employee-identity-portal\\src\\components\\ui\\separator.tsx"
2025-11-29T07:20:40.690140Z  INFO tailwindcss_oxide::scanner: Reading "D:\\AI-Workspace\\employee-identity-portal\\src\\app\\api\\cyberark-dpa\\authorizations\\route.ts"
2025-11-29T07:20:40.690163Z  INFO tailwindcss_oxide::scanner: Reading "D:\\AI-Workspace\\employee-identity-portal\\src\\components\\ui\\sheet.tsx"
2025-11-29T07:20:40.690229Z  INFO tailwindcss_oxide::scanner: Reading "D:\\AI-Workspace\\employee-identity-portal\\src\\app\\api\\cyberark-dpa\\policies\\route.ts"
2025-11-29T07:20:40.690262Z  INFO tailwindcss_oxide::scanner: Reading "D:\\AI-Workspace\\employee-identity-portal\\src\\components\\ui\\sidebar.tsx"
2025-11-29T07:20:40.690318Z  INFO tailwindcss_oxide::scanner: Reading "D:\\AI-Workspace\\employee-identity-portal\\src\\app\\api\\cyberark-dpa\\risk-assessment\\route.ts"
2025-11-29T07:20:40.690363Z  INFO tailwindcss_oxide::scanner: Reading "D:\\AI-Workspace\\employee-identity-portal\\src\\components\\ui\\skeleton.tsx"
2025-11-29T07:20:40.690410Z  INFO tailwindcss_oxide::scanner: Reading "D:\\AI-Workspace\\employee-identity-portal\\src\\app\\api\\cyberark-epm\\applications\\route.ts"
2025-11-29T07:20:40.690447Z  INFO tailwindcss_oxide::scanner: Reading "D:\\AI-Workspace\\employee-identity-portal\\src\\components\\ui\\slider.tsx"
2025-11-29T07:20:40.690516Z  INFO tailwindcss_oxide::scanner: Reading "D:\\AI-Workspace\\employee-identity-portal\\src\\app\\api\\cyberark-epm\\elevation-history\\route.ts"
2025-11-29T07:20:40.690529Z  INFO tailwindcss_oxide::scanner: Reading "D:\\AI-Workspace\\employee-identity-portal\\src\\components\\ui\\sonner.tsx"
2025-11-29T07:20:40.690623Z  INFO tailwindcss_oxide::scanner: Reading "D:\\AI-Workspace\\employee-identity-portal\\src\\app\\api\\cyberark-epm\\policies\\route.ts"
2025-11-29T07:20:40.690637Z  INFO tailwindcss_oxide::scanner: Reading "D:\\AI-Workspace\\employee-identity-portal\\src\\components\\ui\\switch.tsx"
2025-11-29T07:20:40.690712Z  INFO tailwindcss_oxide::scanner: Reading "D:\\AI-Workspace\\employee-identity-portal\\src\\app\\api\\cyberark-identity\\devices\\route.ts"
2025-11-29T07:20:40.690732Z  INFO tailwindcss_oxide::scanner: Reading "D:\\AI-Workspace\\employee-identity-portal\\src\\components\\ui\\table.tsx"
2025-11-29T07:20:40.690805Z  INFO tailwindcss_oxide::scanner: Reading "D:\\AI-Workspace\\employee-identity-portal\\src\\app\\api\\cyberark-identity\\login-history\\route.ts"
2025-11-29T07:20:40.690822Z  INFO tailwindcss_oxide::scanner: Reading "D:\\AI-Workspace\\employee-identity-portal\\src\\components\\ui\\tabs.tsx"
2025-11-29T07:20:40.690895Z  INFO tailwindcss_oxide::scanner: Reading "D:\\AI-Workspace\\employee-identity-portal\\src\\app\\api\\cyberark-identity\\sso-apps\\route.ts"
2025-11-29T07:20:40.690910Z  INFO tailwindcss_oxide::scanner: Reading "D:\\AI-Workspace\\employee-identity-portal\\src\\components\\ui\\textarea.tsx"
2025-11-29T07:20:40.690990Z  INFO tailwindcss_oxide::scanner: Reading "D:\\AI-Workspace\\employee-identity-portal\\src\\app\\api\\mfa\\devices\\route.ts"
2025-11-29T07:20:40.690990Z  INFO tailwindcss_oxide::scanner: Reading "D:\\AI-Workspace\\employee-identity-portal\\src\\components\\ui\\toggle-group.tsx"
2025-11-29T07:20:40.691081Z  INFO tailwindcss_oxide::scanner: Reading "D:\\AI-Workspace\\employee-identity-portal\\src\\app\\api\\mfa\\events\\route.ts"
2025-11-29T07:20:40.691088Z  INFO tailwindcss_oxide::scanner: Reading "D:\\AI-Workspace\\employee-identity-portal\\src\\components\\ui\\toggle.tsx"
2025-11-29T07:20:40.691172Z  INFO tailwindcss_oxide::scanner: Reading "D:\\AI-Workspace\\employee-identity-portal\\src\\app\\api\\mfa\\status\\route.ts"
2025-11-29T07:20:40.691172Z  INFO tailwindcss_oxide::scanner: Reading "D:\\AI-Workspace\\employee-identity-portal\\src\\components\\ui\\tooltip.tsx"
2025-11-29T07:20:40.691260Z  INFO tailwindcss_oxide::scanner: Reading "D:\\AI-Workspace\\employee-identity-portal\\src\\context\\AppContext.tsx"
2025-11-29T07:20:40.691260Z  INFO tailwindcss_oxide::scanner: Reading "D:\\AI-Workspace\\employee-identity-portal\\src\\app\\api\\own-cyberark-alero\\details\\route.ts"
2025-11-29T07:20:40.691359Z  INFO tailwindcss_oxide::scanner: Reading "D:\\AI-Workspace\\employee-identity-portal\\src\\hooks\\use-mobile.ts"
2025-11-29T07:20:40.691368Z  INFO tailwindcss_oxide::scanner: Reading "D:\\AI-Workspace\\employee-identity-portal\\src\\app\\api\\own-cyberark-alero\\route.ts"
2025-11-29T07:20:40.691455Z  INFO tailwindcss_oxide::scanner: Reading "D:\\AI-Workspace\\employee-identity-portal\\src\\hooks\\useAppAuth.ts"
2025-11-29T07:20:40.691469Z  INFO tailwindcss_oxide::scanner: Reading "D:\\AI-Workspace\\employee-identity-portal\\src\\app\\api\\own-cyberark-conjur\\details\\route.ts"
2025-11-29T07:20:40.691588Z  INFO tailwindcss_oxide::scanner: Reading "D:\\AI-Workspace\\employee-identity-portal\\src\\hooks\\useAppTheme.ts"
2025-11-29T07:20:40.691612Z  INFO tailwindcss_oxide::scanner: Reading "D:\\AI-Workspace\\employee-identity-portal\\src\\app\\api\\own-cyberark-conjur\\route.ts"
2025-11-29T07:20:40.691686Z  INFO tailwindcss_oxide::scanner: Reading "D:\\AI-Workspace\\employee-identity-portal\\src\\hooks\\useAppToggles.ts"
2025-11-29T07:20:40.691724Z  INFO tailwindcss_oxide::scanner: Reading "D:\\AI-Workspace\\employee-identity-portal\\src\\app\\api\\own-cyberark-dpa\\details\\route.ts"
2025-11-29T07:20:40.691782Z  INFO tailwindcss_oxide::scanner: Reading "D:\\AI-Workspace\\employee-identity-portal\\src\\hooks\\useAppUI.ts"
2025-11-29T07:20:40.691813Z  INFO tailwindcss_oxide::scanner: Reading "D:\\AI-Workspace\\employee-identity-portal\\src\\app\\api\\own-cyberark-dpa\\route.ts"
2025-11-29T07:20:40.691875Z  INFO tailwindcss_oxide::scanner: Reading "D:\\AI-Workspace\\employee-identity-portal\\src\\hooks\\useFeatures.ts"
2025-11-29T07:20:40.691901Z  INFO tailwindcss_oxide::scanner: Reading "D:\\AI-Workspace\\employee-identity-portal\\src\\app\\api\\own-cyberark-epm\\details\\route.ts"
2025-11-29T07:20:40.691984Z  INFO tailwindcss_oxide::scanner: Reading "D:\\AI-Workspace\\employee-identity-portal\\src\\hooks\\useOpsFeatures.ts"
2025-11-29T07:20:40.691990Z  INFO tailwindcss_oxide::scanner: Reading "D:\\AI-Workspace\\employee-identity-portal\\src\\app\\api\\own-cyberark-epm\\route.ts"
2025-11-29T07:20:40.692082Z  INFO tailwindcss_oxide::scanner: Reading "D:\\AI-Workspace\\employee-identity-portal\\src\\app\\api\\own-cyberark-identity\\details\\route.ts"
2025-11-29T07:20:40.692091Z  INFO tailwindcss_oxide::scanner: Reading "D:\\AI-Workspace\\employee-identity-portal\\src\\hooks\\usePageState.ts"
2025-11-29T07:20:40.692172Z  INFO tailwindcss_oxide::scanner: Reading "D:\\AI-Workspace\\employee-identity-portal\\src\\app\\api\\own-cyberark-identity\\route.ts"
2025-11-29T07:20:40.692201Z  INFO tailwindcss_oxide::scanner: Reading "D:\\AI-Workspace\\employee-identity-portal\\src\\hooks\\usePfOps.ts"
2025-11-29T07:20:40.692256Z  INFO tailwindcss_oxide::scanner: Reading "D:\\AI-Workspace\\employee-identity-portal\\src\\app\\api\\own-ping-access\\details\\route.ts"
2025-11-29T07:20:40.692304Z  INFO tailwindcss_oxide::scanner: Reading "D:\\AI-Workspace\\employee-identity-portal\\src\\hooks\\useSearch.ts"
2025-11-29T07:20:40.692344Z  INFO tailwindcss_oxide::scanner: Reading "D:\\AI-Workspace\\employee-identity-portal\\src\\app\\api\\own-ping-access\\route.ts"
2025-11-29T07:20:40.692403Z  INFO tailwindcss_oxide::scanner: Reading "D:\\AI-Workspace\\employee-identity-portal\\src\\hooks\\useSnow.ts"
2025-11-29T07:20:40.692431Z  INFO tailwindcss_oxide::scanner: Reading "D:\\AI-Workspace\\employee-identity-portal\\src\\app\\api\\own-ping-authorize\\details\\route.ts"
2025-11-29T07:20:40.692509Z  INFO tailwindcss_oxide::scanner: Reading "D:\\AI-Workspace\\employee-identity-portal\\src\\hooks\\useTheme.ts"
2025-11-29T07:20:40.692512Z  INFO tailwindcss_oxide::scanner: Reading "D:\\AI-Workspace\\employee-identity-portal\\src\\app\\api\\own-ping-authorize\\route.ts"
2025-11-29T07:20:40.692602Z  INFO tailwindcss_oxide::scanner: Reading "D:\\AI-Workspace\\employee-identity-portal\\src\\app\\api\\own-ping-intelligence\\details\\route.ts"
2025-11-29T07:20:40.692603Z  INFO tailwindcss_oxide::scanner: Reading "D:\\AI-Workspace\\employee-identity-portal\\src\\hooks\\useThemeDOM.ts"
2025-11-29T07:20:40.692683Z  INFO tailwindcss_oxide::scanner: Reading "D:\\AI-Workspace\\employee-identity-portal\\src\\app\\api\\own-ping-intelligence\\route.ts"
2025-11-29T07:20:40.692705Z  INFO tailwindcss_oxide::scanner: Reading "D:\\AI-Workspace\\employee-identity-portal\\src\\hooks\\useUserToggles.ts"
2025-11-29T07:20:40.692765Z  INFO tailwindcss_oxide::scanner: Reading "D:\\AI-Workspace\\employee-identity-portal\\src\\app\\api\\pd\\audit\\route.ts"
2025-11-29T07:20:40.692805Z  INFO tailwindcss_oxide::scanner: Reading "D:\\AI-Workspace\\employee-identity-portal\\src\\lib\\api-service.ts"
2025-11-29T07:20:40.692847Z  INFO tailwindcss_oxide::scanner: Reading "D:\\AI-Workspace\\employee-identity-portal\\src\\app\\api\\pd\\groups\\route.ts"
2025-11-29T07:20:40.692906Z  INFO tailwindcss_oxide::scanner: Reading "D:\\AI-Workspace\\employee-identity-portal\\src\\lib\\api.ts"
2025-11-29T07:20:40.692927Z  INFO tailwindcss_oxide::scanner: Reading "D:\\AI-Workspace\\employee-identity-portal\\src\\app\\api\\pd\\profile\\route.ts"
2025-11-29T07:20:40.693001Z  INFO tailwindcss_oxide::scanner: Reading "D:\\AI-Workspace\\employee-identity-portal\\src\\lib\\constants.ts"
2025-11-29T07:20:40.693009Z  INFO tailwindcss_oxide::scanner: Reading "D:\\AI-Workspace\\employee-identity-portal\\src\\app\\api\\pf\\oidc\\route.ts"
2025-11-29T07:20:40.693092Z  INFO tailwindcss_oxide::scanner: Reading "D:\\AI-Workspace\\employee-identity-portal\\src\\app\\api\\pf\\saml\\route.ts"
2025-11-29T07:20:40.693103Z  INFO tailwindcss_oxide::scanner: Reading "D:\\AI-Workspace\\employee-identity-portal\\src\\lib\\data-service.ts"
2025-11-29T07:20:40.693176Z  INFO tailwindcss_oxide::scanner: Reading "D:\\AI-Workspace\\employee-identity-portal\\src\\app\\api\\pf\\userinfo\\route.ts"
2025-11-29T07:20:40.693214Z  INFO tailwindcss_oxide::scanner: Reading "D:\\AI-Workspace\\employee-identity-portal\\src\\lib\\educate-config.json"
2025-11-29T07:20:40.693252Z  INFO tailwindcss_oxide::scanner: Reading "D:\\AI-Workspace\\employee-identity-portal\\src\\app\\api\\saviynt\\entitlements\\route.ts"
2025-11-29T07:20:40.693317Z  INFO tailwindcss_oxide::scanner: Reading "D:\\AI-Workspace\\employee-identity-portal\\src\\lib\\error-handler.ts"
2025-11-29T07:20:40.693339Z  INFO tailwindcss_oxide::scanner: Reading "D:\\AI-Workspace\\employee-identity-portal\\src\\lib\\formatters.ts"
2025-11-29T07:20:40.693423Z  INFO tailwindcss_oxide::scanner: Reading "D:\\AI-Workspace\\employee-identity-portal\\src\\lib\\hooks\\use-mobile.tsx"
2025-11-29T07:20:40.693437Z  INFO tailwindcss_oxide::scanner: Reading "D:\\AI-Workspace\\employee-identity-portal\\src\\lib\\ui-config.ts"
2025-11-29T07:20:40.693514Z  INFO tailwindcss_oxide::scanner: Reading "D:\\AI-Workspace\\employee-identity-portal\\src\\lib\\logger.ts"
2025-11-29T07:20:40.693546Z  INFO tailwindcss_oxide::scanner: Reading "D:\\AI-Workspace\\employee-identity-portal\\src\\lib\\utils.ts"
2025-11-29T07:20:40.693591Z  INFO tailwindcss_oxide::scanner: Reading "D:\\AI-Workspace\\employee-identity-portal\\src\\lib\\role-utils.ts"
2025-11-29T07:20:40.693643Z  INFO tailwindcss_oxide::scanner: Reading "D:\\AI-Workspace\\employee-identity-portal\\src\\lib\\validation.ts"
2025-11-29T07:20:40.693670Z  INFO tailwindcss_oxide::scanner: Reading "D:\\AI-Workspace\\employee-identity-portal\\src\\lib\\storage.ts"
2025-11-29T07:20:40.693752Z  INFO tailwindcss_oxide::scanner: Reading "D:\\AI-Workspace\\employee-identity-portal\\src\\lib\\support-emails.ts"
2025-11-29T07:20:40.693760Z  INFO tailwindcss_oxide::scanner: Reading "D:\\AI-Workspace\\employee-identity-portal\\src\\visual-edits\\component-tagger-loader.js"
2025-11-29T07:20:40.693831Z  INFO tailwindcss_oxide::scanner: Reading "D:\\AI-Workspace\\employee-identity-portal\\src\\lib\\types.ts"
2025-11-29T07:20:40.693902Z  INFO tailwindcss_oxide::scanner: Reading "D:\\AI-Workspace\\employee-identity-portal\\src\\visual-edits\\VisualEditsMessenger.tsx"
2025-11-29T07:20:40.693918Z  INFO tailwindcss_oxide::scanner: Reading "D:\\AI-Workspace\\employee-identity-portal\\SSO_OPS_IMPLEMENTATION.md"
2025-11-29T07:20:40.694039Z  INFO tailwindcss_oxide::scanner: Reading "D:\\AI-Workspace\\employee-identity-portal\\tsconfig.json"
2025-11-29T07:20:40.712741Z  INFO extract_candidates:read_all_files: tailwindcss_oxide::scanner: exit
2025-11-29T07:20:40.712773Z  INFO extract_candidates:parse_all_blobs: tailwindcss_oxide::scanner: enter
2025-11-29T07:20:40.712799Z  INFO extract_candidates:parse_all_blobs:extract: tailwindcss_oxide::scanner: enter
2025-11-29T07:20:40.774023Z  INFO extract_candidates:parse_all_blobs:extract: tailwindcss_oxide::scanner: exit
2025-11-29T07:20:40.774125Z  INFO extract_candidates:parse_all_blobs: tailwindcss_oxide::scanner: exit
2025-11-29T07:20:40.774144Z  INFO extract_candidates:read_all_files: tailwindcss_oxide::scanner: enter
2025-11-29T07:20:40.774152Z  INFO extract_candidates:read_all_files: tailwindcss_oxide::scanner: Reading 1 file(s)
2025-11-29T07:20:40.774301Z  INFO extract_candidates:read_all_files: tailwindcss_oxide::scanner: Reading "D:\\AI-Workspace\\employee-identity-portal\\src\\app\\globals.css"
2025-11-29T07:20:40.774318Z  INFO extract_candidates:read_all_files: tailwindcss_oxide::scanner: exit
2025-11-29T07:20:40.774327Z  INFO extract_candidates:extract_css_variables: tailwindcss_oxide::scanner: enter
2025-11-29T07:20:40.774335Z  INFO extract_candidates:extract_css_variables:extract: tailwindcss_oxide::scanner: enter
2025-11-29T07:20:40.774515Z  INFO extract_candidates:extract_css_variables:extract: tailwindcss_oxide::scanner: exit
2025-11-29T07:20:40.774531Z  INFO extract_candidates:extract_css_variables: tailwindcss_oxide::scanner: exit
2025-11-29T07:20:40.777928Z  INFO extract_candidates: tailwindcss_oxide::scanner: exit
2025-11-29T07:20:40.783109Z  INFO get_files: tailwindcss_oxide::scanner: enter
2025-11-29T07:20:40.783275Z  INFO get_files:scan_sources: tailwindcss_oxide::scanner: enter
2025-11-29T07:20:40.786434Z  INFO get_files:scan_sources: tailwindcss_oxide::scanner: Discovering "D:\\AI-Workspace\\employee-identity-portal\\backend"
2025-11-29T07:20:40.786865Z  INFO get_files:scan_sources: tailwindcss_oxide::scanner: Discovering "D:\\AI-Workspace\\employee-identity-portal\\backend\\config"
2025-11-29T07:20:40.787519Z  INFO get_files:scan_sources: tailwindcss_oxide::scanner: Discovering "D:\\AI-Workspace\\employee-identity-portal\\backend\\logs"
2025-11-29T07:20:40.787911Z  INFO get_files:scan_sources: tailwindcss_oxide::scanner: Discovering "D:\\AI-Workspace\\employee-identity-portal\\backend\\middleware"
2025-11-29T07:20:40.788533Z  INFO get_files:scan_sources: tailwindcss_oxide::scanner: Discovering "D:\\AI-Workspace\\employee-identity-portal\\backend\\mocks"
2025-11-29T07:20:40.790956Z  INFO get_files:scan_sources: tailwindcss_oxide::scanner: Discovering "D:\\AI-Workspace\\employee-identity-portal\\backend\\routes"
2025-11-29T07:20:40.791611Z  INFO get_files:scan_sources: tailwindcss_oxide::scanner: Discovering "D:\\AI-Workspace\\employee-identity-portal\\backend\\services"
2025-11-29T07:20:40.792097Z  INFO get_files:scan_sources: tailwindcss_oxide::scanner: Discovering "D:\\AI-Workspace\\employee-identity-portal\\backend\\utils"
2025-11-29T07:20:40.793159Z  INFO get_files:scan_sources: tailwindcss_oxide::scanner: Discovering "D:\\AI-Workspace\\employee-identity-portal\\public"
2025-11-29T07:20:40.794049Z  INFO get_files:scan_sources: tailwindcss_oxide::scanner: Discovering "D:\\AI-Workspace\\employee-identity-portal\\src"
2025-11-29T07:20:40.794346Z  INFO get_files:scan_sources: tailwindcss_oxide::scanner: Discovering "D:\\AI-Workspace\\employee-identity-portal\\src\\app"
2025-11-29T07:20:40.794667Z  INFO get_files:scan_sources: tailwindcss_oxide::scanner: Discovering "D:\\AI-Workspace\\employee-identity-portal\\src\\app\\api"
2025-11-29T07:20:40.795021Z  INFO get_files:scan_sources: tailwindcss_oxide::scanner: Discovering "D:\\AI-Workspace\\employee-identity-portal\\src\\app\\api\\aad"
2025-11-29T07:20:40.795336Z  INFO get_files:scan_sources: tailwindcss_oxide::scanner: Discovering "D:\\AI-Workspace\\employee-identity-portal\\src\\app\\api\\aad\\groups"
2025-11-29T07:20:40.795782Z  INFO get_files:scan_sources: tailwindcss_oxide::scanner: Discovering "D:\\AI-Workspace\\employee-identity-portal\\src\\app\\api\\aad\\signins"
2025-11-29T07:20:40.796204Z  INFO get_files:scan_sources: tailwindcss_oxide::scanner: Discovering "D:\\AI-Workspace\\employee-identity-portal\\src\\app\\api\\aad\\user"
2025-11-29T07:20:40.796654Z  INFO get_files:scan_sources: tailwindcss_oxide::scanner: Discovering "D:\\AI-Workspace\\employee-identity-portal\\src\\app\\api\\auth"
2025-11-29T07:20:40.796915Z  INFO get_files:scan_sources: tailwindcss_oxide::scanner: Discovering "D:\\AI-Workspace\\employee-identity-portal\\src\\app\\api\\auth\\login"
2025-11-29T07:20:40.797391Z  INFO get_files:scan_sources: tailwindcss_oxide::scanner: Discovering "D:\\AI-Workspace\\employee-identity-portal\\src\\app\\api\\config"
2025-11-29T07:20:40.797720Z  INFO get_files:scan_sources: tailwindcss_oxide::scanner: Discovering "D:\\AI-Workspace\\employee-identity-portal\\src\\app\\api\\config\\features"
2025-11-29T07:20:40.798152Z  INFO get_files:scan_sources: tailwindcss_oxide::scanner: Discovering "D:\\AI-Workspace\\employee-identity-portal\\src\\app\\api\\cyberark"
2025-11-29T07:20:40.798428Z  INFO get_files:scan_sources: tailwindcss_oxide::scanner: Discovering "D:\\AI-Workspace\\employee-identity-portal\\src\\app\\api\\cyberark\\accounts"
2025-11-29T07:20:40.798768Z  INFO get_files:scan_sources: tailwindcss_oxide::scanner: Discovering "D:\\AI-Workspace\\employee-identity-portal\\src\\app\\api\\cyberark\\activity"
2025-11-29T07:20:40.799116Z  INFO get_files:scan_sources: tailwindcss_oxide::scanner: Discovering "D:\\AI-Workspace\\employee-identity-portal\\src\\app\\api\\cyberark\\safes"
2025-11-29T07:20:40.799969Z  INFO get_files:scan_sources: tailwindcss_oxide::scanner: Discovering "D:\\AI-Workspace\\employee-identity-portal\\src\\app\\api\\cyberark-alero"
2025-11-29T07:20:40.800521Z  INFO get_files:scan_sources: tailwindcss_oxide::scanner: Discovering "D:\\AI-Workspace\\employee-identity-portal\\src\\app\\api\\cyberark-alero\\recordings"
2025-11-29T07:20:40.801014Z  INFO get_files:scan_sources: tailwindcss_oxide::scanner: Discovering "D:\\AI-Workspace\\employee-identity-portal\\src\\app\\api\\cyberark-alero\\sessions"
2025-11-29T07:20:40.801459Z  INFO get_files:scan_sources: tailwindcss_oxide::scanner: Discovering "D:\\AI-Workspace\\employee-identity-portal\\src\\app\\api\\cyberark-alero\\targets"
2025-11-29T07:20:40.801885Z  INFO get_files:scan_sources: tailwindcss_oxide::scanner: Discovering "D:\\AI-Workspace\\employee-identity-portal\\src\\app\\api\\cyberark-conjur"
2025-11-29T07:20:40.802166Z  INFO get_files:scan_sources: tailwindcss_oxide::scanner: Discovering "D:\\AI-Workspace\\employee-identity-portal\\src\\app\\api\\cyberark-conjur\\rotation"
2025-11-29T07:20:40.802581Z  INFO get_files:scan_sources: tailwindcss_oxide::scanner: Discovering "D:\\AI-Workspace\\employee-identity-portal\\src\\app\\api\\cyberark-conjur\\secrets"
2025-11-29T07:20:40.802977Z  INFO get_files:scan_sources: tailwindcss_oxide::scanner: Discovering "D:\\AI-Workspace\\employee-identity-portal\\src\\app\\api\\cyberark-conjur\\vaults"
2025-11-29T07:20:40.803453Z  INFO get_files:scan_sources: tailwindcss_oxide::scanner: Discovering "D:\\AI-Workspace\\employee-identity-portal\\src\\app\\api\\cyberark-dpa"
2025-11-29T07:20:40.803795Z  INFO get_files:scan_sources: tailwindcss_oxide::scanner: Discovering "D:\\AI-Workspace\\employee-identity-portal\\src\\app\\api\\cyberark-dpa\\authorizations"
2025-11-29T07:20:40.804225Z  INFO get_files:scan_sources: tailwindcss_oxide::scanner: Discovering "D:\\AI-Workspace\\employee-identity-portal\\src\\app\\api\\cyberark-dpa\\policies"
2025-11-29T07:20:40.804607Z  INFO get_files:scan_sources: tailwindcss_oxide::scanner: Discovering "D:\\AI-Workspace\\employee-identity-portal\\src\\app\\api\\cyberark-dpa\\risk-assessment"
2025-11-29T07:20:40.805018Z  INFO get_files:scan_sources: tailwindcss_oxide::scanner: Discovering "D:\\AI-Workspace\\employee-identity-portal\\src\\app\\api\\cyberark-epm"
2025-11-29T07:20:40.805368Z  INFO get_files:scan_sources: tailwindcss_oxide::scanner: Discovering "D:\\AI-Workspace\\employee-identity-portal\\src\\app\\api\\cyberark-epm\\applications"
2025-11-29T07:20:40.805814Z  INFO get_files:scan_sources: tailwindcss_oxide::scanner: Discovering "D:\\AI-Workspace\\employee-identity-portal\\src\\app\\api\\cyberark-epm\\elevation-history"
2025-11-29T07:20:40.806257Z  INFO get_files:scan_sources: tailwindcss_oxide::scanner: Discovering "D:\\AI-Workspace\\employee-identity-portal\\src\\app\\api\\cyberark-epm\\policies"
2025-11-29T07:20:40.806710Z  INFO get_files:scan_sources: tailwindcss_oxide::scanner: Discovering "D:\\AI-Workspace\\employee-identity-portal\\src\\app\\api\\cyberark-identity"
2025-11-29T07:20:40.807033Z  INFO get_files:scan_sources: tailwindcss_oxide::scanner: Discovering "D:\\AI-Workspace\\employee-identity-portal\\src\\app\\api\\cyberark-identity\\devices"
2025-11-29T07:20:40.807466Z  INFO get_files:scan_sources: tailwindcss_oxide::scanner: Discovering "D:\\AI-Workspace\\employee-identity-portal\\src\\app\\api\\cyberark-identity\\login-history"
2025-11-29T07:20:40.807890Z  INFO get_files:scan_sources: tailwindcss_oxide::scanner: Discovering "D:\\AI-Workspace\\employee-identity-portal\\src\\app\\api\\cyberark-identity\\sso-apps"
2025-11-29T07:20:40.808344Z  INFO get_files:scan_sources: tailwindcss_oxide::scanner: Discovering "D:\\AI-Workspace\\employee-identity-portal\\src\\app\\api\\mfa"
2025-11-29T07:20:40.808673Z  INFO get_files:scan_sources: tailwindcss_oxide::scanner: Discovering "D:\\AI-Workspace\\employee-identity-portal\\src\\app\\api\\mfa\\devices"
2025-11-29T07:20:40.809098Z  INFO get_files:scan_sources: tailwindcss_oxide::scanner: Discovering "D:\\AI-Workspace\\employee-identity-portal\\src\\app\\api\\mfa\\events"
2025-11-29T07:20:40.809529Z  INFO get_files:scan_sources: tailwindcss_oxide::scanner: Discovering "D:\\AI-Workspace\\employee-identity-portal\\src\\app\\api\\mfa\\status"
2025-11-29T07:20:40.809979Z  INFO get_files:scan_sources: tailwindcss_oxide::scanner: Discovering "D:\\AI-Workspace\\employee-identity-portal\\src\\app\\api\\own-cyberark-alero"
2025-11-29T07:20:40.810298Z  INFO get_files:scan_sources: tailwindcss_oxide::scanner: Discovering "D:\\AI-Workspace\\employee-identity-portal\\src\\app\\api\\own-cyberark-alero\\details"
2025-11-29T07:20:40.810782Z  INFO get_files:scan_sources: tailwindcss_oxide::scanner: Discovering "D:\\AI-Workspace\\employee-identity-portal\\src\\app\\api\\own-cyberark-conjur"
2025-11-29T07:20:40.811064Z  INFO get_files:scan_sources: tailwindcss_oxide::scanner: Discovering "D:\\AI-Workspace\\employee-identity-portal\\src\\app\\api\\own-cyberark-conjur\\details"
2025-11-29T07:20:40.811503Z  INFO get_files:scan_sources: tailwindcss_oxide::scanner: Discovering "D:\\AI-Workspace\\employee-identity-portal\\src\\app\\api\\own-cyberark-dpa"
2025-11-29T07:20:40.811787Z  INFO get_files:scan_sources: tailwindcss_oxide::scanner: Discovering "D:\\AI-Workspace\\employee-identity-portal\\src\\app\\api\\own-cyberark-dpa\\details"
2025-11-29T07:20:40.812243Z  INFO get_files:scan_sources: tailwindcss_oxide::scanner: Discovering "D:\\AI-Workspace\\employee-identity-portal\\src\\app\\api\\own-cyberark-epm"
2025-11-29T07:20:40.812528Z  INFO get_files:scan_sources: tailwindcss_oxide::scanner: Discovering "D:\\AI-Workspace\\employee-identity-portal\\src\\app\\api\\own-cyberark-epm\\details"
2025-11-29T07:20:40.812979Z  INFO get_files:scan_sources: tailwindcss_oxide::scanner: Discovering "D:\\AI-Workspace\\employee-identity-portal\\src\\app\\api\\own-cyberark-identity"
2025-11-29T07:20:40.813268Z  INFO get_files:scan_sources: tailwindcss_oxide::scanner: Discovering "D:\\AI-Workspace\\employee-identity-portal\\src\\app\\api\\own-cyberark-identity\\details"
2025-11-29T07:20:40.813710Z  INFO get_files:scan_sources: tailwindcss_oxide::scanner: Discovering "D:\\AI-Workspace\\employee-identity-portal\\src\\app\\api\\own-ping-access"
2025-11-29T07:20:40.813987Z  INFO get_files:scan_sources: tailwindcss_oxide::scanner: Discovering "D:\\AI-Workspace\\employee-identity-portal\\src\\app\\api\\own-ping-access\\details"
2025-11-29T07:20:40.814432Z  INFO get_files:scan_sources: tailwindcss_oxide::scanner: Discovering "D:\\AI-Workspace\\employee-identity-portal\\src\\app\\api\\own-ping-authorize"
2025-11-29T07:20:40.814716Z  INFO get_files:scan_sources: tailwindcss_oxide::scanner: Discovering "D:\\AI-Workspace\\employee-identity-portal\\src\\app\\api\\own-ping-authorize\\details"
2025-11-29T07:20:40.815165Z  INFO get_files:scan_sources: tailwindcss_oxide::scanner: Discovering "D:\\AI-Workspace\\employee-identity-portal\\src\\app\\api\\own-ping-intelligence"
2025-11-29T07:20:40.815478Z  INFO get_files:scan_sources: tailwindcss_oxide::scanner: Discovering "D:\\AI-Workspace\\employee-identity-portal\\src\\app\\api\\own-ping-intelligence\\details"
2025-11-29T07:20:40.824398Z  INFO get_files:scan_sources: tailwindcss_oxide::scanner: Discovering "D:\\AI-Workspace\\employee-identity-portal\\src\\app\\api\\pd"
2025-11-29T07:20:40.824767Z  INFO get_files:scan_sources: tailwindcss_oxide::scanner: Discovering "D:\\AI-Workspace\\employee-identity-portal\\src\\app\\api\\pd\\audit"
2025-11-29T07:20:40.825216Z  INFO get_files:scan_sources: tailwindcss_oxide::scanner: Discovering "D:\\AI-Workspace\\employee-identity-portal\\src\\app\\api\\pd\\groups"
2025-11-29T07:20:40.825660Z  INFO get_files:scan_sources: tailwindcss_oxide::scanner: Discovering "D:\\AI-Workspace\\employee-identity-portal\\src\\app\\api\\pd\\profile"
2025-11-29T07:20:40.826121Z  INFO get_files:scan_sources: tailwindcss_oxide::scanner: Discovering "D:\\AI-Workspace\\employee-identity-portal\\src\\app\\api\\pf"
2025-11-29T07:20:40.826445Z  INFO get_files:scan_sources: tailwindcss_oxide::scanner: Discovering "D:\\AI-Workspace\\employee-identity-portal\\src\\app\\api\\pf\\oidc"
2025-11-29T07:20:40.826929Z  INFO get_files:scan_sources: tailwindcss_oxide::scanner: Discovering "D:\\AI-Workspace\\employee-identity-portal\\src\\app\\api\\pf\\saml"
2025-11-29T07:20:40.827426Z  INFO get_files:scan_sources: tailwindcss_oxide::scanner: Discovering "D:\\AI-Workspace\\employee-identity-portal\\src\\app\\api\\pf\\userinfo"
2025-11-29T07:20:40.827905Z  INFO get_files:scan_sources: tailwindcss_oxide::scanner: Discovering "D:\\AI-Workspace\\employee-identity-portal\\src\\app\\api\\saviynt"
2025-11-29T07:20:40.828259Z  INFO get_files:scan_sources: tailwindcss_oxide::scanner: Discovering "D:\\AI-Workspace\\employee-identity-portal\\src\\app\\api\\saviynt\\entitlements"
2025-11-29T07:20:40.828713Z  INFO get_files:scan_sources: tailwindcss_oxide::scanner: Discovering "D:\\AI-Workspace\\employee-identity-portal\\src\\app\\api\\saviynt\\requests"
2025-11-29T07:20:40.829160Z  INFO get_files:scan_sources: tailwindcss_oxide::scanner: Discovering "D:\\AI-Workspace\\employee-identity-portal\\src\\app\\api\\saviynt\\roles"
2025-11-29T07:20:40.829627Z  INFO get_files:scan_sources: tailwindcss_oxide::scanner: Discovering "D:\\AI-Workspace\\employee-identity-portal\\src\\app\\api\\search-employee"
2025-11-29T07:20:40.830031Z  INFO get_files:scan_sources: tailwindcss_oxide::scanner: Discovering "D:\\AI-Workspace\\employee-identity-portal\\src\\app\\api\\search-employee\\[query]"
2025-11-29T07:20:40.830382Z  INFO get_files:scan_sources: tailwindcss_oxide::scanner: Discovering "D:\\AI-Workspace\\employee-identity-portal\\src\\app\\api\\search-employee\\[query]\\details"
2025-11-29T07:20:40.830937Z  INFO get_files:scan_sources: tailwindcss_oxide::scanner: Discovering "D:\\AI-Workspace\\employee-identity-portal\\src\\app\\api\\send-email"
2025-11-29T07:20:40.831356Z  INFO get_files:scan_sources: tailwindcss_oxide::scanner: Discovering "D:\\AI-Workspace\\employee-identity-portal\\src\\app\\api\\snow"
2025-11-29T07:20:40.831725Z  INFO get_files:scan_sources: tailwindcss_oxide::scanner: Discovering "D:\\AI-Workspace\\employee-identity-portal\\src\\app\\api\\snow\\incidents"
2025-11-29T07:20:40.832154Z  INFO get_files:scan_sources: tailwindcss_oxide::scanner: Discovering "D:\\AI-Workspace\\employee-identity-portal\\src\\app\\api\\submit-snow-ticket"
2025-11-29T07:20:40.833901Z  INFO get_files:scan_sources: tailwindcss_oxide::scanner: Discovering "D:\\AI-Workspace\\employee-identity-portal\\src\\components"
2025-11-29T07:20:40.834394Z  INFO get_files:scan_sources: tailwindcss_oxide::scanner: Discovering "D:\\AI-Workspace\\employee-identity-portal\\src\\components\\dialogs"
2025-11-29T07:20:40.835253Z  INFO get_files:scan_sources: tailwindcss_oxide::scanner: Discovering "D:\\AI-Workspace\\employee-identity-portal\\src\\components\\sections"
2025-11-29T07:20:40.835837Z  INFO get_files:scan_sources: tailwindcss_oxide::scanner: Discovering "D:\\AI-Workspace\\employee-identity-portal\\src\\components\\ui"
2025-11-29T07:20:40.838845Z  INFO get_files:scan_sources: tailwindcss_oxide::scanner: Discovering "D:\\AI-Workspace\\employee-identity-portal\\src\\context"
2025-11-29T07:20:40.839267Z  INFO get_files:scan_sources: tailwindcss_oxide::scanner: Discovering "D:\\AI-Workspace\\employee-identity-portal\\src\\hooks"
2025-11-29T07:20:40.840292Z  INFO get_files:scan_sources: tailwindcss_oxide::scanner: Discovering "D:\\AI-Workspace\\employee-identity-portal\\src\\lib"
2025-11-29T07:20:40.840927Z  INFO get_files:scan_sources: tailwindcss_oxide::scanner: Discovering "D:\\AI-Workspace\\employee-identity-portal\\src\\lib\\hooks"
2025-11-29T07:20:40.841751Z  INFO get_files:scan_sources: tailwindcss_oxide::scanner: Discovering "D:\\AI-Workspace\\employee-identity-portal\\src\\visual-edits"
2025-11-29T07:20:40.842337Z  INFO get_files:scan_sources: tailwindcss_oxide::scanner: exit
2025-11-29T07:20:40.844902Z  INFO get_files: tailwindcss_oxide::scanner: exit
2025-11-29T07:20:40.846853Z  INFO get_globs: tailwindcss_oxide::scanner: enter
2025-11-29T07:20:40.846871Z  INFO get_globs:scan_sources: tailwindcss_oxide::scanner: enter
2025-11-29T07:20:40.849288Z  INFO get_globs:scan_sources: tailwindcss_oxide::scanner: Discovering "D:\\AI-Workspace\\employee-identity-portal\\backend"
2025-11-29T07:20:40.850619Z  INFO get_globs:scan_sources: tailwindcss_oxide::scanner: Discovering "D:\\AI-Workspace\\employee-identity-portal\\backend\\config"
2025-11-29T07:20:40.851112Z  INFO get_globs:scan_sources: tailwindcss_oxide::scanner: Discovering "D:\\AI-Workspace\\employee-identity-portal\\backend\\logs"
2025-11-29T07:20:40.851460Z  INFO get_globs:scan_sources: tailwindcss_oxide::scanner: Discovering "D:\\AI-Workspace\\employee-identity-portal\\backend\\middleware"
2025-11-29T07:20:40.851979Z  INFO get_globs:scan_sources: tailwindcss_oxide::scanner: Discovering "D:\\AI-Workspace\\employee-identity-portal\\backend\\mocks"
2025-11-29T07:20:40.854060Z  INFO get_globs:scan_sources: tailwindcss_oxide::scanner: Discovering "D:\\AI-Workspace\\employee-identity-portal\\backend\\routes"
2025-11-29T07:20:40.854689Z  INFO get_globs:scan_sources: tailwindcss_oxide::scanner: Discovering "D:\\AI-Workspace\\employee-identity-portal\\backend\\services"
2025-11-29T07:20:40.855180Z  INFO get_globs:scan_sources: tailwindcss_oxide::scanner: Discovering "D:\\AI-Workspace\\employee-identity-portal\\backend\\utils"
2025-11-29T07:20:40.856261Z  INFO get_globs:scan_sources: tailwindcss_oxide::scanner: Discovering "D:\\AI-Workspace\\employee-identity-portal\\public"
2025-11-29T07:20:40.857090Z  INFO get_globs:scan_sources: tailwindcss_oxide::scanner: Discovering "D:\\AI-Workspace\\employee-identity-portal\\src"
2025-11-29T07:20:40.857396Z  INFO get_globs:scan_sources: tailwindcss_oxide::scanner: Discovering "D:\\AI-Workspace\\employee-identity-portal\\src\\app"
2025-11-29T07:20:40.857687Z  INFO get_globs:scan_sources: tailwindcss_oxide::scanner: Discovering "D:\\AI-Workspace\\employee-identity-portal\\src\\app\\api"
2025-11-29T07:20:40.858012Z  INFO get_globs:scan_sources: tailwindcss_oxide::scanner: Discovering "D:\\AI-Workspace\\employee-identity-portal\\src\\app\\api\\aad"
2025-11-29T07:20:40.858319Z  INFO get_globs:scan_sources: tailwindcss_oxide::scanner: Discovering "D:\\AI-Workspace\\employee-identity-portal\\src\\app\\api\\aad\\groups"
2025-11-29T07:20:40.858691Z  INFO get_globs:scan_sources: tailwindcss_oxide::scanner: Discovering "D:\\AI-Workspace\\employee-identity-portal\\src\\app\\api\\aad\\signins"
2025-11-29T07:20:40.859022Z  INFO get_globs:scan_sources: tailwindcss_oxide::scanner: Discovering "D:\\AI-Workspace\\employee-identity-portal\\src\\app\\api\\aad\\user"
2025-11-29T07:20:40.859389Z  INFO get_globs:scan_sources: tailwindcss_oxide::scanner: Discovering "D:\\AI-Workspace\\employee-identity-portal\\src\\app\\api\\auth"
2025-11-29T07:20:40.859653Z  INFO get_globs:scan_sources: tailwindcss_oxide::scanner: Discovering "D:\\AI-Workspace\\employee-identity-portal\\src\\app\\api\\auth\\login"
2025-11-29T07:20:40.860056Z  INFO get_globs:scan_sources: tailwindcss_oxide::scanner: Discovering "D:\\AI-Workspace\\employee-identity-portal\\src\\app\\api\\config"
2025-11-29T07:20:40.860327Z  INFO get_globs:scan_sources: tailwindcss_oxide::scanner: Discovering "D:\\AI-Workspace\\employee-identity-portal\\src\\app\\api\\config\\features"
2025-11-29T07:20:40.860717Z  INFO get_globs:scan_sources: tailwindcss_oxide::scanner: Discovering "D:\\AI-Workspace\\employee-identity-portal\\src\\app\\api\\cyberark"
2025-11-29T07:20:40.860998Z  INFO get_globs:scan_sources: tailwindcss_oxide::scanner: Discovering "D:\\AI-Workspace\\employee-identity-portal\\src\\app\\api\\cyberark\\accounts"
2025-11-29T07:20:40.861366Z  INFO get_globs:scan_sources: tailwindcss_oxide::scanner: Discovering "D:\\AI-Workspace\\employee-identity-portal\\src\\app\\api\\cyberark\\activity"
2025-11-29T07:20:40.861733Z  INFO get_globs:scan_sources: tailwindcss_oxide::scanner: Discovering "D:\\AI-Workspace\\employee-identity-portal\\src\\app\\api\\cyberark\\safes"
2025-11-29T07:20:40.862124Z  INFO get_globs:scan_sources: tailwindcss_oxide::scanner: Discovering "D:\\AI-Workspace\\employee-identity-portal\\src\\app\\api\\cyberark-alero"
2025-11-29T07:20:40.872296Z  INFO get_globs:scan_sources: tailwindcss_oxide::scanner: Discovering "D:\\AI-Workspace\\employee-identity-portal\\src\\app\\api\\cyberark-alero\\recordings"
2025-11-29T07:20:40.872762Z  INFO get_globs:scan_sources: tailwindcss_oxide::scanner: Discovering "D:\\AI-Workspace\\employee-identity-portal\\src\\app\\api\\cyberark-alero\\sessions"
2025-11-29T07:20:40.873157Z  INFO get_globs:scan_sources: tailwindcss_oxide::scanner: Discovering "D:\\AI-Workspace\\employee-identity-portal\\src\\app\\api\\cyberark-alero\\targets"
2025-11-29T07:20:40.873556Z  INFO get_globs:scan_sources: tailwindcss_oxide::scanner: Discovering "D:\\AI-Workspace\\employee-identity-portal\\src\\app\\api\\cyberark-conjur"
2025-11-29T07:20:40.873839Z  INFO get_globs:scan_sources: tailwindcss_oxide::scanner: Discovering "D:\\AI-Workspace\\employee-identity-portal\\src\\app\\api\\cyberark-conjur\\rotation"
2025-11-29T07:20:40.874217Z  INFO get_globs:scan_sources: tailwindcss_oxide::scanner: Discovering "D:\\AI-Workspace\\employee-identity-portal\\src\\app\\api\\cyberark-conjur\\secrets"
2025-11-29T07:20:40.874603Z  INFO get_globs:scan_sources: tailwindcss_oxide::scanner: Discovering "D:\\AI-Workspace\\employee-identity-portal\\src\\app\\api\\cyberark-conjur\\vaults"
2025-11-29T07:20:40.875015Z  INFO get_globs:scan_sources: tailwindcss_oxide::scanner: Discovering "D:\\AI-Workspace\\employee-identity-portal\\src\\app\\api\\cyberark-dpa"
2025-11-29T07:20:40.875314Z  INFO get_globs:scan_sources: tailwindcss_oxide::scanner: Discovering "D:\\AI-Workspace\\employee-identity-portal\\src\\app\\api\\cyberark-dpa\\authorizations"
2025-11-29T07:20:40.875703Z  INFO get_globs:scan_sources: tailwindcss_oxide::scanner: Discovering "D:\\AI-Workspace\\employee-identity-portal\\src\\app\\api\\cyberark-dpa\\policies"
2025-11-29T07:20:40.876087Z  INFO get_globs:scan_sources: tailwindcss_oxide::scanner: Discovering "D:\\AI-Workspace\\employee-identity-portal\\src\\app\\api\\cyberark-dpa\\risk-assessment"
2025-11-29T07:20:40.876484Z  INFO get_globs:scan_sources: tailwindcss_oxide::scanner: Discovering "D:\\AI-Workspace\\employee-identity-portal\\src\\app\\api\\cyberark-epm"
2025-11-29T07:20:40.876769Z  INFO get_globs:scan_sources: tailwindcss_oxide::scanner: Discovering "D:\\AI-Workspace\\employee-identity-portal\\src\\app\\api\\cyberark-epm\\applications"
2025-11-29T07:20:40.877150Z  INFO get_globs:scan_sources: tailwindcss_oxide::scanner: Discovering "D:\\AI-Workspace\\employee-identity-portal\\src\\app\\api\\cyberark-epm\\elevation-history"
2025-11-29T07:20:40.877622Z  INFO get_globs:scan_sources: tailwindcss_oxide::scanner: Discovering "D:\\AI-Workspace\\employee-identity-portal\\src\\app\\api\\cyberark-epm\\policies"
2025-11-29T07:20:40.878090Z  INFO get_globs:scan_sources: tailwindcss_oxide::scanner: Discovering "D:\\AI-Workspace\\employee-identity-portal\\src\\app\\api\\cyberark-identity"
2025-11-29T07:20:40.878449Z  INFO get_globs:scan_sources: tailwindcss_oxide::scanner: Discovering "D:\\AI-Workspace\\employee-identity-portal\\src\\app\\api\\cyberark-identity\\devices"
2025-11-29T07:20:40.878890Z  INFO get_globs:scan_sources: tailwindcss_oxide::scanner: Discovering "D:\\AI-Workspace\\employee-identity-portal\\src\\app\\api\\cyberark-identity\\login-history"
2025-11-29T07:20:40.879313Z  INFO get_globs:scan_sources: tailwindcss_oxide::scanner: Discovering "D:\\AI-Workspace\\employee-identity-portal\\src\\app\\api\\cyberark-identity\\sso-apps"
2025-11-29T07:20:40.879868Z  INFO get_globs:scan_sources: tailwindcss_oxide::scanner: Discovering "D:\\AI-Workspace\\employee-identity-portal\\src\\app\\api\\mfa"
2025-11-29T07:20:40.880202Z  INFO get_globs:scan_sources: tailwindcss_oxide::scanner: Discovering "D:\\AI-Workspace\\employee-identity-portal\\src\\app\\api\\mfa\\devices"
2025-11-29T07:20:40.880680Z  INFO get_globs:scan_sources: tailwindcss_oxide::scanner: Discovering "D:\\AI-Workspace\\employee-identity-portal\\src\\app\\api\\mfa\\events"
2025-11-29T07:20:40.881283Z  INFO get_globs:scan_sources: tailwindcss_oxide::scanner: Discovering "D:\\AI-Workspace\\employee-identity-portal\\src\\app\\api\\mfa\\status"
2025-11-29T07:20:40.881881Z  INFO get_globs:scan_sources: tailwindcss_oxide::scanner: Discovering "D:\\AI-Workspace\\employee-identity-portal\\src\\app\\api\\own-cyberark-alero"
2025-11-29T07:20:40.882295Z  INFO get_globs:scan_sources: tailwindcss_oxide::scanner: Discovering "D:\\AI-Workspace\\employee-identity-portal\\src\\app\\api\\own-cyberark-alero\\details"
2025-11-29T07:20:40.883955Z  INFO get_globs:scan_sources: tailwindcss_oxide::scanner: Discovering "D:\\AI-Workspace\\employee-identity-portal\\src\\app\\api\\own-cyberark-conjur"
2025-11-29T07:20:40.884347Z  INFO get_globs:scan_sources: tailwindcss_oxide::scanner: Discovering "D:\\AI-Workspace\\employee-identity-portal\\src\\app\\api\\own-cyberark-conjur\\details"
2025-11-29T07:20:40.884844Z  INFO get_globs:scan_sources: tailwindcss_oxide::scanner: Discovering "D:\\AI-Workspace\\employee-identity-portal\\src\\app\\api\\own-cyberark-dpa"
2025-11-29T07:20:40.885142Z  INFO get_globs:scan_sources: tailwindcss_oxide::scanner: Discovering "D:\\AI-Workspace\\employee-identity-portal\\src\\app\\api\\own-cyberark-dpa\\details"
2025-11-29T07:20:40.885689Z  INFO get_globs:scan_sources: tailwindcss_oxide::scanner: Discovering "D:\\AI-Workspace\\employee-identity-portal\\src\\app\\api\\own-cyberark-epm"
2025-11-29T07:20:40.886026Z  INFO get_globs:scan_sources: tailwindcss_oxide::scanner: Discovering "D:\\AI-Workspace\\employee-identity-portal\\src\\app\\api\\own-cyberark-epm\\details"
2025-11-29T07:20:40.886536Z  INFO get_globs:scan_sources: tailwindcss_oxide::scanner: Discovering "D:\\AI-Workspace\\employee-identity-portal\\src\\app\\api\\own-cyberark-identity"
2025-11-29T07:20:40.886841Z  INFO get_globs:scan_sources: tailwindcss_oxide::scanner: Discovering "D:\\AI-Workspace\\employee-identity-portal\\src\\app\\api\\own-cyberark-identity\\details"
2025-11-29T07:20:40.888636Z  INFO get_globs:scan_sources: tailwindcss_oxide::scanner: Discovering "D:\\AI-Workspace\\employee-identity-portal\\src\\app\\api\\own-ping-access"
2025-11-29T07:20:40.889067Z  INFO get_globs:scan_sources: tailwindcss_oxide::scanner: Discovering "D:\\AI-Workspace\\employee-identity-portal\\src\\app\\api\\own-ping-access\\details"
2025-11-29T07:20:40.889590Z  INFO get_globs:scan_sources: tailwindcss_oxide::scanner: Discovering "D:\\AI-Workspace\\employee-identity-portal\\src\\app\\api\\own-ping-authorize"
2025-11-29T07:20:40.889924Z  INFO get_globs:scan_sources: tailwindcss_oxide::scanner: Discovering "D:\\AI-Workspace\\employee-identity-portal\\src\\app\\api\\own-ping-authorize\\details"
2025-11-29T07:20:40.890529Z  INFO get_globs:scan_sources: tailwindcss_oxide::scanner: Discovering "D:\\AI-Workspace\\employee-identity-portal\\src\\app\\api\\own-ping-intelligence"
2025-11-29T07:20:40.890943Z  INFO get_globs:scan_sources: tailwindcss_oxide::scanner: Discovering "D:\\AI-Workspace\\employee-identity-portal\\src\\app\\api\\own-ping-intelligence\\details"
2025-11-29T07:20:40.891548Z  INFO get_globs:scan_sources: tailwindcss_oxide::scanner: Discovering "D:\\AI-Workspace\\employee-identity-portal\\src\\app\\api\\pd"
2025-11-29T07:20:40.891876Z  INFO get_globs:scan_sources: tailwindcss_oxide::scanner: Discovering "D:\\AI-Workspace\\employee-identity-portal\\src\\app\\api\\pd\\audit"
2025-11-29T07:20:40.892289Z  INFO get_globs:scan_sources: tailwindcss_oxide::scanner: Discovering "D:\\AI-Workspace\\employee-identity-portal\\src\\app\\api\\pd\\groups"
2025-11-29T07:20:40.892717Z  INFO get_globs:scan_sources: tailwindcss_oxide::scanner: Discovering "D:\\AI-Workspace\\employee-identity-portal\\src\\app\\api\\pd\\profile"
2025-11-29T07:20:40.893164Z  INFO get_globs:scan_sources: tailwindcss_oxide::scanner: Discovering "D:\\AI-Workspace\\employee-identity-portal\\src\\app\\api\\pf"
2025-11-29T07:20:40.893479Z  INFO get_globs:scan_sources: tailwindcss_oxide::scanner: Discovering "D:\\AI-Workspace\\employee-identity-portal\\src\\app\\api\\pf\\oidc"
2025-11-29T07:20:40.893999Z  INFO get_globs:scan_sources: tailwindcss_oxide::scanner: Discovering "D:\\AI-Workspace\\employee-identity-portal\\src\\app\\api\\pf\\saml"
2025-11-29T07:20:40.894417Z  INFO get_globs:scan_sources: tailwindcss_oxide::scanner: Discovering "D:\\AI-Workspace\\employee-identity-portal\\src\\app\\api\\pf\\userinfo"
2025-11-29T07:20:40.894848Z  INFO get_globs:scan_sources: tailwindcss_oxide::scanner: Discovering "D:\\AI-Workspace\\employee-identity-portal\\src\\app\\api\\saviynt"
2025-11-29T07:20:40.895156Z  INFO get_globs:scan_sources: tailwindcss_oxide::scanner: Discovering "D:\\AI-Workspace\\employee-identity-portal\\src\\app\\api\\saviynt\\entitlements"
2025-11-29T07:20:40.895552Z  INFO get_globs:scan_sources: tailwindcss_oxide::scanner: Discovering "D:\\AI-Workspace\\employee-identity-portal\\src\\app\\api\\saviynt\\requests"
2025-11-29T07:20:40.895963Z  INFO get_globs:scan_sources: tailwindcss_oxide::scanner: Discovering "D:\\AI-Workspace\\employee-identity-portal\\src\\app\\api\\saviynt\\roles"
2025-11-29T07:20:40.896388Z  INFO get_globs:scan_sources: tailwindcss_oxide::scanner: Discovering "D:\\AI-Workspace\\employee-identity-portal\\src\\app\\api\\search-employee"
2025-11-29T07:20:40.896760Z  INFO get_globs:scan_sources: tailwindcss_oxide::scanner: Discovering "D:\\AI-Workspace\\employee-identity-portal\\src\\app\\api\\search-employee\\[query]"
2025-11-29T07:20:40.897072Z  INFO get_globs:scan_sources: tailwindcss_oxide::scanner: Discovering "D:\\AI-Workspace\\employee-identity-portal\\src\\app\\api\\search-employee\\[query]\\details"
2025-11-29T07:20:40.897606Z  INFO get_globs:scan_sources: tailwindcss_oxide::scanner: Discovering "D:\\AI-Workspace\\employee-identity-portal\\src\\app\\api\\send-email"
2025-11-29T07:20:40.898012Z  INFO get_globs:scan_sources: tailwindcss_oxide::scanner: Discovering "D:\\AI-Workspace\\employee-identity-portal\\src\\app\\api\\snow"
2025-11-29T07:20:40.898322Z  INFO get_globs:scan_sources: tailwindcss_oxide::scanner: Discovering "D:\\AI-Workspace\\employee-identity-portal\\src\\app\\api\\snow\\incidents"
2025-11-29T07:20:40.898755Z  INFO get_globs:scan_sources: tailwindcss_oxide::scanner: Discovering "D:\\AI-Workspace\\employee-identity-portal\\src\\app\\api\\submit-snow-ticket"
2025-11-29T07:20:40.900237Z  INFO get_globs:scan_sources: tailwindcss_oxide::scanner: Discovering "D:\\AI-Workspace\\employee-identity-portal\\src\\components"
2025-11-29T07:20:40.900811Z  INFO get_globs:scan_sources: tailwindcss_oxide::scanner: Discovering "D:\\AI-Workspace\\employee-identity-portal\\src\\components\\dialogs"
2025-11-29T07:20:40.902080Z  INFO get_globs:scan_sources: tailwindcss_oxide::scanner: Discovering "D:\\AI-Workspace\\employee-identity-portal\\src\\components\\sections"
2025-11-29T07:20:40.902705Z  INFO get_globs:scan_sources: tailwindcss_oxide::scanner: Discovering "D:\\AI-Workspace\\employee-identity-portal\\src\\components\\ui"
2025-11-29T07:20:40.907125Z  INFO get_globs:scan_sources: tailwindcss_oxide::scanner: Discovering "D:\\AI-Workspace\\employee-identity-portal\\src\\context"
2025-11-29T07:20:40.907607Z  INFO get_globs:scan_sources: tailwindcss_oxide::scanner: Discovering "D:\\AI-Workspace\\employee-identity-portal\\src\\hooks"
2025-11-29T07:20:40.917132Z  INFO get_globs:scan_sources: tailwindcss_oxide::scanner: Discovering "D:\\AI-Workspace\\employee-identity-portal\\src\\lib"
2025-11-29T07:20:40.918070Z  INFO get_globs:scan_sources: tailwindcss_oxide::scanner: Discovering "D:\\AI-Workspace\\employee-identity-portal\\src\\lib\\hooks"
2025-11-29T07:20:40.919327Z  INFO get_globs:scan_sources: tailwindcss_oxide::scanner: Discovering "D:\\AI-Workspace\\employee-identity-portal\\src\\visual-edits"
2025-11-29T07:20:40.920125Z  INFO get_globs:scan_sources: tailwindcss_oxide::scanner: exit
2025-11-29T07:20:40.948506Z  INFO get_globs: tailwindcss_oxide::scanner: exit
