{"level":"info","message":{"msg":"backend listening on http://localhost:3001"},"timestamp":"2025-11-29T06:39:54.258Z"}
{"level":"info","message":{"auth":"[REDACTED]","method":"GET","msg":"request","timestamp":"2025-11-29T06:43:05.386Z","url":"/api/ops-failures?system=ping-federate&minutes=10"},"timestamp":"2025-11-29T06:43:05.386Z"}
{"level":"info","message":{"auth":"[REDACTED]","method":"GET","msg":"request","timestamp":"2025-11-29T06:43:05.412Z","url":"/api/ops-failures?system=ping-federate&minutes=10"},"timestamp":"2025-11-29T06:43:05.412Z"}
{"level":"info","message":{"auth":"[REDACTED]","method":"GET","msg":"request","timestamp":"2025-11-29T06:43:05.428Z","url":"/api/ops-failures?system=ping-mfa&minutes=10"},"timestamp":"2025-11-29T06:43:05.428Z"}
{"level":"info","message":{"auth":"[REDACTED]","method":"GET","msg":"request","timestamp":"2025-11-29T06:43:05.447Z","url":"/api/ops-failures?system=ping-mfa&minutes=10"},"timestamp":"2025-11-29T06:43:05.447Z"}
{"level":"info","message":{"auth":"[REDACTED]","method":"GET","msg":"request","timestamp":"2025-11-29T06:43:30.244Z","url":"/api/own-ping-directory"},"timestamp":"2025-11-29T06:43:30.244Z"}
{"level":"info","message":{"auth":"[REDACTED]","method":"GET","msg":"request","timestamp":"2025-11-29T06:43:30.262Z","url":"/api/ops-failures?system=ping-federate&minutes=10"},"timestamp":"2025-11-29T06:43:30.262Z"}
{"level":"info","message":{"auth":"[REDACTED]","method":"GET","msg":"request","timestamp":"2025-11-29T06:43:30.302Z","url":"/api/ops-failures?system=ping-mfa&minutes=10"},"timestamp":"2025-11-29T06:43:30.302Z"}
{"level":"info","message":{"auth":"[REDACTED]","method":"GET","msg":"request","timestamp":"2025-11-29T06:43:30.313Z","url":"/api/own-ping-directory"},"timestamp":"2025-11-29T06:43:30.313Z"}
{"level":"info","message":{"auth":"[REDACTED]","method":"GET","msg":"request","timestamp":"2025-11-29T06:43:30.351Z","url":"/api/own-ping-federate"},"timestamp":"2025-11-29T06:43:30.351Z"}
{"level":"info","message":{"auth":"[REDACTED]","method":"GET","msg":"request","timestamp":"2025-11-29T06:43:30.368Z","url":"/api/own-ping-mfa"},"timestamp":"2025-11-29T06:43:30.368Z"}
{"level":"info","message":{"auth":"[REDACTED]","method":"GET","msg":"request","timestamp":"2025-11-29T06:43:30.377Z","url":"/api/own-ping-access"},"timestamp":"2025-11-29T06:43:30.377Z"}
{"level":"info","message":{"auth":"[REDACTED]","method":"GET","msg":"request","timestamp":"2025-11-29T06:43:30.386Z","url":"/api/own-ping-authorize"},"timestamp":"2025-11-29T06:43:30.386Z"}
{"level":"info","message":{"auth":"[REDACTED]","method":"GET","msg":"request","timestamp":"2025-11-29T06:43:30.390Z","url":"/api/own-ping-intelligence"},"timestamp":"2025-11-29T06:43:30.390Z"}
{"level":"info","message":{"auth":"[REDACTED]","method":"GET","msg":"request","timestamp":"2025-11-29T06:43:30.397Z","url":"/api/own-ping-federate"},"timestamp":"2025-11-29T06:43:30.397Z"}
{"level":"info","message":{"auth":"[REDACTED]","method":"GET","msg":"request","timestamp":"2025-11-29T06:43:30.402Z","url":"/api/own-ping-mfa"},"timestamp":"2025-11-29T06:43:30.402Z"}
{"level":"info","message":{"auth":"[REDACTED]","method":"GET","msg":"request","timestamp":"2025-11-29T06:43:30.408Z","url":"/api/own-ping-access"},"timestamp":"2025-11-29T06:43:30.408Z"}
{"level":"info","message":{"auth":"[REDACTED]","method":"GET","msg":"request","timestamp":"2025-11-29T06:43:30.413Z","url":"/api/own-ping-authorize"},"timestamp":"2025-11-29T06:43:30.413Z"}
{"level":"info","message":{"auth":"[REDACTED]","method":"GET","msg":"request","timestamp":"2025-11-29T06:43:30.419Z","url":"/api/own-ping-intelligence"},"timestamp":"2025-11-29T06:43:30.419Z"}
{"level":"info","message":{"auth":"[REDACTED]","method":"GET","msg":"request","timestamp":"2025-11-29T06:46:34.380Z","url":"/api/ops-failures?system=ping-federate&minutes=10"},"timestamp":"2025-11-29T06:46:34.380Z"}
{"level":"info","message":{"auth":"[REDACTED]","method":"GET","msg":"request","timestamp":"2025-11-29T06:46:34.394Z","url":"/api/ops-failures?system=ping-mfa&minutes=10"},"timestamp":"2025-11-29T06:46:34.394Z"}
{"level":"info","message":{"auth":"[REDACTED]","method":"GET","msg":"request","timestamp":"2025-11-29T06:55:40.495Z","url":"/api/own-cyberark"},"timestamp":"2025-11-29T06:55:40.495Z"}
{"level":"info","message":{"auth":"[REDACTED]","method":"GET","msg":"request","timestamp":"2025-11-29T06:55:40.508Z","url":"/api/ops-failures?system=cyberark-pam&minutes=10"},"timestamp":"2025-11-29T06:55:40.508Z"}
{"level":"info","message":{"auth":"[REDACTED]","method":"GET","msg":"request","timestamp":"2025-11-29T06:55:40.595Z","url":"/api/ops-failures?system=cyberark-vault&minutes=10"},"timestamp":"2025-11-29T06:55:40.595Z"}
{"level":"info","message":{"auth":"[REDACTED]","method":"GET","msg":"request","timestamp":"2025-11-29T06:57:02.869Z","url":"/api/own-cyberark"},"timestamp":"2025-11-29T06:57:02.869Z"}
{"level":"info","message":{"auth":"[REDACTED]","method":"GET","msg":"request","timestamp":"2025-11-29T06:57:02.881Z","url":"/api/ops-failures?system=cyberark-pam&minutes=10"},"timestamp":"2025-11-29T06:57:02.881Z"}
{"level":"info","message":{"auth":"[REDACTED]","method":"GET","msg":"request","timestamp":"2025-11-29T06:57:02.895Z","url":"/api/ops-failures?system=cyberark-vault&minutes=10"},"timestamp":"2025-11-29T06:57:02.895Z"}
{"level":"info","message":{"auth":"[REDACTED]","method":"GET","msg":"request","timestamp":"2025-11-29T06:58:50.756Z","url":"/api/own-cyberark"},"timestamp":"2025-11-29T06:58:50.756Z"}
{"level":"info","message":{"auth":"[REDACTED]","method":"GET","msg":"request","timestamp":"2025-11-29T06:58:50.769Z","url":"/api/ops-failures?system=cyberark-pam&minutes=10"},"timestamp":"2025-11-29T06:58:50.769Z"}
{"level":"info","message":{"auth":"[REDACTED]","method":"GET","msg":"request","timestamp":"2025-11-29T06:58:50.785Z","url":"/api/ops-failures?system=cyberark-vault&minutes=10"},"timestamp":"2025-11-29T06:58:50.785Z"}
{"level":"info","message":{"auth":"[REDACTED]","method":"GET","msg":"request","timestamp":"2025-11-29T06:58:50.891Z","url":"/api/own-cyberark"},"timestamp":"2025-11-29T06:58:50.891Z"}
{"level":"info","message":{"auth":"[REDACTED]","method":"GET","msg":"request","timestamp":"2025-11-29T06:58:50.901Z","url":"/api/ops-failures?system=cyberark-pam&minutes=10"},"timestamp":"2025-11-29T06:58:50.901Z"}
{"level":"info","message":{"auth":"[REDACTED]","method":"GET","msg":"request","timestamp":"2025-11-29T06:58:51.009Z","url":"/api/ops-failures?system=cyberark-vault&minutes=10"},"timestamp":"2025-11-29T06:58:51.009Z"}
{"level":"info","message":{"auth":"[REDACTED]","method":"GET","msg":"request","timestamp":"2025-11-29T07:00:00.072Z","url":"/api/own-cyberark"},"timestamp":"2025-11-29T07:00:00.072Z"}
{"level":"info","message":{"auth":"[REDACTED]","method":"GET","msg":"request","timestamp":"2025-11-29T07:00:00.086Z","url":"/api/ops-failures?system=cyberark-pam&minutes=10"},"timestamp":"2025-11-29T07:00:00.086Z"}
{"level":"info","message":{"auth":"[REDACTED]","method":"GET","msg":"request","timestamp":"2025-11-29T07:00:00.112Z","url":"/api/ops-failures?system=cyberark-vault&minutes=10"},"timestamp":"2025-11-29T07:00:00.112Z"}
{"level":"info","message":{"auth":"[REDACTED]","method":"GET","msg":"request","timestamp":"2025-11-29T07:00:00.126Z","url":"/api/own-cyberark"},"timestamp":"2025-11-29T07:00:00.126Z"}
{"level":"info","message":{"auth":"[REDACTED]","method":"GET","msg":"request","timestamp":"2025-11-29T07:00:00.139Z","url":"/api/ops-failures?system=cyberark-pam&minutes=10"},"timestamp":"2025-11-29T07:00:00.139Z"}
{"level":"info","message":{"auth":"[REDACTED]","method":"GET","msg":"request","timestamp":"2025-11-29T07:00:00.151Z","url":"/api/ops-failures?system=cyberark-vault&minutes=10"},"timestamp":"2025-11-29T07:00:00.151Z"}
{"level":"info","message":{"auth":"[REDACTED]","method":"GET","msg":"request","timestamp":"2025-11-29T07:00:16.534Z","url":"/api/ops-failures?system=cyberark-pam&minutes=10"},"timestamp":"2025-11-29T07:00:16.534Z"}
{"level":"info","message":{"auth":"[REDACTED]","method":"GET","msg":"request","timestamp":"2025-11-29T07:00:16.547Z","url":"/api/ops-failures?system=cyberark-vault&minutes=10"},"timestamp":"2025-11-29T07:00:16.547Z"}
{"level":"info","message":{"auth":"[REDACTED]","method":"GET","msg":"request","timestamp":"2025-11-29T07:00:16.556Z","url":"/api/ops-failures?system=ping-federate&minutes=10"},"timestamp":"2025-11-29T07:00:16.556Z"}
{"level":"info","message":{"auth":"[REDACTED]","method":"GET","msg":"request","timestamp":"2025-11-29T07:00:16.568Z","url":"/api/ops-failures?system=ping-mfa&minutes=10"},"timestamp":"2025-11-29T07:00:16.568Z"}
{"level":"info","message":{"auth":"[REDACTED]","method":"GET","msg":"request","timestamp":"2025-11-29T07:00:16.576Z","url":"/api/ops-failures?system=cyberark-pam&minutes=10"},"timestamp":"2025-11-29T07:00:16.576Z"}
{"level":"info","message":{"auth":"[REDACTED]","method":"GET","msg":"request","timestamp":"2025-11-29T07:00:16.583Z","url":"/api/ops-failures?system=cyberark-vault&minutes=10"},"timestamp":"2025-11-29T07:00:16.583Z"}
{"level":"info","message":{"auth":"[REDACTED]","method":"GET","msg":"request","timestamp":"2025-11-29T07:00:16.596Z","url":"/api/ops-failures?system=ping-federate&minutes=10"},"timestamp":"2025-11-29T07:00:16.596Z"}
{"level":"info","message":{"auth":"[REDACTED]","method":"GET","msg":"request","timestamp":"2025-11-29T07:00:16.603Z","url":"/api/ops-failures?system=ping-mfa&minutes=10"},"timestamp":"2025-11-29T07:00:16.603Z"}
{"level":"info","message":{"auth":"[REDACTED]","method":"GET","msg":"request","timestamp":"2025-11-29T07:00:46.879Z","url":"/api/own-cyberark"},"timestamp":"2025-11-29T07:00:46.879Z"}
{"level":"info","message":{"auth":"[REDACTED]","method":"GET","msg":"request","timestamp":"2025-11-29T07:00:46.910Z","url":"/api/ops-failures?system=cyberark-pam&minutes=10"},"timestamp":"2025-11-29T07:00:46.910Z"}
{"level":"info","message":{"auth":"[REDACTED]","method":"GET","msg":"request","timestamp":"2025-11-29T07:00:46.933Z","url":"/api/ops-failures?system=cyberark-vault&minutes=10"},"timestamp":"2025-11-29T07:00:46.933Z"}
{"level":"info","message":{"auth":"[REDACTED]","method":"GET","msg":"request","timestamp":"2025-11-29T07:00:46.973Z","url":"/api/own-cyberark"},"timestamp":"2025-11-29T07:00:46.973Z"}
{"level":"info","message":{"msg":"backend listening on http://localhost:3001"},"timestamp":"2025-11-29T07:03:38.552Z"}
{"level":"info","message":{"msg":"backend listening on http://localhost:3001"},"timestamp":"2025-11-29T07:04:20.203Z"}
{"level":"info","message":{"auth":"[REDACTED]","method":"GET","msg":"request","timestamp":"2025-11-29T07:31:23.006Z","url":"/api/own-cyberark"},"timestamp":"2025-11-29T07:31:23.006Z"}
{"level":"info","message":{"auth":"[REDACTED]","method":"GET","msg":"request","timestamp":"2025-11-29T07:31:23.500Z","url":"/api/ops-failures?system=cyberark-pam&minutes=10"},"timestamp":"2025-11-29T07:31:23.500Z"}
{"level":"info","message":{"auth":"[REDACTED]","method":"GET","msg":"request","timestamp":"2025-11-29T07:31:23.511Z","url":"/api/ops-failures?system=cyberark-vault&minutes=10"},"timestamp":"2025-11-29T07:31:23.511Z"}
{"level":"info","message":{"auth":"[REDACTED]","method":"GET","msg":"request","timestamp":"2025-11-29T07:31:23.837Z","url":"/api/own-cyberark"},"timestamp":"2025-11-29T07:31:23.837Z"}
{"level":"info","message":{"auth":"[REDACTED]","method":"GET","msg":"request","timestamp":"2025-11-29T07:31:23.845Z","url":"/api/ops-failures?system=cyberark-pam&minutes=10"},"timestamp":"2025-11-29T07:31:23.845Z"}
{"level":"info","message":{"auth":"[REDACTED]","method":"GET","msg":"request","timestamp":"2025-11-29T07:31:23.852Z","url":"/api/ops-failures?system=cyberark-vault&minutes=10"},"timestamp":"2025-11-29T07:31:23.852Z"}
{"level":"info","message":{"auth":"[REDACTED]","method":"GET","msg":"request","timestamp":"2025-11-29T07:32:04.696Z","url":"/api/ops-failures?system=cyberark-pam&minutes=10"},"timestamp":"2025-11-29T07:32:04.696Z"}
{"level":"info","message":{"auth":"[REDACTED]","method":"GET","msg":"request","timestamp":"2025-11-29T07:32:04.732Z","url":"/api/ops-failures?system=cyberark-vault&minutes=10"},"timestamp":"2025-11-29T07:32:04.732Z"}
{"level":"info","message":{"auth":"[REDACTED]","method":"GET","msg":"request","timestamp":"2025-11-29T07:32:10.035Z","url":"/api/own-cyberark"},"timestamp":"2025-11-29T07:32:10.035Z"}
{"level":"info","message":{"auth":"[REDACTED]","method":"GET","msg":"request","timestamp":"2025-11-29T07:32:10.061Z","url":"/api/ops-failures?system=cyberark-pam&minutes=10"},"timestamp":"2025-11-29T07:32:10.061Z"}
{"level":"info","message":{"auth":"[REDACTED]","method":"GET","msg":"request","timestamp":"2025-11-29T07:32:10.102Z","url":"/api/own-cyberark"},"timestamp":"2025-11-29T07:32:10.102Z"}
{"level":"info","message":{"auth":"[REDACTED]","method":"GET","msg":"request","timestamp":"2025-11-29T07:32:10.200Z","url":"/api/ops-failures?system=cyberark-vault&minutes=10"},"timestamp":"2025-11-29T07:32:10.200Z"}
{"level":"info","message":{"auth":"[REDACTED]","method":"GET","msg":"request","timestamp":"2025-11-29T07:32:10.287Z","url":"/api/ops-failures?system=cyberark-pam&minutes=10"},"timestamp":"2025-11-29T07:32:10.287Z"}
{"level":"info","message":{"auth":"[REDACTED]","method":"GET","msg":"request","timestamp":"2025-11-29T07:32:10.421Z","url":"/api/ops-failures?system=cyberark-vault&minutes=10"},"timestamp":"2025-11-29T07:32:10.421Z"}
{"level":"info","message":{"auth":"[REDACTED]","method":"GET","msg":"request","timestamp":"2025-11-29T07:32:16.905Z","url":"/api/own-cyberark"},"timestamp":"2025-11-29T07:32:16.905Z"}
{"level":"info","message":{"auth":"[REDACTED]","method":"GET","msg":"request","timestamp":"2025-11-29T07:32:16.912Z","url":"/api/ops-failures?system=cyberark-pam&minutes=10"},"timestamp":"2025-11-29T07:32:16.912Z"}
{"level":"info","message":{"auth":"[REDACTED]","method":"GET","msg":"request","timestamp":"2025-11-29T07:32:16.928Z","url":"/api/ops-failures?system=cyberark-vault&minutes=10"},"timestamp":"2025-11-29T07:32:16.928Z"}
{"level":"info","message":{"auth":"[REDACTED]","method":"GET","msg":"request","timestamp":"2025-11-29T07:32:16.949Z","url":"/api/own-cyberark"},"timestamp":"2025-11-29T07:32:16.949Z"}
{"level":"info","message":{"auth":"[REDACTED]","method":"GET","msg":"request","timestamp":"2025-11-29T07:32:49.761Z","url":"/api/own-ping-directory"},"timestamp":"2025-11-29T07:32:49.761Z"}
{"level":"info","message":{"auth":"[REDACTED]","method":"GET","msg":"request","timestamp":"2025-11-29T07:32:49.771Z","url":"/api/ops-failures?system=ping-federate&minutes=10"},"timestamp":"2025-11-29T07:32:49.772Z"}
{"level":"info","message":{"auth":"[REDACTED]","method":"GET","msg":"request","timestamp":"2025-11-29T07:32:49.805Z","url":"/api/ops-failures?system=ping-mfa&minutes=10"},"timestamp":"2025-11-29T07:32:49.805Z"}
{"level":"info","message":{"auth":"[REDACTED]","method":"GET","msg":"request","timestamp":"2025-11-29T07:32:49.825Z","url":"/api/own-ping-directory"},"timestamp":"2025-11-29T07:32:49.825Z"}
{"level":"info","message":{"auth":"[REDACTED]","method":"GET","msg":"request","timestamp":"2025-11-29T07:32:49.863Z","url":"/api/own-ping-federate"},"timestamp":"2025-11-29T07:32:49.863Z"}
{"level":"info","message":{"auth":"[REDACTED]","method":"GET","msg":"request","timestamp":"2025-11-29T07:32:49.878Z","url":"/api/own-ping-mfa"},"timestamp":"2025-11-29T07:32:49.878Z"}
{"level":"info","message":{"auth":"[REDACTED]","method":"GET","msg":"request","timestamp":"2025-11-29T07:32:49.895Z","url":"/api/own-ping-access"},"timestamp":"2025-11-29T07:32:49.895Z"}
{"level":"info","message":{"auth":"[REDACTED]","method":"GET","msg":"request","timestamp":"2025-11-29T07:32:49.905Z","url":"/api/own-ping-authorize"},"timestamp":"2025-11-29T07:32:49.905Z"}
{"level":"info","message":{"auth":"[REDACTED]","method":"GET","msg":"request","timestamp":"2025-11-29T07:32:49.913Z","url":"/api/own-ping-intelligence"},"timestamp":"2025-11-29T07:32:49.913Z"}
{"level":"info","message":{"auth":"[REDACTED]","method":"GET","msg":"request","timestamp":"2025-11-29T07:32:49.927Z","url":"/api/own-ping-federate"},"timestamp":"2025-11-29T07:32:49.927Z"}
{"level":"info","message":{"auth":"[REDACTED]","method":"GET","msg":"request","timestamp":"2025-11-29T07:32:49.936Z","url":"/api/own-ping-access"},"timestamp":"2025-11-29T07:32:49.936Z"}
{"level":"info","message":{"auth":"[REDACTED]","method":"GET","msg":"request","timestamp":"2025-11-29T07:32:49.941Z","url":"/api/own-ping-authorize"},"timestamp":"2025-11-29T07:32:49.941Z"}
{"level":"info","message":{"auth":"[REDACTED]","method":"GET","msg":"request","timestamp":"2025-11-29T07:32:49.947Z","url":"/api/own-ping-mfa"},"timestamp":"2025-11-29T07:32:49.947Z"}
{"level":"info","message":{"auth":"[REDACTED]","method":"GET","msg":"request","timestamp":"2025-11-29T07:32:49.957Z","url":"/api/own-ping-intelligence"},"timestamp":"2025-11-29T07:32:49.957Z"}
{"level":"info","message":{"auth":"[REDACTED]","method":"GET","msg":"request","timestamp":"2025-11-29T07:33:27.238Z","url":"/api/ops-failures?system=ping-federate&minutes=10"},"timestamp":"2025-11-29T07:33:27.238Z"}
{"level":"info","message":{"auth":"[REDACTED]","method":"GET","msg":"request","timestamp":"2025-11-29T07:33:27.248Z","url":"/api/ops-failures?system=ping-mfa&minutes=10"},"timestamp":"2025-11-29T07:33:27.248Z"}
{"level":"info","message":{"auth":"[REDACTED]","method":"GET","msg":"request","timestamp":"2025-11-29T07:33:27.294Z","url":"/api/ops-failures?system=cyberark-pam&minutes=10"},"timestamp":"2025-11-29T07:33:27.294Z"}
{"level":"info","message":{"auth":"[REDACTED]","method":"GET","msg":"request","timestamp":"2025-11-29T07:33:27.300Z","url":"/api/ops-failures?system=cyberark-vault&minutes=10"},"timestamp":"2025-11-29T07:33:27.300Z"}
{"level":"info","message":{"auth":"[REDACTED]","method":"GET","msg":"request","timestamp":"2025-11-29T07:34:04.838Z","url":"/api/ops-failures?system=cyberark-pam&minutes=10"},"timestamp":"2025-11-29T07:34:04.838Z"}
{"level":"info","message":{"auth":"[REDACTED]","method":"GET","msg":"request","timestamp":"2025-11-29T07:34:04.847Z","url":"/api/ops-failures?system=cyberark-vault&minutes=10"},"timestamp":"2025-11-29T07:34:04.847Z"}
{"level":"info","message":{"auth":"[REDACTED]","method":"GET","msg":"request","timestamp":"2025-11-29T07:42:53.566Z","url":"/api/own-cyberark"},"timestamp":"2025-11-29T07:42:53.566Z"}
{"level":"info","message":{"auth":"[REDACTED]","method":"GET","msg":"request","timestamp":"2025-11-29T07:42:53.575Z","url":"/api/ops-failures?system=cyberark-pam&minutes=10"},"timestamp":"2025-11-29T07:42:53.575Z"}
{"level":"info","message":{"auth":"[REDACTED]","method":"GET","msg":"request","timestamp":"2025-11-29T07:42:53.595Z","url":"/api/own-cyberark"},"timestamp":"2025-11-29T07:42:53.595Z"}
{"level":"info","message":{"auth":"[REDACTED]","method":"GET","msg":"request","timestamp":"2025-11-29T07:42:53.652Z","url":"/api/ops-failures?system=cyberark-pam&minutes=10"},"timestamp":"2025-11-29T07:42:53.652Z"}
{"level":"info","message":{"auth":"[REDACTED]","method":"GET","msg":"request","timestamp":"2025-11-29T07:42:53.682Z","url":"/api/ops-failures?system=cyberark-vault&minutes=10"},"timestamp":"2025-11-29T07:42:53.682Z"}
{"level":"info","message":{"auth":"[REDACTED]","method":"GET","msg":"request","timestamp":"2025-11-29T07:42:53.697Z","url":"/api/ops-failures?system=cyberark-vault&minutes=10"},"timestamp":"2025-11-29T07:42:53.697Z"}
{"level":"info","message":{"auth":"[REDACTED]","method":"GET","msg":"request","timestamp":"2025-11-29T07:42:54.198Z","url":"/api/own-cyberark-epm"},"timestamp":"2025-11-29T07:42:54.198Z"}
{"level":"info","message":{"auth":"[REDACTED]","method":"GET","msg":"request","timestamp":"2025-11-29T07:42:54.256Z","url":"/api/own-cyberark-alero"},"timestamp":"2025-11-29T07:42:54.256Z"}
{"level":"info","message":{"auth":"[REDACTED]","method":"GET","msg":"request","timestamp":"2025-11-29T07:42:54.295Z","url":"/api/own-cyberark-conjur"},"timestamp":"2025-11-29T07:42:54.295Z"}
{"level":"info","message":{"auth":"[REDACTED]","method":"GET","msg":"request","timestamp":"2025-11-29T07:42:54.333Z","url":"/api/own-cyberark-dpa"},"timestamp":"2025-11-29T07:42:54.333Z"}
{"level":"info","message":{"auth":"[REDACTED]","method":"GET","msg":"request","timestamp":"2025-11-29T07:42:54.427Z","url":"/api/own-cyberark-epm"},"timestamp":"2025-11-29T07:42:54.427Z"}
{"level":"info","message":{"auth":"[REDACTED]","method":"GET","msg":"request","timestamp":"2025-11-29T07:42:54.444Z","url":"/api/own-cyberark-identity"},"timestamp":"2025-11-29T07:42:54.444Z"}
{"level":"info","message":{"auth":"[REDACTED]","method":"GET","msg":"request","timestamp":"2025-11-29T07:42:54.455Z","url":"/api/own-cyberark-conjur"},"timestamp":"2025-11-29T07:42:54.455Z"}
{"level":"info","message":{"auth":"[REDACTED]","method":"GET","msg":"request","timestamp":"2025-11-29T07:42:54.459Z","url":"/api/own-cyberark-dpa"},"timestamp":"2025-11-29T07:42:54.459Z"}
{"level":"info","message":{"auth":"[REDACTED]","method":"GET","msg":"request","timestamp":"2025-11-29T07:42:54.466Z","url":"/api/own-cyberark-identity"},"timestamp":"2025-11-29T07:42:54.466Z"}
{"level":"info","message":{"auth":"[REDACTED]","method":"GET","msg":"request","timestamp":"2025-11-29T07:42:54.471Z","url":"/api/own-cyberark-alero"},"timestamp":"2025-11-29T07:42:54.471Z"}
{"level":"info","message":{"auth":"[REDACTED]","method":"GET","msg":"request","timestamp":"2025-11-29T07:43:32.227Z","url":"/api/own-cyberark"},"timestamp":"2025-11-29T07:43:32.227Z"}
{"level":"info","message":{"auth":"[REDACTED]","method":"GET","msg":"request","timestamp":"2025-11-29T07:43:32.236Z","url":"/api/own-cyberark-epm"},"timestamp":"2025-11-29T07:43:32.236Z"}
{"level":"info","message":{"auth":"[REDACTED]","method":"GET","msg":"request","timestamp":"2025-11-29T07:43:32.243Z","url":"/api/own-cyberark-alero"},"timestamp":"2025-11-29T07:43:32.243Z"}
{"level":"info","message":{"auth":"[REDACTED]","method":"GET","msg":"request","timestamp":"2025-11-29T07:43:32.252Z","url":"/api/own-cyberark-conjur"},"timestamp":"2025-11-29T07:43:32.252Z"}
{"level":"info","message":{"auth":"[REDACTED]","method":"GET","msg":"request","timestamp":"2025-11-29T07:43:32.261Z","url":"/api/own-cyberark-dpa"},"timestamp":"2025-11-29T07:43:32.261Z"}
{"level":"info","message":{"auth":"[REDACTED]","method":"GET","msg":"request","timestamp":"2025-11-29T07:43:32.277Z","url":"/api/own-cyberark-identity"},"timestamp":"2025-11-29T07:43:32.277Z"}
{"level":"info","message":{"auth":"[REDACTED]","method":"GET","msg":"request","timestamp":"2025-11-29T07:43:32.319Z","url":"/api/own-cyberark-conjur"},"timestamp":"2025-11-29T07:43:32.319Z"}
{"level":"info","message":{"auth":"[REDACTED]","method":"GET","msg":"request","timestamp":"2025-11-29T07:43:32.329Z","url":"/api/own-cyberark"},"timestamp":"2025-11-29T07:43:32.329Z"}
{"level":"info","message":{"auth":"[REDACTED]","method":"GET","msg":"request","timestamp":"2025-11-29T07:43:32.339Z","url":"/api/own-cyberark-epm"},"timestamp":"2025-11-29T07:43:32.339Z"}
{"level":"info","message":{"auth":"[REDACTED]","method":"GET","msg":"request","timestamp":"2025-11-29T07:43:32.347Z","url":"/api/own-cyberark-alero"},"timestamp":"2025-11-29T07:43:32.347Z"}
{"level":"info","message":{"auth":"[REDACTED]","method":"GET","msg":"request","timestamp":"2025-11-29T07:43:32.353Z","url":"/api/own-cyberark-dpa"},"timestamp":"2025-11-29T07:43:32.353Z"}
{"level":"info","message":{"auth":"[REDACTED]","method":"GET","msg":"request","timestamp":"2025-11-29T07:43:32.358Z","url":"/api/own-cyberark-identity"},"timestamp":"2025-11-29T07:43:32.358Z"}
{"level":"info","message":{"auth":"[REDACTED]","method":"GET","msg":"request","timestamp":"2025-11-29T07:43:58.622Z","url":"/api/all-users"},"timestamp":"2025-11-29T07:43:58.622Z"}
{"level":"info","message":{"auth":"[REDACTED]","method":"GET","msg":"request","timestamp":"2025-11-29T07:43:58.692Z","url":"/api/search-employee/dana.lee%40company.com/details?system=ping-directory"},"timestamp":"2025-11-29T07:43:58.692Z"}
{"level":"info","message":{"auth":"[REDACTED]","method":"GET","msg":"request","timestamp":"2025-11-29T07:43:58.705Z","url":"/api/search-employee/u1004/details?system=ping-directory"},"timestamp":"2025-11-29T07:43:58.705Z"}
{"level":"info","message":{"auth":"[REDACTED]","method":"GET","msg":"request","timestamp":"2025-11-29T07:43:58.715Z","url":"/api/search-employee/DANA.LEE%40COMPANY.COM/details?system=ping-directory"},"timestamp":"2025-11-29T07:43:58.715Z"}
{"level":"info","message":{"auth":"[REDACTED]","method":"GET","msg":"request","timestamp":"2025-11-29T07:43:58.724Z","url":"/api/search-employee/U1004/details?system=ping-directory"},"timestamp":"2025-11-29T07:43:58.724Z"}
{"level":"info","message":{"auth":"[REDACTED]","method":"GET","msg":"request","timestamp":"2025-11-29T07:43:58.733Z","url":"/api/search-employee/dana.lee%40company.com/details?system=ping-federate"},"timestamp":"2025-11-29T07:43:58.733Z"}
{"level":"info","message":{"auth":"[REDACTED]","method":"GET","msg":"request","timestamp":"2025-11-29T07:43:58.741Z","url":"/api/search-employee/u1004/details?system=ping-federate"},"timestamp":"2025-11-29T07:43:58.741Z"}
{"level":"info","message":{"auth":"[REDACTED]","method":"GET","msg":"request","timestamp":"2025-11-29T07:43:58.748Z","url":"/api/search-employee/DANA.LEE%40COMPANY.COM/details?system=ping-federate"},"timestamp":"2025-11-29T07:43:58.748Z"}
{"level":"info","message":{"auth":"[REDACTED]","method":"GET","msg":"request","timestamp":"2025-11-29T07:43:58.754Z","url":"/api/search-employee/U1004/details?system=ping-federate"},"timestamp":"2025-11-29T07:43:58.754Z"}
{"level":"info","message":{"auth":"[REDACTED]","method":"GET","msg":"request","timestamp":"2025-11-29T07:43:58.764Z","url":"/api/search-employee/dana.lee%40company.com/details?system=ping-mfa"},"timestamp":"2025-11-29T07:43:58.764Z"}
{"level":"info","message":{"auth":"[REDACTED]","method":"GET","msg":"request","timestamp":"2025-11-29T07:43:58.771Z","url":"/api/search-employee/u1004/details?system=ping-mfa"},"timestamp":"2025-11-29T07:43:58.771Z"}
{"level":"info","message":{"auth":"[REDACTED]","method":"GET","msg":"request","timestamp":"2025-11-29T07:43:58.777Z","url":"/api/search-employee/DANA.LEE%40COMPANY.COM/details?system=ping-mfa"},"timestamp":"2025-11-29T07:43:58.777Z"}
{"level":"info","message":{"auth":"[REDACTED]","method":"GET","msg":"request","timestamp":"2025-11-29T07:43:58.786Z","url":"/api/search-employee/U1004/details?system=ping-mfa"},"timestamp":"2025-11-29T07:43:58.786Z"}
{"level":"info","message":{"auth":"[REDACTED]","method":"GET","msg":"request","timestamp":"2025-11-29T07:43:58.791Z","url":"/api/search-employee/dana.lee%40company.com/details?system=ping-access"},"timestamp":"2025-11-29T07:43:58.791Z"}
{"level":"info","message":{"auth":"[REDACTED]","method":"GET","msg":"request","timestamp":"2025-11-29T07:43:58.800Z","url":"/api/search-employee/u1004/details?system=ping-access"},"timestamp":"2025-11-29T07:43:58.800Z"}
{"level":"info","message":{"auth":"[REDACTED]","method":"GET","msg":"request","timestamp":"2025-11-29T07:43:58.809Z","url":"/api/search-employee/DANA.LEE%40COMPANY.COM/details?system=ping-access"},"timestamp":"2025-11-29T07:43:58.809Z"}
{"level":"info","message":{"auth":"[REDACTED]","method":"GET","msg":"request","timestamp":"2025-11-29T07:43:58.815Z","url":"/api/search-employee/U1004/details?system=ping-access"},"timestamp":"2025-11-29T07:43:58.815Z"}
{"level":"info","message":{"auth":"[REDACTED]","method":"GET","msg":"request","timestamp":"2025-11-29T07:43:58.823Z","url":"/api/search-employee/dana.lee%40company.com/details?system=ping-authorize"},"timestamp":"2025-11-29T07:43:58.823Z"}
{"level":"info","message":{"auth":"[REDACTED]","method":"GET","msg":"request","timestamp":"2025-11-29T07:43:58.830Z","url":"/api/search-employee/u1004/details?system=ping-authorize"},"timestamp":"2025-11-29T07:43:58.830Z"}
{"level":"info","message":{"auth":"[REDACTED]","method":"GET","msg":"request","timestamp":"2025-11-29T07:43:58.837Z","url":"/api/search-employee/DANA.LEE%40COMPANY.COM/details?system=ping-authorize"},"timestamp":"2025-11-29T07:43:58.837Z"}
{"level":"info","message":{"auth":"[REDACTED]","method":"GET","msg":"request","timestamp":"2025-11-29T07:43:58.844Z","url":"/api/search-employee/U1004/details?system=ping-authorize"},"timestamp":"2025-11-29T07:43:58.844Z"}
{"level":"info","message":{"auth":"[REDACTED]","method":"GET","msg":"request","timestamp":"2025-11-29T07:43:58.850Z","url":"/api/search-employee/dana.lee%40company.com/details?system=ping-intelligence"},"timestamp":"2025-11-29T07:43:58.850Z"}
{"level":"info","message":{"auth":"[REDACTED]","method":"GET","msg":"request","timestamp":"2025-11-29T07:43:58.857Z","url":"/api/search-employee/u1004/details?system=ping-intelligence"},"timestamp":"2025-11-29T07:43:58.857Z"}
{"level":"info","message":{"auth":"[REDACTED]","method":"GET","msg":"request","timestamp":"2025-11-29T07:43:58.865Z","url":"/api/search-employee/DANA.LEE%40COMPANY.COM/details?system=ping-intelligence"},"timestamp":"2025-11-29T07:43:58.865Z"}
{"level":"info","message":{"auth":"[REDACTED]","method":"GET","msg":"request","timestamp":"2025-11-29T07:43:58.870Z","url":"/api/search-employee/U1004/details?system=ping-intelligence"},"timestamp":"2025-11-29T07:43:58.870Z"}
{"level":"info","message":{"auth":"[REDACTED]","method":"GET","msg":"request","timestamp":"2025-11-29T07:43:58.877Z","url":"/api/search-employee/dana.lee%40company.com/details?system=cyberark"},"timestamp":"2025-11-29T07:43:58.877Z"}
{"level":"info","message":{"auth":"[REDACTED]","method":"GET","msg":"request","timestamp":"2025-11-29T07:43:58.882Z","url":"/api/search-employee/u1004/details?system=cyberark"},"timestamp":"2025-11-29T07:43:58.882Z"}
{"level":"info","message":{"auth":"[REDACTED]","method":"GET","msg":"request","timestamp":"2025-11-29T07:43:58.887Z","url":"/api/search-employee/DANA.LEE%40COMPANY.COM/details?system=cyberark"},"timestamp":"2025-11-29T07:43:58.887Z"}
{"level":"info","message":{"auth":"[REDACTED]","method":"GET","msg":"request","timestamp":"2025-11-29T07:43:58.893Z","url":"/api/search-employee/U1004/details?system=cyberark"},"timestamp":"2025-11-29T07:43:58.893Z"}
{"level":"info","message":{"auth":"[REDACTED]","method":"GET","msg":"request","timestamp":"2025-11-29T07:43:58.899Z","url":"/api/search-employee/dana.lee%40company.com/details?system=cyberark-epm"},"timestamp":"2025-11-29T07:43:58.899Z"}
{"level":"info","message":{"auth":"[REDACTED]","method":"GET","msg":"request","timestamp":"2025-11-29T07:43:58.904Z","url":"/api/search-employee/u1004/details?system=cyberark-epm"},"timestamp":"2025-11-29T07:43:58.904Z"}
{"level":"info","message":{"auth":"[REDACTED]","method":"GET","msg":"request","timestamp":"2025-11-29T07:43:58.910Z","url":"/api/search-employee/DANA.LEE%40COMPANY.COM/details?system=cyberark-epm"},"timestamp":"2025-11-29T07:43:58.910Z"}
{"level":"info","message":{"auth":"[REDACTED]","method":"GET","msg":"request","timestamp":"2025-11-29T07:43:58.915Z","url":"/api/search-employee/U1004/details?system=cyberark-epm"},"timestamp":"2025-11-29T07:43:58.915Z"}
{"level":"info","message":{"auth":"[REDACTED]","method":"GET","msg":"request","timestamp":"2025-11-29T07:43:58.921Z","url":"/api/search-employee/dana.lee%40company.com/details?system=cyberark-alero"},"timestamp":"2025-11-29T07:43:58.921Z"}
{"level":"info","message":{"auth":"[REDACTED]","method":"GET","msg":"request","timestamp":"2025-11-29T07:43:58.926Z","url":"/api/search-employee/u1004/details?system=cyberark-alero"},"timestamp":"2025-11-29T07:43:58.926Z"}
{"level":"info","message":{"auth":"[REDACTED]","method":"GET","msg":"request","timestamp":"2025-11-29T07:43:58.931Z","url":"/api/search-employee/DANA.LEE%40COMPANY.COM/details?system=cyberark-alero"},"timestamp":"2025-11-29T07:43:58.931Z"}
{"level":"info","message":{"auth":"[REDACTED]","method":"GET","msg":"request","timestamp":"2025-11-29T07:43:58.936Z","url":"/api/search-employee/U1004/details?system=cyberark-alero"},"timestamp":"2025-11-29T07:43:58.936Z"}
{"level":"info","message":{"auth":"[REDACTED]","method":"GET","msg":"request","timestamp":"2025-11-29T07:43:58.942Z","url":"/api/search-employee/dana.lee%40company.com/details?system=cyberark-conjur"},"timestamp":"2025-11-29T07:43:58.942Z"}
{"level":"info","message":{"auth":"[REDACTED]","method":"GET","msg":"request","timestamp":"2025-11-29T07:43:58.947Z","url":"/api/search-employee/u1004/details?system=cyberark-conjur"},"timestamp":"2025-11-29T07:43:58.947Z"}
{"level":"info","message":{"auth":"[REDACTED]","method":"GET","msg":"request","timestamp":"2025-11-29T07:43:58.952Z","url":"/api/search-employee/DANA.LEE%40COMPANY.COM/details?system=cyberark-conjur"},"timestamp":"2025-11-29T07:43:58.952Z"}
{"level":"info","message":{"auth":"[REDACTED]","method":"GET","msg":"request","timestamp":"2025-11-29T07:43:58.958Z","url":"/api/search-employee/U1004/details?system=cyberark-conjur"},"timestamp":"2025-11-29T07:43:58.958Z"}
{"level":"info","message":{"auth":"[REDACTED]","method":"GET","msg":"request","timestamp":"2025-11-29T07:43:58.964Z","url":"/api/search-employee/dana.lee%40company.com/details?system=cyberark-dpa"},"timestamp":"2025-11-29T07:43:58.964Z"}
{"level":"info","message":{"auth":"[REDACTED]","method":"GET","msg":"request","timestamp":"2025-11-29T07:43:58.969Z","url":"/api/search-employee/u1004/details?system=cyberark-dpa"},"timestamp":"2025-11-29T07:43:58.969Z"}
{"level":"info","message":{"auth":"[REDACTED]","method":"GET","msg":"request","timestamp":"2025-11-29T07:43:58.973Z","url":"/api/search-employee/DANA.LEE%40COMPANY.COM/details?system=cyberark-dpa"},"timestamp":"2025-11-29T07:43:58.973Z"}
{"level":"info","message":{"auth":"[REDACTED]","method":"GET","msg":"request","timestamp":"2025-11-29T07:43:58.979Z","url":"/api/search-employee/U1004/details?system=cyberark-dpa"},"timestamp":"2025-11-29T07:43:58.979Z"}
{"level":"info","message":{"auth":"[REDACTED]","method":"GET","msg":"request","timestamp":"2025-11-29T07:43:58.986Z","url":"/api/search-employee/dana.lee%40company.com/details?system=cyberark-identity"},"timestamp":"2025-11-29T07:43:58.986Z"}
{"level":"info","message":{"auth":"[REDACTED]","method":"GET","msg":"request","timestamp":"2025-11-29T07:43:58.991Z","url":"/api/search-employee/u1004/details?system=cyberark-identity"},"timestamp":"2025-11-29T07:43:58.991Z"}
{"level":"info","message":{"auth":"[REDACTED]","method":"GET","msg":"request","timestamp":"2025-11-29T07:43:58.999Z","url":"/api/search-employee/DANA.LEE%40COMPANY.COM/details?system=cyberark-identity"},"timestamp":"2025-11-29T07:43:58.999Z"}
{"level":"info","message":{"auth":"[REDACTED]","method":"GET","msg":"request","timestamp":"2025-11-29T07:43:59.004Z","url":"/api/search-employee/U1004/details?system=cyberark-identity"},"timestamp":"2025-11-29T07:43:59.004Z"}
{"level":"info","message":{"auth":"[REDACTED]","method":"GET","msg":"request","timestamp":"2025-11-29T07:43:59.010Z","url":"/api/search-employee/dana.lee%40company.com/details?system=saviynt"},"timestamp":"2025-11-29T07:43:59.010Z"}
{"level":"info","message":{"auth":"[REDACTED]","method":"GET","msg":"request","timestamp":"2025-11-29T07:43:59.016Z","url":"/api/search-employee/u1004/details?system=saviynt"},"timestamp":"2025-11-29T07:43:59.016Z"}
{"level":"info","message":{"auth":"[REDACTED]","method":"GET","msg":"request","timestamp":"2025-11-29T07:43:59.021Z","url":"/api/search-employee/DANA.LEE%40COMPANY.COM/details?system=saviynt"},"timestamp":"2025-11-29T07:43:59.021Z"}
{"level":"info","message":{"auth":"[REDACTED]","method":"GET","msg":"request","timestamp":"2025-11-29T07:43:59.026Z","url":"/api/search-employee/U1004/details?system=saviynt"},"timestamp":"2025-11-29T07:43:59.026Z"}
{"level":"info","message":{"auth":"[REDACTED]","method":"GET","msg":"request","timestamp":"2025-11-29T07:43:59.033Z","url":"/api/search-employee/dana.lee%40company.com/details?system=azure-ad"},"timestamp":"2025-11-29T07:43:59.033Z"}
{"level":"info","message":{"auth":"[REDACTED]","method":"GET","msg":"request","timestamp":"2025-11-29T07:43:59.039Z","url":"/api/search-employee/u1004/details?system=azure-ad"},"timestamp":"2025-11-29T07:43:59.039Z"}
{"level":"info","message":{"auth":"[REDACTED]","method":"GET","msg":"request","timestamp":"2025-11-29T07:43:59.045Z","url":"/api/search-employee/DANA.LEE%40COMPANY.COM/details?system=azure-ad"},"timestamp":"2025-11-29T07:43:59.045Z"}
{"level":"info","message":{"auth":"[REDACTED]","method":"GET","msg":"request","timestamp":"2025-11-29T07:43:59.050Z","url":"/api/search-employee/U1004/details?system=azure-ad"},"timestamp":"2025-11-29T07:43:59.050Z"}
{"level":"info","message":{"auth":"[REDACTED]","method":"GET","msg":"request","timestamp":"2025-11-29T07:44:15.111Z","url":"/api/ops-failures?system=cyberark-pam&minutes=10"},"timestamp":"2025-11-29T07:44:15.111Z"}
{"level":"info","message":{"auth":"[REDACTED]","method":"GET","msg":"request","timestamp":"2025-11-29T07:44:15.118Z","url":"/api/ops-failures?system=cyberark-vault&minutes=10"},"timestamp":"2025-11-29T07:44:15.118Z"}
{"level":"info","message":{"auth":"[REDACTED]","method":"GET","msg":"request","timestamp":"2025-11-29T07:44:26.206Z","url":"/api/ops-failures?system=ping-federate&minutes=10"},"timestamp":"2025-11-29T07:44:26.206Z"}
{"level":"info","message":{"auth":"[REDACTED]","method":"GET","msg":"request","timestamp":"2025-11-29T07:44:26.211Z","url":"/api/ops-failures?system=ping-mfa&minutes=10"},"timestamp":"2025-11-29T07:44:26.211Z"}
{"level":"info","message":{"auth":"[REDACTED]","method":"GET","msg":"request","timestamp":"2025-11-29T07:44:26.232Z","url":"/api/ops-failures?system=cyberark-pam&minutes=10"},"timestamp":"2025-11-29T07:44:26.233Z"}
{"level":"info","message":{"auth":"[REDACTED]","method":"GET","msg":"request","timestamp":"2025-11-29T07:44:26.256Z","url":"/api/ops-failures?system=cyberark-vault&minutes=10"},"timestamp":"2025-11-29T07:44:26.257Z"}
{"level":"info","message":{"auth":"[REDACTED]","method":"GET","msg":"request","timestamp":"2025-11-29T07:44:31.328Z","url":"/api/ops-failures?system=cyberark-pam&minutes=10"},"timestamp":"2025-11-29T07:44:31.328Z"}
{"level":"info","message":{"auth":"[REDACTED]","method":"GET","msg":"request","timestamp":"2025-11-29T07:44:31.346Z","url":"/api/ops-failures?system=cyberark-vault&minutes=10"},"timestamp":"2025-11-29T07:44:31.346Z"}
{"level":"info","message":{"auth":"[REDACTED]","method":"GET","msg":"request","timestamp":"2025-11-29T07:50:37.791Z","url":"/api/own-cyberark"},"timestamp":"2025-11-29T07:50:37.791Z"}
{"level":"info","message":{"auth":"[REDACTED]","method":"GET","msg":"request","timestamp":"2025-11-29T07:50:37.800Z","url":"/api/ops-failures?system=cyberark-pam&minutes=10"},"timestamp":"2025-11-29T07:50:37.800Z"}
{"level":"info","message":{"auth":"[REDACTED]","method":"GET","msg":"request","timestamp":"2025-11-29T07:50:37.809Z","url":"/api/ops-failures?system=cyberark-vault&minutes=10"},"timestamp":"2025-11-29T07:50:37.809Z"}
{"level":"info","message":{"auth":"[REDACTED]","method":"GET","msg":"request","timestamp":"2025-11-29T07:50:37.925Z","url":"/api/own-cyberark"},"timestamp":"2025-11-29T07:50:37.925Z"}
{"level":"info","message":{"auth":"[REDACTED]","method":"GET","msg":"request","timestamp":"2025-11-29T07:50:37.931Z","url":"/api/ops-failures?system=cyberark-pam&minutes=10"},"timestamp":"2025-11-29T07:50:37.931Z"}
{"level":"info","message":{"auth":"[REDACTED]","method":"GET","msg":"request","timestamp":"2025-11-29T07:50:37.939Z","url":"/api/ops-failures?system=cyberark-vault&minutes=10"},"timestamp":"2025-11-29T07:50:37.939Z"}
{"level":"info","message":{"auth":"[REDACTED]","method":"GET","msg":"request","timestamp":"2025-11-29T07:50:38.534Z","url":"/api/own-cyberark-epm"},"timestamp":"2025-11-29T07:50:38.534Z"}
{"level":"info","message":{"auth":"[REDACTED]","method":"GET","msg":"request","timestamp":"2025-11-29T07:50:38.540Z","url":"/api/own-cyberark-alero"},"timestamp":"2025-11-29T07:50:38.540Z"}
{"level":"info","message":{"auth":"[REDACTED]","method":"GET","msg":"request","timestamp":"2025-11-29T07:50:38.546Z","url":"/api/own-cyberark-conjur"},"timestamp":"2025-11-29T07:50:38.546Z"}
{"level":"info","message":{"auth":"[REDACTED]","method":"GET","msg":"request","timestamp":"2025-11-29T07:50:38.549Z","url":"/api/own-cyberark-dpa"},"timestamp":"2025-11-29T07:50:38.549Z"}
{"level":"info","message":{"auth":"[REDACTED]","method":"GET","msg":"request","timestamp":"2025-11-29T07:50:38.556Z","url":"/api/own-cyberark-identity"},"timestamp":"2025-11-29T07:50:38.556Z"}
{"level":"info","message":{"auth":"[REDACTED]","method":"GET","msg":"request","timestamp":"2025-11-29T07:50:38.561Z","url":"/api/own-cyberark-epm"},"timestamp":"2025-11-29T07:50:38.561Z"}
{"level":"info","message":{"auth":"[REDACTED]","method":"GET","msg":"request","timestamp":"2025-11-29T07:50:38.579Z","url":"/api/own-cyberark-alero"},"timestamp":"2025-11-29T07:50:38.579Z"}
{"level":"info","message":{"auth":"[REDACTED]","method":"GET","msg":"request","timestamp":"2025-11-29T07:50:38.594Z","url":"/api/own-cyberark-conjur"},"timestamp":"2025-11-29T07:50:38.594Z"}
{"level":"info","message":{"auth":"[REDACTED]","method":"GET","msg":"request","timestamp":"2025-11-29T07:50:38.598Z","url":"/api/own-cyberark-dpa"},"timestamp":"2025-11-29T07:50:38.598Z"}
{"level":"info","message":{"auth":"[REDACTED]","method":"GET","msg":"request","timestamp":"2025-11-29T07:50:38.602Z","url":"/api/own-cyberark-identity"},"timestamp":"2025-11-29T07:50:38.602Z"}
{"level":"info","message":{"auth":"[REDACTED]","method":"GET","msg":"request","timestamp":"2025-11-29T07:51:05.190Z","url":"/api/own-cyberark"},"timestamp":"2025-11-29T07:51:05.190Z"}
{"level":"info","message":{"auth":"[REDACTED]","method":"GET","msg":"request","timestamp":"2025-11-29T07:51:05.194Z","url":"/api/ops-failures?system=cyberark-pam&minutes=10"},"timestamp":"2025-11-29T07:51:05.194Z"}
{"level":"info","message":{"auth":"[REDACTED]","method":"GET","msg":"request","timestamp":"2025-11-29T07:51:05.201Z","url":"/api/ops-failures?system=cyberark-vault&minutes=10"},"timestamp":"2025-11-29T07:51:05.201Z"}
{"level":"info","message":{"auth":"[REDACTED]","method":"GET","msg":"request","timestamp":"2025-11-29T07:51:05.337Z","url":"/api/own-cyberark"},"timestamp":"2025-11-29T07:51:05.337Z"}
{"level":"info","message":{"auth":"[REDACTED]","method":"GET","msg":"request","timestamp":"2025-11-29T07:51:05.351Z","url":"/api/ops-failures?system=cyberark-pam&minutes=10"},"timestamp":"2025-11-29T07:51:05.351Z"}
{"level":"info","message":{"auth":"[REDACTED]","method":"GET","msg":"request","timestamp":"2025-11-29T07:51:05.355Z","url":"/api/ops-failures?system=cyberark-vault&minutes=10"},"timestamp":"2025-11-29T07:51:05.355Z"}
{"level":"info","message":{"auth":"[REDACTED]","method":"GET","msg":"request","timestamp":"2025-11-29T07:51:06.072Z","url":"/api/own-cyberark-epm"},"timestamp":"2025-11-29T07:51:06.072Z"}
{"level":"info","message":{"auth":"[REDACTED]","method":"GET","msg":"request","timestamp":"2025-11-29T07:51:06.076Z","url":"/api/own-cyberark-alero"},"timestamp":"2025-11-29T07:51:06.076Z"}
{"level":"info","message":{"auth":"[REDACTED]","method":"GET","msg":"request","timestamp":"2025-11-29T07:51:06.081Z","url":"/api/own-cyberark-conjur"},"timestamp":"2025-11-29T07:51:06.081Z"}
{"level":"info","message":{"auth":"[REDACTED]","method":"GET","msg":"request","timestamp":"2025-11-29T07:51:06.086Z","url":"/api/own-cyberark-dpa"},"timestamp":"2025-11-29T07:51:06.086Z"}
{"level":"info","message":{"auth":"[REDACTED]","method":"GET","msg":"request","timestamp":"2025-11-29T07:51:06.090Z","url":"/api/own-cyberark-identity"},"timestamp":"2025-11-29T07:51:06.090Z"}
{"level":"info","message":{"auth":"[REDACTED]","method":"GET","msg":"request","timestamp":"2025-11-29T07:51:06.097Z","url":"/api/own-cyberark-epm"},"timestamp":"2025-11-29T07:51:06.097Z"}
{"level":"info","message":{"auth":"[REDACTED]","method":"GET","msg":"request","timestamp":"2025-11-29T07:51:06.107Z","url":"/api/own-cyberark-alero"},"timestamp":"2025-11-29T07:51:06.107Z"}
{"level":"info","message":{"auth":"[REDACTED]","method":"GET","msg":"request","timestamp":"2025-11-29T07:51:06.114Z","url":"/api/own-cyberark-conjur"},"timestamp":"2025-11-29T07:51:06.114Z"}
{"level":"info","message":{"auth":"[REDACTED]","method":"GET","msg":"request","timestamp":"2025-11-29T07:51:06.121Z","url":"/api/own-cyberark-dpa"},"timestamp":"2025-11-29T07:51:06.121Z"}
{"level":"info","message":{"auth":"[REDACTED]","method":"GET","msg":"request","timestamp":"2025-11-29T07:51:06.128Z","url":"/api/own-cyberark-identity"},"timestamp":"2025-11-29T07:51:06.128Z"}
{"level":"info","message":{"auth":"[REDACTED]","method":"GET","msg":"request","timestamp":"2025-11-29T07:51:38.899Z","url":"/api/own-cyberark"},"timestamp":"2025-11-29T07:51:38.899Z"}
{"level":"info","message":{"auth":"[REDACTED]","method":"GET","msg":"request","timestamp":"2025-11-29T07:51:38.905Z","url":"/api/ops-failures?system=cyberark-pam&minutes=10"},"timestamp":"2025-11-29T07:51:38.905Z"}
{"level":"info","message":{"auth":"[REDACTED]","method":"GET","msg":"request","timestamp":"2025-11-29T07:51:38.914Z","url":"/api/ops-failures?system=cyberark-vault&minutes=10"},"timestamp":"2025-11-29T07:51:38.915Z"}
{"level":"info","message":{"auth":"[REDACTED]","method":"GET","msg":"request","timestamp":"2025-11-29T07:51:39.313Z","url":"/api/own-cyberark-epm"},"timestamp":"2025-11-29T07:51:39.313Z"}
{"level":"info","message":{"auth":"[REDACTED]","method":"GET","msg":"request","timestamp":"2025-11-29T07:51:39.316Z","url":"/api/own-cyberark-alero"},"timestamp":"2025-11-29T07:51:39.316Z"}
{"level":"info","message":{"auth":"[REDACTED]","method":"GET","msg":"request","timestamp":"2025-11-29T07:51:39.322Z","url":"/api/own-cyberark-conjur"},"timestamp":"2025-11-29T07:51:39.322Z"}
{"level":"info","message":{"auth":"[REDACTED]","method":"GET","msg":"request","timestamp":"2025-11-29T07:51:39.326Z","url":"/api/own-cyberark-dpa"},"timestamp":"2025-11-29T07:51:39.326Z"}
{"level":"info","message":{"auth":"[REDACTED]","method":"GET","msg":"request","timestamp":"2025-11-29T07:51:39.336Z","url":"/api/own-cyberark-identity"},"timestamp":"2025-11-29T07:51:39.336Z"}
{"level":"info","message":{"auth":"[REDACTED]","method":"GET","msg":"request","timestamp":"2025-11-29T07:51:39.341Z","url":"/api/own-cyberark-epm"},"timestamp":"2025-11-29T07:51:39.341Z"}
{"level":"info","message":{"auth":"[REDACTED]","method":"GET","msg":"request","timestamp":"2025-11-29T07:51:39.344Z","url":"/api/own-cyberark-alero"},"timestamp":"2025-11-29T07:51:39.344Z"}
{"level":"info","message":{"auth":"[REDACTED]","method":"GET","msg":"request","timestamp":"2025-11-29T07:51:39.349Z","url":"/api/own-cyberark-conjur"},"timestamp":"2025-11-29T07:51:39.349Z"}
{"level":"info","message":{"auth":"[REDACTED]","method":"GET","msg":"request","timestamp":"2025-11-29T07:51:39.353Z","url":"/api/own-cyberark-dpa"},"timestamp":"2025-11-29T07:51:39.353Z"}
{"level":"info","message":{"auth":"[REDACTED]","method":"GET","msg":"request","timestamp":"2025-11-29T07:51:39.356Z","url":"/api/own-cyberark-identity"},"timestamp":"2025-11-29T07:51:39.356Z"}
{"level":"info","message":{"auth":"[REDACTED]","method":"GET","msg":"request","timestamp":"2025-11-29T07:52:20.442Z","url":"/api/ops-failures?system=cyberark-pam&minutes=10"},"timestamp":"2025-11-29T07:52:20.442Z"}
{"level":"info","message":{"auth":"[REDACTED]","method":"GET","msg":"request","timestamp":"2025-11-29T07:52:20.447Z","url":"/api/ops-failures?system=cyberark-vault&minutes=10"},"timestamp":"2025-11-29T07:52:20.447Z"}
{"level":"info","message":{"auth":"[REDACTED]","method":"GET","msg":"request","timestamp":"2025-11-29T07:52:46.147Z","url":"/api/ops-failures?system=cyberark-pam&minutes=10"},"timestamp":"2025-11-29T07:52:46.147Z"}
{"level":"info","message":{"auth":"[REDACTED]","method":"GET","msg":"request","timestamp":"2025-11-29T07:52:46.150Z","url":"/api/ops-failures?system=cyberark-vault&minutes=10"},"timestamp":"2025-11-29T07:52:46.150Z"}
{"level":"info","message":{"auth":"[REDACTED]","method":"GET","msg":"request","timestamp":"2025-11-29T07:53:59.786Z","url":"/api/own-cyberark"},"timestamp":"2025-11-29T07:53:59.786Z"}
{"level":"info","message":{"auth":"[REDACTED]","method":"GET","msg":"request","timestamp":"2025-11-29T07:53:59.800Z","url":"/api/ops-failures?system=cyberark-pam&minutes=10"},"timestamp":"2025-11-29T07:53:59.800Z"}
{"level":"info","message":{"auth":"[REDACTED]","method":"GET","msg":"request","timestamp":"2025-11-29T07:53:59.809Z","url":"/api/ops-failures?system=cyberark-vault&minutes=10"},"timestamp":"2025-11-29T07:53:59.809Z"}
{"level":"info","message":{"auth":"[REDACTED]","method":"GET","msg":"request","timestamp":"2025-11-29T07:54:00.333Z","url":"/api/own-cyberark-epm"},"timestamp":"2025-11-29T07:54:00.333Z"}
{"level":"info","message":{"auth":"[REDACTED]","method":"GET","msg":"request","timestamp":"2025-11-29T07:54:00.340Z","url":"/api/own-cyberark-alero"},"timestamp":"2025-11-29T07:54:00.340Z"}
{"level":"info","message":{"auth":"[REDACTED]","method":"GET","msg":"request","timestamp":"2025-11-29T07:54:00.343Z","url":"/api/own-cyberark-conjur"},"timestamp":"2025-11-29T07:54:00.343Z"}
{"level":"info","message":{"auth":"[REDACTED]","method":"GET","msg":"request","timestamp":"2025-11-29T07:54:00.350Z","url":"/api/own-cyberark-dpa"},"timestamp":"2025-11-29T07:54:00.350Z"}
{"level":"info","message":{"auth":"[REDACTED]","method":"GET","msg":"request","timestamp":"2025-11-29T07:54:00.354Z","url":"/api/own-cyberark-identity"},"timestamp":"2025-11-29T07:54:00.354Z"}
{"level":"info","message":{"auth":"[REDACTED]","method":"GET","msg":"request","timestamp":"2025-11-29T07:54:00.358Z","url":"/api/own-cyberark-epm"},"timestamp":"2025-11-29T07:54:00.358Z"}
{"level":"info","message":{"auth":"[REDACTED]","method":"GET","msg":"request","timestamp":"2025-11-29T07:54:00.362Z","url":"/api/own-cyberark-alero"},"timestamp":"2025-11-29T07:54:00.362Z"}
{"level":"info","message":{"auth":"[REDACTED]","method":"GET","msg":"request","timestamp":"2025-11-29T07:54:00.367Z","url":"/api/own-cyberark-conjur"},"timestamp":"2025-11-29T07:54:00.367Z"}
{"level":"info","message":{"auth":"[REDACTED]","method":"GET","msg":"request","timestamp":"2025-11-29T07:54:00.371Z","url":"/api/own-cyberark-dpa"},"timestamp":"2025-11-29T07:54:00.371Z"}
{"level":"info","message":{"auth":"[REDACTED]","method":"GET","msg":"request","timestamp":"2025-11-29T07:54:00.375Z","url":"/api/own-cyberark-identity"},"timestamp":"2025-11-29T07:54:00.375Z"}
{"level":"info","message":{"auth":"[REDACTED]","method":"GET","msg":"request","timestamp":"2025-11-29T07:54:24.294Z","url":"/api/ops-failures?system=cyberark-pam&minutes=10"},"timestamp":"2025-11-29T07:54:24.294Z"}
{"level":"info","message":{"auth":"[REDACTED]","method":"GET","msg":"request","timestamp":"2025-11-29T07:54:24.301Z","url":"/api/ops-failures?system=cyberark-vault&minutes=10"},"timestamp":"2025-11-29T07:54:24.301Z"}
{"level":"info","message":{"auth":"[REDACTED]","method":"GET","msg":"request","timestamp":"2025-11-29T07:55:00.712Z","url":"/api/own-cyberark"},"timestamp":"2025-11-29T07:55:00.712Z"}
{"level":"info","message":{"auth":"[REDACTED]","method":"GET","msg":"request","timestamp":"2025-11-29T07:55:00.718Z","url":"/api/ops-failures?system=cyberark-pam&minutes=10"},"timestamp":"2025-11-29T07:55:00.718Z"}
{"level":"info","message":{"auth":"[REDACTED]","method":"GET","msg":"request","timestamp":"2025-11-29T07:55:00.727Z","url":"/api/ops-failures?system=cyberark-vault&minutes=10"},"timestamp":"2025-11-29T07:55:00.727Z"}
{"level":"info","message":{"auth":"[REDACTED]","method":"GET","msg":"request","timestamp":"2025-11-29T07:55:01.169Z","url":"/api/own-cyberark-epm"},"timestamp":"2025-11-29T07:55:01.170Z"}
{"level":"info","message":{"auth":"[REDACTED]","method":"GET","msg":"request","timestamp":"2025-11-29T07:55:01.174Z","url":"/api/own-cyberark-alero"},"timestamp":"2025-11-29T07:55:01.174Z"}
{"level":"info","message":{"auth":"[REDACTED]","method":"GET","msg":"request","timestamp":"2025-11-29T07:55:01.182Z","url":"/api/own-cyberark-conjur"},"timestamp":"2025-11-29T07:55:01.182Z"}
{"level":"info","message":{"auth":"[REDACTED]","method":"GET","msg":"request","timestamp":"2025-11-29T07:55:01.188Z","url":"/api/own-cyberark-epm"},"timestamp":"2025-11-29T07:55:01.188Z"}
{"level":"info","message":{"auth":"[REDACTED]","method":"GET","msg":"request","timestamp":"2025-11-29T07:55:01.191Z","url":"/api/own-cyberark-dpa"},"timestamp":"2025-11-29T07:55:01.192Z"}
{"level":"info","message":{"auth":"[REDACTED]","method":"GET","msg":"request","timestamp":"2025-11-29T07:55:01.196Z","url":"/api/own-cyberark-identity"},"timestamp":"2025-11-29T07:55:01.196Z"}
{"level":"info","message":{"auth":"[REDACTED]","method":"GET","msg":"request","timestamp":"2025-11-29T07:55:01.200Z","url":"/api/own-cyberark-alero"},"timestamp":"2025-11-29T07:55:01.200Z"}
{"level":"info","message":{"auth":"[REDACTED]","method":"GET","msg":"request","timestamp":"2025-11-29T07:55:01.205Z","url":"/api/own-cyberark-conjur"},"timestamp":"2025-11-29T07:55:01.205Z"}
{"level":"info","message":{"auth":"[REDACTED]","method":"GET","msg":"request","timestamp":"2025-11-29T07:55:01.210Z","url":"/api/own-cyberark-dpa"},"timestamp":"2025-11-29T07:55:01.210Z"}
{"level":"info","message":{"auth":"[REDACTED]","method":"GET","msg":"request","timestamp":"2025-11-29T07:55:01.215Z","url":"/api/own-cyberark-identity"},"timestamp":"2025-11-29T07:55:01.215Z"}
{"level":"info","message":{"auth":"[REDACTED]","method":"GET","msg":"request","timestamp":"2025-11-29T07:58:20.657Z","url":"/api/own-cyberark"},"timestamp":"2025-11-29T07:58:20.657Z"}
{"level":"info","message":{"auth":"[REDACTED]","method":"GET","msg":"request","timestamp":"2025-11-29T07:58:20.664Z","url":"/api/ops-failures?system=cyberark-pam&minutes=10"},"timestamp":"2025-11-29T07:58:20.664Z"}
{"level":"info","message":{"auth":"[REDACTED]","method":"GET","msg":"request","timestamp":"2025-11-29T07:58:20.672Z","url":"/api/ops-failures?system=cyberark-vault&minutes=10"},"timestamp":"2025-11-29T07:58:20.672Z"}
{"level":"info","message":{"auth":"[REDACTED]","method":"GET","msg":"request","timestamp":"2025-11-29T07:58:21.171Z","url":"/api/own-cyberark-epm"},"timestamp":"2025-11-29T07:58:21.171Z"}
{"level":"info","message":{"auth":"[REDACTED]","method":"GET","msg":"request","timestamp":"2025-11-29T07:58:21.179Z","url":"/api/own-cyberark-alero"},"timestamp":"2025-11-29T07:58:21.179Z"}
{"level":"info","message":{"auth":"[REDACTED]","method":"GET","msg":"request","timestamp":"2025-11-29T07:58:21.182Z","url":"/api/own-cyberark-conjur"},"timestamp":"2025-11-29T07:58:21.182Z"}
{"level":"info","message":{"auth":"[REDACTED]","method":"GET","msg":"request","timestamp":"2025-11-29T07:58:21.193Z","url":"/api/own-cyberark-dpa"},"timestamp":"2025-11-29T07:58:21.193Z"}
{"level":"info","message":{"auth":"[REDACTED]","method":"GET","msg":"request","timestamp":"2025-11-29T07:58:21.197Z","url":"/api/own-cyberark-identity"},"timestamp":"2025-11-29T07:58:21.197Z"}
{"level":"info","message":{"auth":"[REDACTED]","method":"GET","msg":"request","timestamp":"2025-11-29T07:58:21.201Z","url":"/api/own-cyberark-epm"},"timestamp":"2025-11-29T07:58:21.201Z"}
{"level":"info","message":{"auth":"[REDACTED]","method":"GET","msg":"request","timestamp":"2025-11-29T07:58:21.205Z","url":"/api/own-cyberark-alero"},"timestamp":"2025-11-29T07:58:21.205Z"}
{"level":"info","message":{"auth":"[REDACTED]","method":"GET","msg":"request","timestamp":"2025-11-29T07:58:21.209Z","url":"/api/own-cyberark-conjur"},"timestamp":"2025-11-29T07:58:21.209Z"}
{"level":"info","message":{"auth":"[REDACTED]","method":"GET","msg":"request","timestamp":"2025-11-29T07:58:21.216Z","url":"/api/own-cyberark-dpa"},"timestamp":"2025-11-29T07:58:21.216Z"}
{"level":"info","message":{"auth":"[REDACTED]","method":"GET","msg":"request","timestamp":"2025-11-29T07:58:21.222Z","url":"/api/own-cyberark-identity"},"timestamp":"2025-11-29T07:58:21.222Z"}
{"level":"info","message":{"auth":"[REDACTED]","method":"GET","msg":"request","timestamp":"2025-11-29T07:59:48.963Z","url":"/api/ops-failures?system=cyberark-pam&minutes=10"},"timestamp":"2025-11-29T07:59:48.963Z"}
{"level":"info","message":{"auth":"[REDACTED]","method":"GET","msg":"request","timestamp":"2025-11-29T07:59:48.966Z","url":"/api/ops-failures?system=cyberark-vault&minutes=10"},"timestamp":"2025-11-29T07:59:48.966Z"}
{"level":"info","message":{"auth":"[REDACTED]","method":"GET","msg":"request","timestamp":"2025-11-29T08:08:26.575Z","url":"/api/own-saviynt"},"timestamp":"2025-11-29T08:08:26.575Z"}
{"level":"info","message":{"auth":"[REDACTED]","method":"GET","msg":"request","timestamp":"2025-11-29T08:08:26.713Z","url":"/api/ops-failures?system=saviynt-access&minutes=10"},"timestamp":"2025-11-29T08:08:26.713Z"}
{"level":"info","message":{"auth":"[REDACTED]","method":"GET","msg":"request","timestamp":"2025-11-29T08:08:26.720Z","url":"/api/ops-failures?system=saviynt-provisioning&minutes=10"},"timestamp":"2025-11-29T08:08:26.720Z"}
{"level":"info","message":{"auth":"[REDACTED]","method":"GET","msg":"request","timestamp":"2025-11-29T08:08:26.759Z","url":"/api/own-saviynt"},"timestamp":"2025-11-29T08:08:26.759Z"}
{"level":"info","message":{"auth":"[REDACTED]","method":"GET","msg":"request","timestamp":"2025-11-29T08:08:26.767Z","url":"/api/own-saviynt-certifications"},"timestamp":"2025-11-29T08:08:26.767Z"}
{"level":"info","message":{"auth":"[REDACTED]","method":"GET","msg":"request","timestamp":"2025-11-29T08:08:26.773Z","url":"/api/own-saviynt-analytics"},"timestamp":"2025-11-29T08:08:26.773Z"}
{"level":"info","message":{"auth":"[REDACTED]","method":"GET","msg":"request","timestamp":"2025-11-29T08:08:26.782Z","url":"/api/own-saviynt-certifications"},"timestamp":"2025-11-29T08:08:26.782Z"}
{"level":"info","message":{"auth":"[REDACTED]","method":"GET","msg":"request","timestamp":"2025-11-29T08:08:26.789Z","url":"/api/own-saviynt-analytics"},"timestamp":"2025-11-29T08:08:26.789Z"}
{"level":"info","message":{"auth":"[REDACTED]","method":"GET","msg":"request","timestamp":"2025-11-29T08:08:26.801Z","url":"/api/own-saviynt-controls"},"timestamp":"2025-11-29T08:08:26.801Z"}
{"level":"info","message":{"auth":"[REDACTED]","method":"GET","msg":"request","timestamp":"2025-11-29T08:08:26.808Z","url":"/api/own-saviynt-requests"},"timestamp":"2025-11-29T08:08:26.808Z"}
{"level":"info","message":{"auth":"[REDACTED]","method":"GET","msg":"request","timestamp":"2025-11-29T08:08:26.818Z","url":"/api/own-saviynt-provisioning"},"timestamp":"2025-11-29T08:08:26.818Z"}
{"level":"info","message":{"auth":"[REDACTED]","method":"GET","msg":"request","timestamp":"2025-11-29T08:08:26.826Z","url":"/api/own-saviynt-controls"},"timestamp":"2025-11-29T08:08:26.826Z"}
{"level":"info","message":{"auth":"[REDACTED]","method":"GET","msg":"request","timestamp":"2025-11-29T08:08:26.841Z","url":"/api/own-saviynt-requests"},"timestamp":"2025-11-29T08:08:26.841Z"}
{"level":"info","message":{"auth":"[REDACTED]","method":"GET","msg":"request","timestamp":"2025-11-29T08:08:26.850Z","url":"/api/own-saviynt-provisioning"},"timestamp":"2025-11-29T08:08:26.850Z"}
{"level":"info","message":{"auth":"[REDACTED]","method":"GET","msg":"request","timestamp":"2025-11-29T08:09:08.829Z","url":"/api/ops-failures?system=ping-federate&minutes=10"},"timestamp":"2025-11-29T08:09:08.829Z"}
{"level":"info","message":{"auth":"[REDACTED]","method":"GET","msg":"request","timestamp":"2025-11-29T08:09:08.847Z","url":"/api/ops-failures?system=ping-mfa&minutes=10"},"timestamp":"2025-11-29T08:09:08.847Z"}
{"level":"info","message":{"auth":"[REDACTED]","method":"GET","msg":"request","timestamp":"2025-11-29T08:09:08.867Z","url":"/api/ops-failures?system=cyberark-pam&minutes=10"},"timestamp":"2025-11-29T08:09:08.867Z"}
{"level":"info","message":{"auth":"[REDACTED]","method":"GET","msg":"request","timestamp":"2025-11-29T08:09:08.879Z","url":"/api/ops-failures?system=cyberark-vault&minutes=10"},"timestamp":"2025-11-29T08:09:08.879Z"}
{"level":"info","message":{"auth":"[REDACTED]","method":"GET","msg":"request","timestamp":"2025-11-29T08:09:08.886Z","url":"/api/ops-failures?system=saviynt-access&minutes=10"},"timestamp":"2025-11-29T08:09:08.886Z"}
{"level":"info","message":{"auth":"[REDACTED]","method":"GET","msg":"request","timestamp":"2025-11-29T08:09:08.894Z","url":"/api/ops-failures?system=saviynt-provisioning&minutes=10"},"timestamp":"2025-11-29T08:09:08.894Z"}
{"level":"info","message":{"auth":"[REDACTED]","method":"GET","msg":"request","timestamp":"2025-11-29T08:09:54.613Z","url":"/api/ops-failures?system=saviynt-access&minutes=10"},"timestamp":"2025-11-29T08:09:54.613Z"}
{"level":"info","message":{"auth":"[REDACTED]","method":"GET","msg":"request","timestamp":"2025-11-29T08:09:54.623Z","url":"/api/ops-failures?system=saviynt-provisioning&minutes=10"},"timestamp":"2025-11-29T08:09:54.623Z"}
{"level":"info","message":{"auth":"[REDACTED]","method":"GET","msg":"request","timestamp":"2025-11-29T08:10:04.735Z","url":"/api/ops-failures?system=ping-federate&minutes=10"},"timestamp":"2025-11-29T08:10:04.736Z"}
{"level":"info","message":{"auth":"[REDACTED]","method":"GET","msg":"request","timestamp":"2025-11-29T08:10:04.746Z","url":"/api/ops-failures?system=ping-mfa&minutes=10"},"timestamp":"2025-11-29T08:10:04.746Z"}
{"level":"info","message":{"auth":"[REDACTED]","method":"GET","msg":"request","timestamp":"2025-11-29T08:10:04.755Z","url":"/api/ops-failures?system=cyberark-pam&minutes=10"},"timestamp":"2025-11-29T08:10:04.755Z"}
{"level":"info","message":{"auth":"[REDACTED]","method":"GET","msg":"request","timestamp":"2025-11-29T08:10:04.771Z","url":"/api/ops-failures?system=cyberark-vault&minutes=10"},"timestamp":"2025-11-29T08:10:04.771Z"}
{"level":"info","message":{"auth":"[REDACTED]","method":"GET","msg":"request","timestamp":"2025-11-29T08:10:04.785Z","url":"/api/ops-failures?system=saviynt-access&minutes=10"},"timestamp":"2025-11-29T08:10:04.785Z"}
{"level":"info","message":{"auth":"[REDACTED]","method":"GET","msg":"request","timestamp":"2025-11-29T08:10:04.795Z","url":"/api/ops-failures?system=saviynt-provisioning&minutes=10"},"timestamp":"2025-11-29T08:10:04.795Z"}
{"level":"info","message":{"auth":"[REDACTED]","method":"GET","msg":"request","timestamp":"2025-11-29T08:10:12.780Z","url":"/api/ops-failures?system=saviynt-access&minutes=10"},"timestamp":"2025-11-29T08:10:12.780Z"}
{"level":"info","message":{"auth":"[REDACTED]","method":"GET","msg":"request","timestamp":"2025-11-29T08:10:12.803Z","url":"/api/ops-failures?system=saviynt-provisioning&minutes=10"},"timestamp":"2025-11-29T08:10:12.803Z"}
{"level":"info","message":{"auth":"[REDACTED]","method":"GET","msg":"request","timestamp":"2025-11-29T08:19:01.134Z","url":"/api/own-saviynt"},"timestamp":"2025-11-29T08:19:01.134Z"}
{"level":"info","message":{"auth":"[REDACTED]","method":"GET","msg":"request","timestamp":"2025-11-29T08:19:01.141Z","url":"/api/ops-failures?system=saviynt-access&minutes=10"},"timestamp":"2025-11-29T08:19:01.141Z"}
{"level":"info","message":{"auth":"[REDACTED]","method":"GET","msg":"request","timestamp":"2025-11-29T08:19:01.149Z","url":"/api/ops-failures?system=saviynt-provisioning&minutes=10"},"timestamp":"2025-11-29T08:19:01.149Z"}
{"level":"info","message":{"auth":"[REDACTED]","method":"GET","msg":"request","timestamp":"2025-11-29T08:19:01.238Z","url":"/api/own-saviynt-certifications"},"timestamp":"2025-11-29T08:19:01.238Z"}
{"level":"info","message":{"auth":"[REDACTED]","method":"GET","msg":"request","timestamp":"2025-11-29T08:19:01.243Z","url":"/api/own-saviynt-analytics"},"timestamp":"2025-11-29T08:19:01.243Z"}
{"level":"info","message":{"auth":"[REDACTED]","method":"GET","msg":"request","timestamp":"2025-11-29T08:19:01.256Z","url":"/api/own-saviynt-controls"},"timestamp":"2025-11-29T08:19:01.256Z"}
{"level":"info","message":{"auth":"[REDACTED]","method":"GET","msg":"request","timestamp":"2025-11-29T08:19:01.260Z","url":"/api/own-saviynt-requests"},"timestamp":"2025-11-29T08:19:01.260Z"}
{"level":"info","message":{"auth":"[REDACTED]","method":"GET","msg":"request","timestamp":"2025-11-29T08:19:01.268Z","url":"/api/own-saviynt-provisioning"},"timestamp":"2025-11-29T08:19:01.268Z"}
{"level":"info","message":{"auth":"[REDACTED]","method":"GET","msg":"request","timestamp":"2025-11-29T08:19:06.021Z","url":"/api/own-saviynt"},"timestamp":"2025-11-29T08:19:06.021Z"}
{"level":"info","message":{"auth":"[REDACTED]","method":"GET","msg":"request","timestamp":"2025-11-29T08:19:06.038Z","url":"/api/ops-failures?system=saviynt-access&minutes=10"},"timestamp":"2025-11-29T08:19:06.038Z"}
{"level":"info","message":{"auth":"[REDACTED]","method":"GET","msg":"request","timestamp":"2025-11-29T08:19:06.063Z","url":"/api/ops-failures?system=saviynt-provisioning&minutes=10"},"timestamp":"2025-11-29T08:19:06.063Z"}
{"level":"info","message":{"auth":"[REDACTED]","method":"GET","msg":"request","timestamp":"2025-11-29T08:19:06.075Z","url":"/api/own-saviynt-certifications"},"timestamp":"2025-11-29T08:19:06.075Z"}
{"level":"info","message":{"auth":"[REDACTED]","method":"GET","msg":"request","timestamp":"2025-11-29T08:19:06.088Z","url":"/api/own-saviynt-analytics"},"timestamp":"2025-11-29T08:19:06.088Z"}
{"level":"info","message":{"auth":"[REDACTED]","method":"GET","msg":"request","timestamp":"2025-11-29T08:19:06.092Z","url":"/api/own-saviynt-controls"},"timestamp":"2025-11-29T08:19:06.092Z"}
{"level":"info","message":{"auth":"[REDACTED]","method":"GET","msg":"request","timestamp":"2025-11-29T08:19:06.099Z","url":"/api/own-saviynt-requests"},"timestamp":"2025-11-29T08:19:06.099Z"}
{"level":"info","message":{"auth":"[REDACTED]","method":"GET","msg":"request","timestamp":"2025-11-29T08:19:06.124Z","url":"/api/own-saviynt-provisioning"},"timestamp":"2025-11-29T08:19:06.124Z"}
{"level":"info","message":{"msg":"backend listening on http://localhost:3001"},"timestamp":"2025-11-29T10:59:09.223Z"}
{"level":"info","message":{"auth":"[REDACTED]","method":"GET","msg":"request","timestamp":"2025-11-29T11:08:00.767Z","url":"/api/ops-failures?system=ping-mfa&minutes=10"},"timestamp":"2025-11-29T11:08:00.767Z"}
{"level":"info","message":{"auth":"[REDACTED]","method":"GET","msg":"request","timestamp":"2025-11-29T11:08:00.868Z","url":"/api/ops-failures?system=ping-mfa&minutes=10"},"timestamp":"2025-11-29T11:08:00.868Z"}
{"level":"info","message":{"auth":"[REDACTED]","method":"GET","msg":"request","timestamp":"2025-11-29T11:08:00.971Z","url":"/api/ops-failures?system=ping-federate&minutes=10"},"timestamp":"2025-11-29T11:08:00.971Z"}
{"level":"info","message":{"auth":"[REDACTED]","method":"GET","msg":"request","timestamp":"2025-11-29T11:08:01.005Z","url":"/api/ops-failures?system=ping-federate&minutes=10"},"timestamp":"2025-11-29T11:08:01.005Z"}
{"level":"info","message":{"auth":"[REDACTED]","method":"GET","msg":"request","timestamp":"2025-11-29T11:08:16.460Z","url":"/api/own-azure-ad"},"timestamp":"2025-11-29T11:08:16.460Z"}
{"level":"info","message":{"auth":"[REDACTED]","method":"GET","msg":"request","timestamp":"2025-11-29T11:08:16.487Z","url":"/api/ops-failures?system=azure-ad-auth&minutes=10"},"timestamp":"2025-11-29T11:08:16.487Z"}
{"level":"info","message":{"auth":"[REDACTED]","method":"GET","msg":"request","timestamp":"2025-11-29T11:08:16.588Z","url":"/api/ops-failures?system=azure-ad-access&minutes=10"},"timestamp":"2025-11-29T11:08:16.588Z"}
{"level":"info","message":{"auth":"[REDACTED]","method":"GET","msg":"request","timestamp":"2025-11-29T11:08:16.852Z","url":"/api/own-azure-ad"},"timestamp":"2025-11-29T11:08:16.852Z"}
{"level":"info","message":{"auth":"[REDACTED]","method":"GET","msg":"request","timestamp":"2025-11-29T11:08:16.958Z","url":"/api/own-azure-ad-users"},"timestamp":"2025-11-29T11:08:16.958Z"}
{"level":"info","message":{"auth":"[REDACTED]","method":"GET","msg":"request","timestamp":"2025-11-29T11:08:17.061Z","url":"/api/own-azure-ad-groups"},"timestamp":"2025-11-29T11:08:17.061Z"}
{"level":"info","message":{"auth":"[REDACTED]","method":"GET","msg":"request","timestamp":"2025-11-29T11:08:17.103Z","url":"/api/own-azure-ad-apps"},"timestamp":"2025-11-29T11:08:17.103Z"}
{"level":"info","message":{"auth":"[REDACTED]","method":"GET","msg":"request","timestamp":"2025-11-29T11:08:17.136Z","url":"/api/own-azure-ad-users"},"timestamp":"2025-11-29T11:08:17.136Z"}
{"level":"info","message":{"auth":"[REDACTED]","method":"GET","msg":"request","timestamp":"2025-11-29T11:08:17.197Z","url":"/api/own-azure-ad-groups"},"timestamp":"2025-11-29T11:08:17.197Z"}
{"level":"info","message":{"auth":"[REDACTED]","method":"GET","msg":"request","timestamp":"2025-11-29T11:08:17.227Z","url":"/api/own-azure-ad-apps"},"timestamp":"2025-11-29T11:08:17.227Z"}
{"level":"info","message":{"auth":"[REDACTED]","method":"GET","msg":"request","timestamp":"2025-11-29T11:08:17.249Z","url":"/api/own-azure-ad-conditional"},"timestamp":"2025-11-29T11:08:17.249Z"}
{"level":"info","message":{"auth":"[REDACTED]","method":"GET","msg":"request","timestamp":"2025-11-29T11:08:17.264Z","url":"/api/own-azure-ad-signin"},"timestamp":"2025-11-29T11:08:17.264Z"}
{"level":"info","message":{"auth":"[REDACTED]","method":"GET","msg":"request","timestamp":"2025-11-29T11:08:17.271Z","url":"/api/own-azure-ad-conditional"},"timestamp":"2025-11-29T11:08:17.271Z"}
{"level":"info","message":{"auth":"[REDACTED]","method":"GET","msg":"request","timestamp":"2025-11-29T11:08:17.284Z","url":"/api/own-azure-ad-signin"},"timestamp":"2025-11-29T11:08:17.284Z"}
{"level":"info","message":{"auth":"[REDACTED]","method":"GET","msg":"request","timestamp":"2025-11-29T11:08:57.140Z","url":"/api/ops-failures?system=ping-federate&minutes=10"},"timestamp":"2025-11-29T11:08:57.140Z"}
{"level":"info","message":{"auth":"[REDACTED]","method":"GET","msg":"request","timestamp":"2025-11-29T11:08:57.173Z","url":"/api/ops-failures?system=ping-mfa&minutes=10"},"timestamp":"2025-11-29T11:08:57.173Z"}
{"level":"info","message":{"auth":"[REDACTED]","method":"GET","msg":"request","timestamp":"2025-11-29T11:10:16.658Z","url":"/api/ops-failures?system=azure-ad-auth&minutes=10"},"timestamp":"2025-11-29T11:10:16.658Z"}
{"level":"info","message":{"auth":"[REDACTED]","method":"GET","msg":"request","timestamp":"2025-11-29T11:10:16.667Z","url":"/api/ops-failures?system=azure-ad-access&minutes=10"},"timestamp":"2025-11-29T11:10:16.667Z"}
{"level":"info","message":{"auth":"[REDACTED]","method":"GET","msg":"request","timestamp":"2025-11-29T11:10:49.041Z","url":"/api/ops-failures?system=saviynt-tpag-vendor&minutes=10"},"timestamp":"2025-11-29T11:10:49.041Z"}
{"level":"info","message":{"auth":"[REDACTED]","method":"GET","msg":"request","timestamp":"2025-11-29T11:10:49.051Z","url":"/api/ops-failures?system=saviynt-tpag-access&minutes=10"},"timestamp":"2025-11-29T11:10:49.051Z"}
{"level":"info","message":{"auth":"[REDACTED]","method":"GET","msg":"request","timestamp":"2025-11-29T11:12:14.781Z","url":"/api/ops-failures?system=saviynt-tpag-vendor&minutes=10"},"timestamp":"2025-11-29T11:12:14.781Z"}
{"level":"info","message":{"auth":"[REDACTED]","method":"GET","msg":"request","timestamp":"2025-11-29T11:12:14.786Z","url":"/api/ops-failures?system=saviynt-tpag-access&minutes=10"},"timestamp":"2025-11-29T11:12:14.786Z"}
{"level":"info","message":{"auth":"[REDACTED]","method":"GET","msg":"request","timestamp":"2025-11-29T11:12:38.063Z","url":"/api/ops-failures?system=saviynt-tpag-vendor&minutes=10"},"timestamp":"2025-11-29T11:12:38.063Z"}
{"level":"info","message":{"auth":"[REDACTED]","method":"GET","msg":"request","timestamp":"2025-11-29T11:12:38.087Z","url":"/api/ops-failures?system=saviynt-tpag-access&minutes=10"},"timestamp":"2025-11-29T11:12:38.087Z"}
{"level":"info","message":{"msg":"backend listening on http://localhost:3001"},"timestamp":"2025-11-29T12:24:23.910Z"}
{"level":"info","message":{"msg":"backend listening on http://localhost:3001"},"timestamp":"2025-11-29T12:25:34.673Z"}
{"level":"info","message":{"auth":"[REDACTED]","method":"GET","msg":"request","timestamp":"2025-11-29T12:27:49.067Z","url":"/api/ops-failures?system=saviynt-tpag-vendor&minutes=10"},"timestamp":"2025-11-29T12:27:49.067Z"}
{"level":"info","message":{"auth":"[REDACTED]","method":"GET","msg":"request","timestamp":"2025-11-29T12:27:49.162Z","url":"/api/ops-failures?system=saviynt-tpag-access&minutes=10"},"timestamp":"2025-11-29T12:27:49.162Z"}
{"level":"info","message":{"auth":"[REDACTED]","method":"GET","msg":"request","timestamp":"2025-11-29T12:27:49.726Z","url":"/api/ops-failures?system=saviynt-tpag-vendor&minutes=10"},"timestamp":"2025-11-29T12:27:49.726Z"}
{"level":"info","message":{"auth":"[REDACTED]","method":"GET","msg":"request","timestamp":"2025-11-29T12:27:49.742Z","url":"/api/ops-failures?system=saviynt-tpag-access&minutes=10"},"timestamp":"2025-11-29T12:27:49.742Z"}
{"level":"info","message":{"auth":"[REDACTED]","method":"GET","msg":"request","timestamp":"2025-11-29T12:27:51.766Z","url":"/api/own-saviynt-tpag"},"timestamp":"2025-11-29T12:27:51.766Z"}
{"level":"info","message":{"auth":"[REDACTED]","method":"GET","msg":"request","timestamp":"2025-11-29T12:27:51.772Z","url":"/api/own-saviynt-tpag-vendors"},"timestamp":"2025-11-29T12:27:51.772Z"}
{"level":"info","message":{"auth":"[REDACTED]","method":"GET","msg":"request","timestamp":"2025-11-29T12:27:51.783Z","url":"/api/own-saviynt-tpag-contracts"},"timestamp":"2025-11-29T12:27:51.783Z"}
{"level":"info","message":{"auth":"[REDACTED]","method":"GET","msg":"request","timestamp":"2025-11-29T12:27:51.788Z","url":"/api/own-saviynt-tpag-access"},"timestamp":"2025-11-29T12:27:51.788Z"}
{"level":"info","message":{"auth":"[REDACTED]","method":"GET","msg":"request","timestamp":"2025-11-29T12:27:51.792Z","url":"/api/own-saviynt-tpag"},"timestamp":"2025-11-29T12:27:51.792Z"}
{"level":"info","message":{"auth":"[REDACTED]","method":"GET","msg":"request","timestamp":"2025-11-29T12:27:51.798Z","url":"/api/own-saviynt-tpag-contracts"},"timestamp":"2025-11-29T12:27:51.798Z"}
{"level":"info","message":{"auth":"[REDACTED]","method":"GET","msg":"request","timestamp":"2025-11-29T12:27:51.803Z","url":"/api/own-saviynt-tpag-access"},"timestamp":"2025-11-29T12:27:51.803Z"}
{"level":"info","message":{"auth":"[REDACTED]","method":"GET","msg":"request","timestamp":"2025-11-29T12:27:51.807Z","url":"/api/own-saviynt-tpag-risk"},"timestamp":"2025-11-29T12:27:51.807Z"}
{"level":"info","message":{"auth":"[REDACTED]","method":"GET","msg":"request","timestamp":"2025-11-29T12:27:51.811Z","url":"/api/own-saviynt-tpag-lifecycle"},"timestamp":"2025-11-29T12:27:51.811Z"}
{"level":"info","message":{"auth":"[REDACTED]","method":"GET","msg":"request","timestamp":"2025-11-29T12:27:51.816Z","url":"/api/own-saviynt-tpag-vendors"},"timestamp":"2025-11-29T12:27:51.816Z"}
{"level":"info","message":{"auth":"[REDACTED]","method":"GET","msg":"request","timestamp":"2025-11-29T12:27:51.820Z","url":"/api/own-saviynt-tpag-risk"},"timestamp":"2025-11-29T12:27:51.820Z"}
{"level":"info","message":{"auth":"[REDACTED]","method":"GET","msg":"request","timestamp":"2025-11-29T12:27:51.826Z","url":"/api/own-saviynt-tpag-lifecycle"},"timestamp":"2025-11-29T12:27:51.826Z"}
{"level":"info","message":{"auth":"[REDACTED]","method":"GET","msg":"request","timestamp":"2025-11-29T12:28:04.519Z","url":"/api/ops-failures?system=saviynt-tpag-vendor&minutes=10"},"timestamp":"2025-11-29T12:28:04.519Z"}
{"level":"info","message":{"auth":"[REDACTED]","method":"GET","msg":"request","timestamp":"2025-11-29T12:28:04.523Z","url":"/api/ops-failures?system=saviynt-tpag-access&minutes=10"},"timestamp":"2025-11-29T12:28:04.523Z"}
{"level":"info","message":{"auth":"[REDACTED]","method":"GET","msg":"request","timestamp":"2025-11-29T12:28:04.689Z","url":"/api/ops-failures?system=saviynt-tpag-vendor&minutes=10"},"timestamp":"2025-11-29T12:28:04.689Z"}
{"level":"info","message":{"auth":"[REDACTED]","method":"GET","msg":"request","timestamp":"2025-11-29T12:28:04.693Z","url":"/api/ops-failures?system=saviynt-tpag-access&minutes=10"},"timestamp":"2025-11-29T12:28:04.693Z"}
{"level":"info","message":{"auth":"[REDACTED]","method":"GET","msg":"request","timestamp":"2025-11-29T12:28:05.020Z","url":"/api/own-saviynt-tpag"},"timestamp":"2025-11-29T12:28:05.020Z"}
{"level":"info","message":{"auth":"[REDACTED]","method":"GET","msg":"request","timestamp":"2025-11-29T12:28:05.028Z","url":"/api/own-saviynt-tpag-vendors"},"timestamp":"2025-11-29T12:28:05.028Z"}
{"level":"info","message":{"auth":"[REDACTED]","method":"GET","msg":"request","timestamp":"2025-11-29T12:28:05.032Z","url":"/api/own-saviynt-tpag-contracts"},"timestamp":"2025-11-29T12:28:05.032Z"}
{"level":"info","message":{"auth":"[REDACTED]","method":"GET","msg":"request","timestamp":"2025-11-29T12:28:05.036Z","url":"/api/own-saviynt-tpag-access"},"timestamp":"2025-11-29T12:28:05.036Z"}
{"level":"info","message":{"auth":"[REDACTED]","method":"GET","msg":"request","timestamp":"2025-11-29T12:28:05.043Z","url":"/api/own-saviynt-tpag-risk"},"timestamp":"2025-11-29T12:28:05.043Z"}
{"level":"info","message":{"auth":"[REDACTED]","method":"GET","msg":"request","timestamp":"2025-11-29T12:28:05.176Z","url":"/api/own-saviynt-tpag-lifecycle"},"timestamp":"2025-11-29T12:28:05.176Z"}
{"level":"info","message":{"auth":"[REDACTED]","method":"GET","msg":"request","timestamp":"2025-11-29T12:28:05.181Z","url":"/api/own-saviynt-tpag-lifecycle"},"timestamp":"2025-11-29T12:28:05.181Z"}
{"level":"info","message":{"auth":"[REDACTED]","method":"GET","msg":"request","timestamp":"2025-11-29T12:28:05.186Z","url":"/api/own-saviynt-tpag"},"timestamp":"2025-11-29T12:28:05.186Z"}
{"level":"info","message":{"auth":"[REDACTED]","method":"GET","msg":"request","timestamp":"2025-11-29T12:28:05.190Z","url":"/api/own-saviynt-tpag-vendors"},"timestamp":"2025-11-29T12:28:05.190Z"}
{"level":"info","message":{"auth":"[REDACTED]","method":"GET","msg":"request","timestamp":"2025-11-29T12:28:05.196Z","url":"/api/own-saviynt-tpag-contracts"},"timestamp":"2025-11-29T12:28:05.196Z"}
{"level":"info","message":{"auth":"[REDACTED]","method":"GET","msg":"request","timestamp":"2025-11-29T12:28:05.200Z","url":"/api/own-saviynt-tpag-access"},"timestamp":"2025-11-29T12:28:05.200Z"}
{"level":"info","message":{"auth":"[REDACTED]","method":"GET","msg":"request","timestamp":"2025-11-29T12:28:05.206Z","url":"/api/own-saviynt-tpag-risk"},"timestamp":"2025-11-29T12:28:05.206Z"}
{"level":"info","message":{"auth":"[REDACTED]","method":"GET","msg":"request","timestamp":"2025-11-29T12:28:46.418Z","url":"/api/all-users"},"timestamp":"2025-11-29T12:28:46.418Z"}
{"level":"info","message":{"auth":"[REDACTED]","method":"GET","msg":"request","timestamp":"2025-11-29T12:28:46.486Z","url":"/api/search-employee/fatima.khan%40company.com/details?system=ping-directory"},"timestamp":"2025-11-29T12:28:46.486Z"}
{"level":"info","message":{"auth":"[REDACTED]","method":"GET","msg":"request","timestamp":"2025-11-29T12:28:46.493Z","url":"/api/search-employee/u1006/details?system=ping-directory"},"timestamp":"2025-11-29T12:28:46.493Z"}
{"level":"info","message":{"auth":"[REDACTED]","method":"GET","msg":"request","timestamp":"2025-11-29T12:28:46.500Z","url":"/api/search-employee/FATIMA.KHAN%40COMPANY.COM/details?system=ping-directory"},"timestamp":"2025-11-29T12:28:46.500Z"}
{"level":"info","message":{"auth":"[REDACTED]","method":"GET","msg":"request","timestamp":"2025-11-29T12:28:46.505Z","url":"/api/search-employee/U1006/details?system=ping-directory"},"timestamp":"2025-11-29T12:28:46.505Z"}
{"level":"info","message":{"auth":"[REDACTED]","method":"GET","msg":"request","timestamp":"2025-11-29T12:28:46.538Z","url":"/api/search-employee/fatima.khan%40company.com/details?system=ping-federate"},"timestamp":"2025-11-29T12:28:46.538Z"}
{"level":"info","message":{"auth":"[REDACTED]","method":"GET","msg":"request","timestamp":"2025-11-29T12:28:46.544Z","url":"/api/search-employee/u1006/details?system=ping-federate"},"timestamp":"2025-11-29T12:28:46.544Z"}
{"level":"info","message":{"auth":"[REDACTED]","method":"GET","msg":"request","timestamp":"2025-11-29T12:28:46.551Z","url":"/api/search-employee/FATIMA.KHAN%40COMPANY.COM/details?system=ping-federate"},"timestamp":"2025-11-29T12:28:46.551Z"}
{"level":"info","message":{"auth":"[REDACTED]","method":"GET","msg":"request","timestamp":"2025-11-29T12:28:46.645Z","url":"/api/search-employee/U1006/details?system=ping-federate"},"timestamp":"2025-11-29T12:28:46.645Z"}
{"level":"info","message":{"auth":"[REDACTED]","method":"GET","msg":"request","timestamp":"2025-11-29T12:28:46.754Z","url":"/api/search-employee/fatima.khan%40company.com/details?system=ping-mfa"},"timestamp":"2025-11-29T12:28:46.754Z"}
{"level":"info","message":{"auth":"[REDACTED]","method":"GET","msg":"request","timestamp":"2025-11-29T12:28:46.788Z","url":"/api/search-employee/u1006/details?system=ping-mfa"},"timestamp":"2025-11-29T12:28:46.788Z"}
{"level":"info","message":{"auth":"[REDACTED]","method":"GET","msg":"request","timestamp":"2025-11-29T12:28:46.900Z","url":"/api/search-employee/FATIMA.KHAN%40COMPANY.COM/details?system=ping-mfa"},"timestamp":"2025-11-29T12:28:46.900Z"}
{"level":"info","message":{"auth":"[REDACTED]","method":"GET","msg":"request","timestamp":"2025-11-29T12:28:47.025Z","url":"/api/search-employee/U1006/details?system=ping-mfa"},"timestamp":"2025-11-29T12:28:47.025Z"}
{"level":"info","message":{"auth":"[REDACTED]","method":"GET","msg":"request","timestamp":"2025-11-29T12:28:47.150Z","url":"/api/search-employee/fatima.khan%40company.com/details?system=ping-access"},"timestamp":"2025-11-29T12:28:47.150Z"}
{"level":"info","message":{"auth":"[REDACTED]","method":"GET","msg":"request","timestamp":"2025-11-29T12:28:47.179Z","url":"/api/search-employee/u1006/details?system=ping-access"},"timestamp":"2025-11-29T12:28:47.180Z"}
{"level":"info","message":{"auth":"[REDACTED]","method":"GET","msg":"request","timestamp":"2025-11-29T12:28:47.290Z","url":"/api/search-employee/FATIMA.KHAN%40COMPANY.COM/details?system=ping-access"},"timestamp":"2025-11-29T12:28:47.290Z"}
{"level":"info","message":{"auth":"[REDACTED]","method":"GET","msg":"request","timestamp":"2025-11-29T12:28:47.420Z","url":"/api/search-employee/U1006/details?system=ping-access"},"timestamp":"2025-11-29T12:28:47.420Z"}
{"level":"info","message":{"auth":"[REDACTED]","method":"GET","msg":"request","timestamp":"2025-11-29T12:28:47.540Z","url":"/api/search-employee/fatima.khan%40company.com/details?system=ping-authorize"},"timestamp":"2025-11-29T12:28:47.540Z"}
{"level":"info","message":{"auth":"[REDACTED]","method":"GET","msg":"request","timestamp":"2025-11-29T12:28:47.572Z","url":"/api/search-employee/u1006/details?system=ping-authorize"},"timestamp":"2025-11-29T12:28:47.572Z"}
{"level":"info","message":{"auth":"[REDACTED]","method":"GET","msg":"request","timestamp":"2025-11-29T12:28:47.774Z","url":"/api/search-employee/FATIMA.KHAN%40COMPANY.COM/details?system=ping-authorize"},"timestamp":"2025-11-29T12:28:47.775Z"}
{"level":"info","message":{"auth":"[REDACTED]","method":"GET","msg":"request","timestamp":"2025-11-29T12:28:47.806Z","url":"/api/search-employee/U1006/details?system=ping-authorize"},"timestamp":"2025-11-29T12:28:47.806Z"}
{"level":"info","message":{"auth":"[REDACTED]","method":"GET","msg":"request","timestamp":"2025-11-29T12:28:47.921Z","url":"/api/search-employee/fatima.khan%40company.com/details?system=ping-intelligence"},"timestamp":"2025-11-29T12:28:47.921Z"}
{"level":"info","message":{"auth":"[REDACTED]","method":"GET","msg":"request","timestamp":"2025-11-29T12:28:47.952Z","url":"/api/search-employee/u1006/details?system=ping-intelligence"},"timestamp":"2025-11-29T12:28:47.952Z"}
{"level":"info","message":{"auth":"[REDACTED]","method":"GET","msg":"request","timestamp":"2025-11-29T12:28:48.054Z","url":"/api/search-employee/FATIMA.KHAN%40COMPANY.COM/details?system=ping-intelligence"},"timestamp":"2025-11-29T12:28:48.054Z"}
{"level":"info","message":{"auth":"[REDACTED]","method":"GET","msg":"request","timestamp":"2025-11-29T12:28:48.183Z","url":"/api/search-employee/U1006/details?system=ping-intelligence"},"timestamp":"2025-11-29T12:28:48.184Z"}
{"level":"info","message":{"auth":"[REDACTED]","method":"GET","msg":"request","timestamp":"2025-11-29T12:28:48.303Z","url":"/api/search-employee/fatima.khan%40company.com/details?system=cyberark"},"timestamp":"2025-11-29T12:28:48.303Z"}
{"level":"info","message":{"auth":"[REDACTED]","method":"GET","msg":"request","timestamp":"2025-11-29T12:28:48.332Z","url":"/api/search-employee/u1006/details?system=cyberark"},"timestamp":"2025-11-29T12:28:48.332Z"}
{"level":"info","message":{"auth":"[REDACTED]","method":"GET","msg":"request","timestamp":"2025-11-29T12:28:48.445Z","url":"/api/search-employee/FATIMA.KHAN%40COMPANY.COM/details?system=cyberark"},"timestamp":"2025-11-29T12:28:48.445Z"}
{"level":"info","message":{"auth":"[REDACTED]","method":"GET","msg":"request","timestamp":"2025-11-29T12:28:48.569Z","url":"/api/search-employee/U1006/details?system=cyberark"},"timestamp":"2025-11-29T12:28:48.569Z"}
{"level":"info","message":{"auth":"[REDACTED]","method":"GET","msg":"request","timestamp":"2025-11-29T12:28:48.687Z","url":"/api/search-employee/fatima.khan%40company.com/details?system=cyberark-epm"},"timestamp":"2025-11-29T12:28:48.687Z"}
{"level":"info","message":{"auth":"[REDACTED]","method":"GET","msg":"request","timestamp":"2025-11-29T12:28:48.717Z","url":"/api/search-employee/u1006/details?system=cyberark-epm"},"timestamp":"2025-11-29T12:28:48.717Z"}
{"level":"info","message":{"auth":"[REDACTED]","method":"GET","msg":"request","timestamp":"2025-11-29T12:28:48.823Z","url":"/api/search-employee/FATIMA.KHAN%40COMPANY.COM/details?system=cyberark-epm"},"timestamp":"2025-11-29T12:28:48.823Z"}
{"level":"info","message":{"auth":"[REDACTED]","method":"GET","msg":"request","timestamp":"2025-11-29T12:28:48.973Z","url":"/api/search-employee/U1006/details?system=cyberark-epm"},"timestamp":"2025-11-29T12:28:48.973Z"}
{"level":"info","message":{"auth":"[REDACTED]","method":"GET","msg":"request","timestamp":"2025-11-29T12:28:49.007Z","url":"/api/search-employee/fatima.khan%40company.com/details?system=cyberark-alero"},"timestamp":"2025-11-29T12:28:49.007Z"}
{"level":"info","message":{"auth":"[REDACTED]","method":"GET","msg":"request","timestamp":"2025-11-29T12:28:49.023Z","url":"/api/search-employee/u1006/details?system=cyberark-alero"},"timestamp":"2025-11-29T12:28:49.023Z"}
{"level":"info","message":{"auth":"[REDACTED]","method":"GET","msg":"request","timestamp":"2025-11-29T12:28:49.033Z","url":"/api/search-employee/FATIMA.KHAN%40COMPANY.COM/details?system=cyberark-alero"},"timestamp":"2025-11-29T12:28:49.033Z"}
{"level":"info","message":{"auth":"[REDACTED]","method":"GET","msg":"request","timestamp":"2025-11-29T12:28:49.040Z","url":"/api/search-employee/U1006/details?system=cyberark-alero"},"timestamp":"2025-11-29T12:28:49.040Z"}
{"level":"info","message":{"auth":"[REDACTED]","method":"GET","msg":"request","timestamp":"2025-11-29T12:28:49.046Z","url":"/api/search-employee/fatima.khan%40company.com/details?system=cyberark-conjur"},"timestamp":"2025-11-29T12:28:49.046Z"}
{"level":"info","message":{"auth":"[REDACTED]","method":"GET","msg":"request","timestamp":"2025-11-29T12:28:49.051Z","url":"/api/search-employee/u1006/details?system=cyberark-conjur"},"timestamp":"2025-11-29T12:28:49.052Z"}
{"level":"info","message":{"auth":"[REDACTED]","method":"GET","msg":"request","timestamp":"2025-11-29T12:28:49.057Z","url":"/api/search-employee/FATIMA.KHAN%40COMPANY.COM/details?system=cyberark-conjur"},"timestamp":"2025-11-29T12:28:49.057Z"}
{"level":"info","message":{"auth":"[REDACTED]","method":"GET","msg":"request","timestamp":"2025-11-29T12:28:49.062Z","url":"/api/search-employee/U1006/details?system=cyberark-conjur"},"timestamp":"2025-11-29T12:28:49.062Z"}
{"level":"info","message":{"auth":"[REDACTED]","method":"GET","msg":"request","timestamp":"2025-11-29T12:28:49.068Z","url":"/api/search-employee/fatima.khan%40company.com/details?system=cyberark-dpa"},"timestamp":"2025-11-29T12:28:49.068Z"}
{"level":"info","message":{"auth":"[REDACTED]","method":"GET","msg":"request","timestamp":"2025-11-29T12:28:49.074Z","url":"/api/search-employee/u1006/details?system=cyberark-dpa"},"timestamp":"2025-11-29T12:28:49.074Z"}
{"level":"info","message":{"auth":"[REDACTED]","method":"GET","msg":"request","timestamp":"2025-11-29T12:28:49.079Z","url":"/api/search-employee/FATIMA.KHAN%40COMPANY.COM/details?system=cyberark-dpa"},"timestamp":"2025-11-29T12:28:49.079Z"}
{"level":"info","message":{"auth":"[REDACTED]","method":"GET","msg":"request","timestamp":"2025-11-29T12:28:49.086Z","url":"/api/search-employee/U1006/details?system=cyberark-dpa"},"timestamp":"2025-11-29T12:28:49.086Z"}
{"level":"info","message":{"auth":"[REDACTED]","method":"GET","msg":"request","timestamp":"2025-11-29T12:28:49.091Z","url":"/api/search-employee/fatima.khan%40company.com/details?system=cyberark-identity"},"timestamp":"2025-11-29T12:28:49.091Z"}
{"level":"info","message":{"auth":"[REDACTED]","method":"GET","msg":"request","timestamp":"2025-11-29T12:28:49.097Z","url":"/api/search-employee/u1006/details?system=cyberark-identity"},"timestamp":"2025-11-29T12:28:49.097Z"}
{"level":"info","message":{"auth":"[REDACTED]","method":"GET","msg":"request","timestamp":"2025-11-29T12:28:49.102Z","url":"/api/search-employee/FATIMA.KHAN%40COMPANY.COM/details?system=cyberark-identity"},"timestamp":"2025-11-29T12:28:49.102Z"}
{"level":"info","message":{"auth":"[REDACTED]","method":"GET","msg":"request","timestamp":"2025-11-29T12:28:49.107Z","url":"/api/search-employee/U1006/details?system=cyberark-identity"},"timestamp":"2025-11-29T12:28:49.107Z"}
{"level":"info","message":{"auth":"[REDACTED]","method":"GET","msg":"request","timestamp":"2025-11-29T12:28:49.111Z","url":"/api/search-employee/fatima.khan%40company.com/details?system=saviynt"},"timestamp":"2025-11-29T12:28:49.111Z"}
{"level":"info","message":{"auth":"[REDACTED]","method":"GET","msg":"request","timestamp":"2025-11-29T12:28:49.117Z","url":"/api/search-employee/u1006/details?system=saviynt"},"timestamp":"2025-11-29T12:28:49.117Z"}
{"level":"info","message":{"auth":"[REDACTED]","method":"GET","msg":"request","timestamp":"2025-11-29T12:28:49.122Z","url":"/api/search-employee/FATIMA.KHAN%40COMPANY.COM/details?system=saviynt"},"timestamp":"2025-11-29T12:28:49.122Z"}
{"level":"info","message":{"auth":"[REDACTED]","method":"GET","msg":"request","timestamp":"2025-11-29T12:28:49.128Z","url":"/api/search-employee/U1006/details?system=saviynt"},"timestamp":"2025-11-29T12:28:49.128Z"}
{"level":"info","message":{"auth":"[REDACTED]","method":"GET","msg":"request","timestamp":"2025-11-29T12:28:49.134Z","url":"/api/search-employee/fatima.khan%40company.com/details?system=saviynt-certifications"},"timestamp":"2025-11-29T12:28:49.134Z"}
{"level":"info","message":{"auth":"[REDACTED]","method":"GET","msg":"request","timestamp":"2025-11-29T12:28:49.139Z","url":"/api/search-employee/u1006/details?system=saviynt-certifications"},"timestamp":"2025-11-29T12:28:49.139Z"}
{"level":"info","message":{"auth":"[REDACTED]","method":"GET","msg":"request","timestamp":"2025-11-29T12:28:49.144Z","url":"/api/search-employee/FATIMA.KHAN%40COMPANY.COM/details?system=saviynt-certifications"},"timestamp":"2025-11-29T12:28:49.144Z"}
{"level":"info","message":{"auth":"[REDACTED]","method":"GET","msg":"request","timestamp":"2025-11-29T12:28:49.149Z","url":"/api/search-employee/U1006/details?system=saviynt-certifications"},"timestamp":"2025-11-29T12:28:49.149Z"}
{"level":"info","message":{"auth":"[REDACTED]","method":"GET","msg":"request","timestamp":"2025-11-29T12:28:49.154Z","url":"/api/search-employee/fatima.khan%40company.com/details?system=saviynt-analytics"},"timestamp":"2025-11-29T12:28:49.154Z"}
{"level":"info","message":{"auth":"[REDACTED]","method":"GET","msg":"request","timestamp":"2025-11-29T12:28:49.159Z","url":"/api/search-employee/u1006/details?system=saviynt-analytics"},"timestamp":"2025-11-29T12:28:49.159Z"}
{"level":"info","message":{"auth":"[REDACTED]","method":"GET","msg":"request","timestamp":"2025-11-29T12:28:49.165Z","url":"/api/search-employee/FATIMA.KHAN%40COMPANY.COM/details?system=saviynt-analytics"},"timestamp":"2025-11-29T12:28:49.165Z"}
{"level":"info","message":{"auth":"[REDACTED]","method":"GET","msg":"request","timestamp":"2025-11-29T12:28:49.170Z","url":"/api/search-employee/U1006/details?system=saviynt-analytics"},"timestamp":"2025-11-29T12:28:49.170Z"}
{"level":"info","message":{"auth":"[REDACTED]","method":"GET","msg":"request","timestamp":"2025-11-29T12:28:49.175Z","url":"/api/search-employee/fatima.khan%40company.com/details?system=saviynt-controls"},"timestamp":"2025-11-29T12:28:49.175Z"}
{"level":"info","message":{"auth":"[REDACTED]","method":"GET","msg":"request","timestamp":"2025-11-29T12:28:49.180Z","url":"/api/search-employee/u1006/details?system=saviynt-controls"},"timestamp":"2025-11-29T12:28:49.180Z"}
{"level":"info","message":{"auth":"[REDACTED]","method":"GET","msg":"request","timestamp":"2025-11-29T12:28:49.185Z","url":"/api/search-employee/FATIMA.KHAN%40COMPANY.COM/details?system=saviynt-controls"},"timestamp":"2025-11-29T12:28:49.185Z"}
{"level":"info","message":{"auth":"[REDACTED]","method":"GET","msg":"request","timestamp":"2025-11-29T12:28:49.190Z","url":"/api/search-employee/U1006/details?system=saviynt-controls"},"timestamp":"2025-11-29T12:28:49.190Z"}
{"level":"info","message":{"auth":"[REDACTED]","method":"GET","msg":"request","timestamp":"2025-11-29T12:28:49.195Z","url":"/api/search-employee/fatima.khan%40company.com/details?system=saviynt-requests"},"timestamp":"2025-11-29T12:28:49.195Z"}
{"level":"info","message":{"auth":"[REDACTED]","method":"GET","msg":"request","timestamp":"2025-11-29T12:28:49.201Z","url":"/api/search-employee/u1006/details?system=saviynt-requests"},"timestamp":"2025-11-29T12:28:49.201Z"}
{"level":"info","message":{"auth":"[REDACTED]","method":"GET","msg":"request","timestamp":"2025-11-29T12:28:49.206Z","url":"/api/search-employee/FATIMA.KHAN%40COMPANY.COM/details?system=saviynt-requests"},"timestamp":"2025-11-29T12:28:49.206Z"}
{"level":"info","message":{"auth":"[REDACTED]","method":"GET","msg":"request","timestamp":"2025-11-29T12:28:49.211Z","url":"/api/search-employee/U1006/details?system=saviynt-requests"},"timestamp":"2025-11-29T12:28:49.211Z"}
{"level":"info","message":{"auth":"[REDACTED]","method":"GET","msg":"request","timestamp":"2025-11-29T12:28:49.217Z","url":"/api/search-employee/fatima.khan%40company.com/details?system=saviynt-provisioning"},"timestamp":"2025-11-29T12:28:49.217Z"}
{"level":"info","message":{"auth":"[REDACTED]","method":"GET","msg":"request","timestamp":"2025-11-29T12:28:49.222Z","url":"/api/search-employee/u1006/details?system=saviynt-provisioning"},"timestamp":"2025-11-29T12:28:49.222Z"}
{"level":"info","message":{"auth":"[REDACTED]","method":"GET","msg":"request","timestamp":"2025-11-29T12:28:49.227Z","url":"/api/search-employee/FATIMA.KHAN%40COMPANY.COM/details?system=saviynt-provisioning"},"timestamp":"2025-11-29T12:28:49.227Z"}
{"level":"info","message":{"auth":"[REDACTED]","method":"GET","msg":"request","timestamp":"2025-11-29T12:28:49.234Z","url":"/api/search-employee/U1006/details?system=saviynt-provisioning"},"timestamp":"2025-11-29T12:28:49.234Z"}
{"level":"info","message":{"auth":"[REDACTED]","method":"GET","msg":"request","timestamp":"2025-11-29T12:28:49.238Z","url":"/api/search-employee/fatima.khan%40company.com/details?system=azure-ad"},"timestamp":"2025-11-29T12:28:49.238Z"}
{"level":"info","message":{"auth":"[REDACTED]","method":"GET","msg":"request","timestamp":"2025-11-29T12:28:49.243Z","url":"/api/search-employee/u1006/details?system=azure-ad"},"timestamp":"2025-11-29T12:28:49.243Z"}
{"level":"info","message":{"auth":"[REDACTED]","method":"GET","msg":"request","timestamp":"2025-11-29T12:28:49.250Z","url":"/api/search-employee/FATIMA.KHAN%40COMPANY.COM/details?system=azure-ad"},"timestamp":"2025-11-29T12:28:49.250Z"}
{"level":"info","message":{"auth":"[REDACTED]","method":"GET","msg":"request","timestamp":"2025-11-29T12:28:49.255Z","url":"/api/search-employee/U1006/details?system=azure-ad"},"timestamp":"2025-11-29T12:28:49.255Z"}
{"level":"info","message":{"auth":"[REDACTED]","method":"GET","msg":"request","timestamp":"2025-11-29T12:28:49.261Z","url":"/api/search-employee/fatima.khan%40company.com/details?system=azure-ad-users"},"timestamp":"2025-11-29T12:28:49.261Z"}
{"level":"info","message":{"auth":"[REDACTED]","method":"GET","msg":"request","timestamp":"2025-11-29T12:28:49.266Z","url":"/api/search-employee/u1006/details?system=azure-ad-users"},"timestamp":"2025-11-29T12:28:49.267Z"}
{"level":"info","message":{"auth":"[REDACTED]","method":"GET","msg":"request","timestamp":"2025-11-29T12:28:49.271Z","url":"/api/search-employee/FATIMA.KHAN%40COMPANY.COM/details?system=azure-ad-users"},"timestamp":"2025-11-29T12:28:49.271Z"}
{"level":"info","message":{"auth":"[REDACTED]","method":"GET","msg":"request","timestamp":"2025-11-29T12:28:49.277Z","url":"/api/search-employee/U1006/details?system=azure-ad-users"},"timestamp":"2025-11-29T12:28:49.277Z"}
{"level":"info","message":{"auth":"[REDACTED]","method":"GET","msg":"request","timestamp":"2025-11-29T12:28:49.282Z","url":"/api/search-employee/fatima.khan%40company.com/details?system=azure-ad-groups"},"timestamp":"2025-11-29T12:28:49.282Z"}
{"level":"info","message":{"auth":"[REDACTED]","method":"GET","msg":"request","timestamp":"2025-11-29T12:28:49.290Z","url":"/api/search-employee/u1006/details?system=azure-ad-groups"},"timestamp":"2025-11-29T12:28:49.290Z"}
{"level":"info","message":{"auth":"[REDACTED]","method":"GET","msg":"request","timestamp":"2025-11-29T12:28:49.294Z","url":"/api/search-employee/FATIMA.KHAN%40COMPANY.COM/details?system=azure-ad-groups"},"timestamp":"2025-11-29T12:28:49.294Z"}
{"level":"info","message":{"auth":"[REDACTED]","method":"GET","msg":"request","timestamp":"2025-11-29T12:28:49.301Z","url":"/api/search-employee/U1006/details?system=azure-ad-groups"},"timestamp":"2025-11-29T12:28:49.301Z"}
{"level":"info","message":{"auth":"[REDACTED]","method":"GET","msg":"request","timestamp":"2025-11-29T12:28:49.306Z","url":"/api/search-employee/fatima.khan%40company.com/details?system=azure-ad-apps"},"timestamp":"2025-11-29T12:28:49.306Z"}
{"level":"info","message":{"auth":"[REDACTED]","method":"GET","msg":"request","timestamp":"2025-11-29T12:28:49.312Z","url":"/api/search-employee/u1006/details?system=azure-ad-apps"},"timestamp":"2025-11-29T12:28:49.312Z"}
{"level":"info","message":{"auth":"[REDACTED]","method":"GET","msg":"request","timestamp":"2025-11-29T12:28:49.318Z","url":"/api/search-employee/FATIMA.KHAN%40COMPANY.COM/details?system=azure-ad-apps"},"timestamp":"2025-11-29T12:28:49.318Z"}
{"level":"info","message":{"auth":"[REDACTED]","method":"GET","msg":"request","timestamp":"2025-11-29T12:28:49.322Z","url":"/api/search-employee/U1006/details?system=azure-ad-apps"},"timestamp":"2025-11-29T12:28:49.322Z"}
{"level":"info","message":{"auth":"[REDACTED]","method":"GET","msg":"request","timestamp":"2025-11-29T12:28:49.327Z","url":"/api/search-employee/fatima.khan%40company.com/details?system=azure-ad-conditional"},"timestamp":"2025-11-29T12:28:49.327Z"}
{"level":"info","message":{"auth":"[REDACTED]","method":"GET","msg":"request","timestamp":"2025-11-29T12:28:49.335Z","url":"/api/search-employee/u1006/details?system=azure-ad-conditional"},"timestamp":"2025-11-29T12:28:49.335Z"}
{"level":"info","message":{"auth":"[REDACTED]","method":"GET","msg":"request","timestamp":"2025-11-29T12:28:49.339Z","url":"/api/search-employee/FATIMA.KHAN%40COMPANY.COM/details?system=azure-ad-conditional"},"timestamp":"2025-11-29T12:28:49.339Z"}
{"level":"info","message":{"auth":"[REDACTED]","method":"GET","msg":"request","timestamp":"2025-11-29T12:28:49.344Z","url":"/api/search-employee/U1006/details?system=azure-ad-conditional"},"timestamp":"2025-11-29T12:28:49.344Z"}
{"level":"info","message":{"auth":"[REDACTED]","method":"GET","msg":"request","timestamp":"2025-11-29T12:28:49.350Z","url":"/api/search-employee/fatima.khan%40company.com/details?system=azure-ad-signin"},"timestamp":"2025-11-29T12:28:49.350Z"}
{"level":"info","message":{"auth":"[REDACTED]","method":"GET","msg":"request","timestamp":"2025-11-29T12:28:49.355Z","url":"/api/search-employee/u1006/details?system=azure-ad-signin"},"timestamp":"2025-11-29T12:28:49.355Z"}
{"level":"info","message":{"auth":"[REDACTED]","method":"GET","msg":"request","timestamp":"2025-11-29T12:28:49.361Z","url":"/api/search-employee/FATIMA.KHAN%40COMPANY.COM/details?system=azure-ad-signin"},"timestamp":"2025-11-29T12:28:49.361Z"}
{"level":"info","message":{"auth":"[REDACTED]","method":"GET","msg":"request","timestamp":"2025-11-29T12:28:49.368Z","url":"/api/search-employee/U1006/details?system=azure-ad-signin"},"timestamp":"2025-11-29T12:28:49.368Z"}
{"level":"info","message":{"auth":"[REDACTED]","method":"GET","msg":"request","timestamp":"2025-11-29T12:28:49.376Z","url":"/api/search-employee/fatima.khan%40company.com/details?system=saviynt-tpag"},"timestamp":"2025-11-29T12:28:49.376Z"}
{"level":"info","message":{"auth":"[REDACTED]","method":"GET","msg":"request","timestamp":"2025-11-29T12:28:49.382Z","url":"/api/search-employee/u1006/details?system=saviynt-tpag"},"timestamp":"2025-11-29T12:28:49.382Z"}
{"level":"info","message":{"auth":"[REDACTED]","method":"GET","msg":"request","timestamp":"2025-11-29T12:28:49.386Z","url":"/api/search-employee/FATIMA.KHAN%40COMPANY.COM/details?system=saviynt-tpag"},"timestamp":"2025-11-29T12:28:49.386Z"}
{"level":"info","message":{"auth":"[REDACTED]","method":"GET","msg":"request","timestamp":"2025-11-29T12:28:49.391Z","url":"/api/search-employee/U1006/details?system=saviynt-tpag"},"timestamp":"2025-11-29T12:28:49.391Z"}
{"level":"info","message":{"auth":"[REDACTED]","method":"GET","msg":"request","timestamp":"2025-11-29T12:28:49.395Z","url":"/api/search-employee/fatima.khan%40company.com/details?system=saviynt-tpag-vendors"},"timestamp":"2025-11-29T12:28:49.395Z"}
{"level":"info","message":{"auth":"[REDACTED]","method":"GET","msg":"request","timestamp":"2025-11-29T12:28:49.401Z","url":"/api/search-employee/u1006/details?system=saviynt-tpag-vendors"},"timestamp":"2025-11-29T12:28:49.401Z"}
{"level":"info","message":{"auth":"[REDACTED]","method":"GET","msg":"request","timestamp":"2025-11-29T12:28:49.406Z","url":"/api/search-employee/FATIMA.KHAN%40COMPANY.COM/details?system=saviynt-tpag-vendors"},"timestamp":"2025-11-29T12:28:49.406Z"}
{"level":"info","message":{"auth":"[REDACTED]","method":"GET","msg":"request","timestamp":"2025-11-29T12:28:49.411Z","url":"/api/search-employee/U1006/details?system=saviynt-tpag-vendors"},"timestamp":"2025-11-29T12:28:49.411Z"}
{"level":"info","message":{"auth":"[REDACTED]","method":"GET","msg":"request","timestamp":"2025-11-29T12:28:49.416Z","url":"/api/search-employee/fatima.khan%40company.com/details?system=saviynt-tpag-contracts"},"timestamp":"2025-11-29T12:28:49.416Z"}
{"level":"info","message":{"auth":"[REDACTED]","method":"GET","msg":"request","timestamp":"2025-11-29T12:28:49.422Z","url":"/api/search-employee/u1006/details?system=saviynt-tpag-contracts"},"timestamp":"2025-11-29T12:28:49.422Z"}
{"level":"info","message":{"auth":"[REDACTED]","method":"GET","msg":"request","timestamp":"2025-11-29T12:28:49.427Z","url":"/api/search-employee/FATIMA.KHAN%40COMPANY.COM/details?system=saviynt-tpag-contracts"},"timestamp":"2025-11-29T12:28:49.427Z"}
{"level":"info","message":{"auth":"[REDACTED]","method":"GET","msg":"request","timestamp":"2025-11-29T12:28:49.433Z","url":"/api/search-employee/U1006/details?system=saviynt-tpag-contracts"},"timestamp":"2025-11-29T12:28:49.433Z"}
{"level":"info","message":{"auth":"[REDACTED]","method":"GET","msg":"request","timestamp":"2025-11-29T12:28:49.438Z","url":"/api/search-employee/fatima.khan%40company.com/details?system=saviynt-tpag-access"},"timestamp":"2025-11-29T12:28:49.438Z"}
{"level":"info","message":{"auth":"[REDACTED]","method":"GET","msg":"request","timestamp":"2025-11-29T12:28:49.443Z","url":"/api/search-employee/u1006/details?system=saviynt-tpag-access"},"timestamp":"2025-11-29T12:28:49.443Z"}
{"level":"info","message":{"auth":"[REDACTED]","method":"GET","msg":"request","timestamp":"2025-11-29T12:28:49.448Z","url":"/api/search-employee/FATIMA.KHAN%40COMPANY.COM/details?system=saviynt-tpag-access"},"timestamp":"2025-11-29T12:28:49.448Z"}
{"level":"info","message":{"auth":"[REDACTED]","method":"GET","msg":"request","timestamp":"2025-11-29T12:28:49.454Z","url":"/api/search-employee/U1006/details?system=saviynt-tpag-access"},"timestamp":"2025-11-29T12:28:49.454Z"}
{"level":"info","message":{"auth":"[REDACTED]","method":"GET","msg":"request","timestamp":"2025-11-29T12:28:49.458Z","url":"/api/search-employee/fatima.khan%40company.com/details?system=saviynt-tpag-risk"},"timestamp":"2025-11-29T12:28:49.458Z"}
{"level":"info","message":{"auth":"[REDACTED]","method":"GET","msg":"request","timestamp":"2025-11-29T12:28:49.465Z","url":"/api/search-employee/u1006/details?system=saviynt-tpag-risk"},"timestamp":"2025-11-29T12:28:49.465Z"}
{"level":"info","message":{"auth":"[REDACTED]","method":"GET","msg":"request","timestamp":"2025-11-29T12:28:49.469Z","url":"/api/search-employee/FATIMA.KHAN%40COMPANY.COM/details?system=saviynt-tpag-risk"},"timestamp":"2025-11-29T12:28:49.469Z"}
{"level":"info","message":{"auth":"[REDACTED]","method":"GET","msg":"request","timestamp":"2025-11-29T12:28:49.475Z","url":"/api/search-employee/U1006/details?system=saviynt-tpag-risk"},"timestamp":"2025-11-29T12:28:49.475Z"}
{"level":"info","message":{"auth":"[REDACTED]","method":"GET","msg":"request","timestamp":"2025-11-29T12:28:49.479Z","url":"/api/search-employee/fatima.khan%40company.com/details?system=saviynt-tpag-lifecycle"},"timestamp":"2025-11-29T12:28:49.479Z"}
{"level":"info","message":{"auth":"[REDACTED]","method":"GET","msg":"request","timestamp":"2025-11-29T12:28:49.486Z","url":"/api/search-employee/u1006/details?system=saviynt-tpag-lifecycle"},"timestamp":"2025-11-29T12:28:49.486Z"}
{"level":"info","message":{"auth":"[REDACTED]","method":"GET","msg":"request","timestamp":"2025-11-29T12:28:49.491Z","url":"/api/search-employee/FATIMA.KHAN%40COMPANY.COM/details?system=saviynt-tpag-lifecycle"},"timestamp":"2025-11-29T12:28:49.491Z"}
{"level":"info","message":{"auth":"[REDACTED]","method":"GET","msg":"request","timestamp":"2025-11-29T12:28:49.497Z","url":"/api/search-employee/U1006/details?system=saviynt-tpag-lifecycle"},"timestamp":"2025-11-29T12:28:49.497Z"}
{"level":"info","message":{"auth":"[REDACTED]","method":"GET","msg":"request","timestamp":"2025-11-29T12:28:55.333Z","url":"/api/all-users"},"timestamp":"2025-11-29T12:28:55.333Z"}
{"level":"info","message":{"auth":"[REDACTED]","method":"GET","msg":"request","timestamp":"2025-11-29T12:28:55.406Z","url":"/api/search-employee/fatima.khan%40company.com/details?system=ping-directory"},"timestamp":"2025-11-29T12:28:55.406Z"}
{"level":"info","message":{"auth":"[REDACTED]","method":"GET","msg":"request","timestamp":"2025-11-29T12:28:55.418Z","url":"/api/search-employee/u1006/details?system=ping-directory"},"timestamp":"2025-11-29T12:28:55.418Z"}
{"level":"info","message":{"auth":"[REDACTED]","method":"GET","msg":"request","timestamp":"2025-11-29T12:28:55.425Z","url":"/api/search-employee/FATIMA.KHAN%40COMPANY.COM/details?system=ping-directory"},"timestamp":"2025-11-29T12:28:55.425Z"}
{"level":"info","message":{"auth":"[REDACTED]","method":"GET","msg":"request","timestamp":"2025-11-29T12:28:55.432Z","url":"/api/search-employee/U1006/details?system=ping-directory"},"timestamp":"2025-11-29T12:28:55.432Z"}
{"level":"info","message":{"auth":"[REDACTED]","method":"GET","msg":"request","timestamp":"2025-11-29T12:28:55.477Z","url":"/api/search-employee/fatima.khan%40company.com/details?system=ping-federate"},"timestamp":"2025-11-29T12:28:55.477Z"}
{"level":"info","message":{"auth":"[REDACTED]","method":"GET","msg":"request","timestamp":"2025-11-29T12:28:55.555Z","url":"/api/search-employee/u1006/details?system=ping-federate"},"timestamp":"2025-11-29T12:28:55.555Z"}
{"level":"info","message":{"auth":"[REDACTED]","method":"GET","msg":"request","timestamp":"2025-11-29T12:28:55.628Z","url":"/api/search-employee/FATIMA.KHAN%40COMPANY.COM/details?system=ping-federate"},"timestamp":"2025-11-29T12:28:55.628Z"}
{"level":"info","message":{"auth":"[REDACTED]","method":"GET","msg":"request","timestamp":"2025-11-29T12:28:55.708Z","url":"/api/search-employee/U1006/details?system=ping-federate"},"timestamp":"2025-11-29T12:28:55.708Z"}
{"level":"info","message":{"auth":"[REDACTED]","method":"GET","msg":"request","timestamp":"2025-11-29T12:28:55.790Z","url":"/api/search-employee/fatima.khan%40company.com/details?system=ping-mfa"},"timestamp":"2025-11-29T12:28:55.790Z"}
{"level":"info","message":{"auth":"[REDACTED]","method":"GET","msg":"request","timestamp":"2025-11-29T12:28:55.870Z","url":"/api/search-employee/u1006/details?system=ping-mfa"},"timestamp":"2025-11-29T12:28:55.870Z"}
{"level":"info","message":{"auth":"[REDACTED]","method":"GET","msg":"request","timestamp":"2025-11-29T12:28:55.953Z","url":"/api/search-employee/FATIMA.KHAN%40COMPANY.COM/details?system=ping-mfa"},"timestamp":"2025-11-29T12:28:55.953Z"}
{"level":"info","message":{"auth":"[REDACTED]","method":"GET","msg":"request","timestamp":"2025-11-29T12:28:56.085Z","url":"/api/search-employee/U1006/details?system=ping-mfa"},"timestamp":"2025-11-29T12:28:56.085Z"}
{"level":"info","message":{"auth":"[REDACTED]","method":"GET","msg":"request","timestamp":"2025-11-29T12:28:56.111Z","url":"/api/search-employee/fatima.khan%40company.com/details?system=ping-access"},"timestamp":"2025-11-29T12:28:56.111Z"}
{"level":"info","message":{"auth":"[REDACTED]","method":"GET","msg":"request","timestamp":"2025-11-29T12:28:56.193Z","url":"/api/search-employee/u1006/details?system=ping-access"},"timestamp":"2025-11-29T12:28:56.193Z"}
{"level":"info","message":{"auth":"[REDACTED]","method":"GET","msg":"request","timestamp":"2025-11-29T12:28:56.269Z","url":"/api/search-employee/FATIMA.KHAN%40COMPANY.COM/details?system=ping-access"},"timestamp":"2025-11-29T12:28:56.269Z"}
{"level":"info","message":{"auth":"[REDACTED]","method":"GET","msg":"request","timestamp":"2025-11-29T12:28:56.350Z","url":"/api/search-employee/U1006/details?system=ping-access"},"timestamp":"2025-11-29T12:28:56.350Z"}
{"level":"info","message":{"auth":"[REDACTED]","method":"GET","msg":"request","timestamp":"2025-11-29T12:28:56.377Z","url":"/api/search-employee/fatima.khan%40company.com/details?system=ping-authorize"},"timestamp":"2025-11-29T12:28:56.377Z"}
{"level":"info","message":{"auth":"[REDACTED]","method":"GET","msg":"request","timestamp":"2025-11-29T12:28:56.455Z","url":"/api/search-employee/u1006/details?system=ping-authorize"},"timestamp":"2025-11-29T12:28:56.455Z"}
{"level":"info","message":{"auth":"[REDACTED]","method":"GET","msg":"request","timestamp":"2025-11-29T12:29:53.220Z","url":"/api/ops-failures?system=saviynt-tpag-vendor&minutes=10"},"timestamp":"2025-11-29T12:29:53.220Z"}
{"level":"info","message":{"auth":"[REDACTED]","method":"GET","msg":"request","timestamp":"2025-11-29T12:29:53.226Z","url":"/api/ops-failures?system=saviynt-tpag-access&minutes=10"},"timestamp":"2025-11-29T12:29:53.226Z"}
{"level":"info","message":{"auth":"[REDACTED]","method":"GET","msg":"request","timestamp":"2025-11-29T12:29:53.531Z","url":"/api/own-saviynt-tpag"},"timestamp":"2025-11-29T12:29:53.531Z"}
{"level":"info","message":{"auth":"[REDACTED]","method":"GET","msg":"request","timestamp":"2025-11-29T12:29:53.535Z","url":"/api/own-saviynt-tpag-vendors"},"timestamp":"2025-11-29T12:29:53.535Z"}
{"level":"info","message":{"auth":"[REDACTED]","method":"GET","msg":"request","timestamp":"2025-11-29T12:29:53.544Z","url":"/api/own-saviynt-tpag"},"timestamp":"2025-11-29T12:29:53.544Z"}
{"level":"info","message":{"auth":"[REDACTED]","method":"GET","msg":"request","timestamp":"2025-11-29T12:29:53.550Z","url":"/api/own-saviynt-tpag-access"},"timestamp":"2025-11-29T12:29:53.550Z"}
{"level":"info","message":{"auth":"[REDACTED]","method":"GET","msg":"request","timestamp":"2025-11-29T12:29:53.554Z","url":"/api/own-saviynt-tpag-access"},"timestamp":"2025-11-29T12:29:53.554Z"}
{"level":"info","message":{"auth":"[REDACTED]","method":"GET","msg":"request","timestamp":"2025-11-29T12:29:53.559Z","url":"/api/own-saviynt-tpag-vendors"},"timestamp":"2025-11-29T12:29:53.559Z"}
{"level":"info","message":{"auth":"[REDACTED]","method":"GET","msg":"request","timestamp":"2025-11-29T12:29:53.562Z","url":"/api/own-saviynt-tpag-contracts"},"timestamp":"2025-11-29T12:29:53.562Z"}
{"level":"info","message":{"auth":"[REDACTED]","method":"GET","msg":"request","timestamp":"2025-11-29T12:29:53.566Z","url":"/api/own-saviynt-tpag-risk"},"timestamp":"2025-11-29T12:29:53.566Z"}
{"level":"info","message":{"auth":"[REDACTED]","method":"GET","msg":"request","timestamp":"2025-11-29T12:29:53.570Z","url":"/api/own-saviynt-tpag-lifecycle"},"timestamp":"2025-11-29T12:29:53.570Z"}
{"level":"info","message":{"auth":"[REDACTED]","method":"GET","msg":"request","timestamp":"2025-11-29T12:29:53.575Z","url":"/api/own-saviynt-tpag-contracts"},"timestamp":"2025-11-29T12:29:53.575Z"}
{"level":"info","message":{"auth":"[REDACTED]","method":"GET","msg":"request","timestamp":"2025-11-29T12:29:53.581Z","url":"/api/own-saviynt-tpag-risk"},"timestamp":"2025-11-29T12:29:53.581Z"}
{"level":"info","message":{"auth":"[REDACTED]","method":"GET","msg":"request","timestamp":"2025-11-29T12:29:53.585Z","url":"/api/own-saviynt-tpag-lifecycle"},"timestamp":"2025-11-29T12:29:53.585Z"}
{"level":"info","message":{"auth":"[REDACTED]","method":"GET","msg":"request","timestamp":"2025-11-29T12:30:57.291Z","url":"/api/all-users"},"timestamp":"2025-11-29T12:30:57.291Z"}
{"level":"info","message":{"auth":"[REDACTED]","method":"GET","msg":"request","timestamp":"2025-11-29T12:30:57.347Z","url":"/api/search-employee/dana.lee%40company.com/details?system=ping-directory"},"timestamp":"2025-11-29T12:30:57.347Z"}
{"level":"info","message":{"auth":"[REDACTED]","method":"GET","msg":"request","timestamp":"2025-11-29T12:30:57.356Z","url":"/api/search-employee/u1004/details?system=ping-directory"},"timestamp":"2025-11-29T12:30:57.356Z"}
{"level":"info","message":{"auth":"[REDACTED]","method":"GET","msg":"request","timestamp":"2025-11-29T12:30:57.361Z","url":"/api/search-employee/DANA.LEE%40COMPANY.COM/details?system=ping-directory"},"timestamp":"2025-11-29T12:30:57.361Z"}
{"level":"info","message":{"auth":"[REDACTED]","method":"GET","msg":"request","timestamp":"2025-11-29T12:30:57.365Z","url":"/api/search-employee/U1004/details?system=ping-directory"},"timestamp":"2025-11-29T12:30:57.365Z"}
{"level":"info","message":{"auth":"[REDACTED]","method":"GET","msg":"request","timestamp":"2025-11-29T12:30:57.373Z","url":"/api/search-employee/dana.lee%40company.com/details?system=ping-federate"},"timestamp":"2025-11-29T12:30:57.373Z"}
{"level":"info","message":{"auth":"[REDACTED]","method":"GET","msg":"request","timestamp":"2025-11-29T12:30:57.379Z","url":"/api/search-employee/u1004/details?system=ping-federate"},"timestamp":"2025-11-29T12:30:57.379Z"}
{"level":"info","message":{"auth":"[REDACTED]","method":"GET","msg":"request","timestamp":"2025-11-29T12:30:57.386Z","url":"/api/search-employee/DANA.LEE%40COMPANY.COM/details?system=ping-federate"},"timestamp":"2025-11-29T12:30:57.386Z"}
{"level":"info","message":{"auth":"[REDACTED]","method":"GET","msg":"request","timestamp":"2025-11-29T12:30:57.413Z","url":"/api/search-employee/U1004/details?system=ping-federate"},"timestamp":"2025-11-29T12:30:57.413Z"}
{"level":"info","message":{"auth":"[REDACTED]","method":"GET","msg":"request","timestamp":"2025-11-29T12:30:57.418Z","url":"/api/search-employee/dana.lee%40company.com/details?system=ping-mfa"},"timestamp":"2025-11-29T12:30:57.419Z"}
{"level":"info","message":{"auth":"[REDACTED]","method":"GET","msg":"request","timestamp":"2025-11-29T12:30:57.425Z","url":"/api/search-employee/u1004/details?system=ping-mfa"},"timestamp":"2025-11-29T12:30:57.425Z"}
{"level":"info","message":{"auth":"[REDACTED]","method":"GET","msg":"request","timestamp":"2025-11-29T12:30:57.430Z","url":"/api/search-employee/DANA.LEE%40COMPANY.COM/details?system=ping-mfa"},"timestamp":"2025-11-29T12:30:57.430Z"}
{"level":"info","message":{"auth":"[REDACTED]","method":"GET","msg":"request","timestamp":"2025-11-29T12:30:57.435Z","url":"/api/search-employee/U1004/details?system=ping-mfa"},"timestamp":"2025-11-29T12:30:57.435Z"}
{"level":"info","message":{"auth":"[REDACTED]","method":"GET","msg":"request","timestamp":"2025-11-29T12:30:57.442Z","url":"/api/search-employee/dana.lee%40company.com/details?system=ping-access"},"timestamp":"2025-11-29T12:30:57.442Z"}
{"level":"info","message":{"auth":"[REDACTED]","method":"GET","msg":"request","timestamp":"2025-11-29T12:30:57.446Z","url":"/api/search-employee/u1004/details?system=ping-access"},"timestamp":"2025-11-29T12:30:57.446Z"}
{"level":"info","message":{"auth":"[REDACTED]","method":"GET","msg":"request","timestamp":"2025-11-29T12:30:57.452Z","url":"/api/search-employee/DANA.LEE%40COMPANY.COM/details?system=ping-access"},"timestamp":"2025-11-29T12:30:57.452Z"}
{"level":"info","message":{"auth":"[REDACTED]","method":"GET","msg":"request","timestamp":"2025-11-29T12:30:57.459Z","url":"/api/search-employee/U1004/details?system=ping-access"},"timestamp":"2025-11-29T12:30:57.459Z"}
{"level":"info","message":{"auth":"[REDACTED]","method":"GET","msg":"request","timestamp":"2025-11-29T12:30:57.464Z","url":"/api/search-employee/dana.lee%40company.com/details?system=ping-authorize"},"timestamp":"2025-11-29T12:30:57.464Z"}
{"level":"info","message":{"auth":"[REDACTED]","method":"GET","msg":"request","timestamp":"2025-11-29T12:30:57.469Z","url":"/api/search-employee/u1004/details?system=ping-authorize"},"timestamp":"2025-11-29T12:30:57.469Z"}
{"level":"info","message":{"auth":"[REDACTED]","method":"GET","msg":"request","timestamp":"2025-11-29T12:30:57.479Z","url":"/api/search-employee/DANA.LEE%40COMPANY.COM/details?system=ping-authorize"},"timestamp":"2025-11-29T12:30:57.479Z"}
{"level":"info","message":{"auth":"[REDACTED]","method":"GET","msg":"request","timestamp":"2025-11-29T12:30:57.483Z","url":"/api/search-employee/U1004/details?system=ping-authorize"},"timestamp":"2025-11-29T12:30:57.483Z"}
{"level":"info","message":{"auth":"[REDACTED]","method":"GET","msg":"request","timestamp":"2025-11-29T12:30:57.493Z","url":"/api/search-employee/dana.lee%40company.com/details?system=ping-intelligence"},"timestamp":"2025-11-29T12:30:57.493Z"}
{"level":"info","message":{"auth":"[REDACTED]","method":"GET","msg":"request","timestamp":"2025-11-29T12:30:57.498Z","url":"/api/search-employee/u1004/details?system=ping-intelligence"},"timestamp":"2025-11-29T12:30:57.498Z"}
{"level":"info","message":{"auth":"[REDACTED]","method":"GET","msg":"request","timestamp":"2025-11-29T12:30:57.504Z","url":"/api/search-employee/DANA.LEE%40COMPANY.COM/details?system=ping-intelligence"},"timestamp":"2025-11-29T12:30:57.504Z"}
{"level":"info","message":{"auth":"[REDACTED]","method":"GET","msg":"request","timestamp":"2025-11-29T12:30:57.509Z","url":"/api/search-employee/U1004/details?system=ping-intelligence"},"timestamp":"2025-11-29T12:30:57.509Z"}
{"level":"info","message":{"auth":"[REDACTED]","method":"GET","msg":"request","timestamp":"2025-11-29T12:30:57.513Z","url":"/api/search-employee/dana.lee%40company.com/details?system=cyberark"},"timestamp":"2025-11-29T12:30:57.513Z"}
{"level":"info","message":{"auth":"[REDACTED]","method":"GET","msg":"request","timestamp":"2025-11-29T12:30:57.519Z","url":"/api/search-employee/u1004/details?system=cyberark"},"timestamp":"2025-11-29T12:30:57.519Z"}
{"level":"info","message":{"auth":"[REDACTED]","method":"GET","msg":"request","timestamp":"2025-11-29T12:30:57.524Z","url":"/api/search-employee/DANA.LEE%40COMPANY.COM/details?system=cyberark"},"timestamp":"2025-11-29T12:30:57.524Z"}
{"level":"info","message":{"auth":"[REDACTED]","method":"GET","msg":"request","timestamp":"2025-11-29T12:30:57.529Z","url":"/api/search-employee/U1004/details?system=cyberark"},"timestamp":"2025-11-29T12:30:57.529Z"}
{"level":"info","message":{"auth":"[REDACTED]","method":"GET","msg":"request","timestamp":"2025-11-29T12:30:57.532Z","url":"/api/search-employee/dana.lee%40company.com/details?system=cyberark-epm"},"timestamp":"2025-11-29T12:30:57.532Z"}
{"level":"info","message":{"auth":"[REDACTED]","method":"GET","msg":"request","timestamp":"2025-11-29T12:30:57.540Z","url":"/api/search-employee/u1004/details?system=cyberark-epm"},"timestamp":"2025-11-29T12:30:57.540Z"}
{"level":"info","message":{"auth":"[REDACTED]","method":"GET","msg":"request","timestamp":"2025-11-29T12:30:57.545Z","url":"/api/search-employee/DANA.LEE%40COMPANY.COM/details?system=cyberark-epm"},"timestamp":"2025-11-29T12:30:57.545Z"}
{"level":"info","message":{"auth":"[REDACTED]","method":"GET","msg":"request","timestamp":"2025-11-29T12:30:57.549Z","url":"/api/search-employee/U1004/details?system=cyberark-epm"},"timestamp":"2025-11-29T12:30:57.549Z"}
{"level":"info","message":{"auth":"[REDACTED]","method":"GET","msg":"request","timestamp":"2025-11-29T12:30:57.555Z","url":"/api/search-employee/dana.lee%40company.com/details?system=cyberark-alero"},"timestamp":"2025-11-29T12:30:57.555Z"}
{"level":"info","message":{"auth":"[REDACTED]","method":"GET","msg":"request","timestamp":"2025-11-29T12:30:57.560Z","url":"/api/search-employee/u1004/details?system=cyberark-alero"},"timestamp":"2025-11-29T12:30:57.560Z"}
{"level":"info","message":{"auth":"[REDACTED]","method":"GET","msg":"request","timestamp":"2025-11-29T12:30:57.563Z","url":"/api/search-employee/DANA.LEE%40COMPANY.COM/details?system=cyberark-alero"},"timestamp":"2025-11-29T12:30:57.563Z"}
{"level":"info","message":{"auth":"[REDACTED]","method":"GET","msg":"request","timestamp":"2025-11-29T12:30:57.568Z","url":"/api/search-employee/U1004/details?system=cyberark-alero"},"timestamp":"2025-11-29T12:30:57.568Z"}
{"level":"info","message":{"auth":"[REDACTED]","method":"GET","msg":"request","timestamp":"2025-11-29T12:30:57.572Z","url":"/api/search-employee/dana.lee%40company.com/details?system=cyberark-conjur"},"timestamp":"2025-11-29T12:30:57.572Z"}
{"level":"info","message":{"auth":"[REDACTED]","method":"GET","msg":"request","timestamp":"2025-11-29T12:30:57.576Z","url":"/api/search-employee/u1004/details?system=cyberark-conjur"},"timestamp":"2025-11-29T12:30:57.576Z"}
{"level":"info","message":{"auth":"[REDACTED]","method":"GET","msg":"request","timestamp":"2025-11-29T12:30:57.580Z","url":"/api/search-employee/DANA.LEE%40COMPANY.COM/details?system=cyberark-conjur"},"timestamp":"2025-11-29T12:30:57.580Z"}
{"level":"info","message":{"auth":"[REDACTED]","method":"GET","msg":"request","timestamp":"2025-11-29T12:30:57.585Z","url":"/api/search-employee/U1004/details?system=cyberark-conjur"},"timestamp":"2025-11-29T12:30:57.585Z"}
{"level":"info","message":{"auth":"[REDACTED]","method":"GET","msg":"request","timestamp":"2025-11-29T12:30:57.589Z","url":"/api/search-employee/dana.lee%40company.com/details?system=cyberark-dpa"},"timestamp":"2025-11-29T12:30:57.589Z"}
{"level":"info","message":{"auth":"[REDACTED]","method":"GET","msg":"request","timestamp":"2025-11-29T12:30:57.593Z","url":"/api/search-employee/u1004/details?system=cyberark-dpa"},"timestamp":"2025-11-29T12:30:57.593Z"}
{"level":"info","message":{"auth":"[REDACTED]","method":"GET","msg":"request","timestamp":"2025-11-29T12:30:57.597Z","url":"/api/search-employee/DANA.LEE%40COMPANY.COM/details?system=cyberark-dpa"},"timestamp":"2025-11-29T12:30:57.597Z"}
{"level":"info","message":{"auth":"[REDACTED]","method":"GET","msg":"request","timestamp":"2025-11-29T12:30:57.602Z","url":"/api/search-employee/U1004/details?system=cyberark-dpa"},"timestamp":"2025-11-29T12:30:57.602Z"}
{"level":"info","message":{"auth":"[REDACTED]","method":"GET","msg":"request","timestamp":"2025-11-29T12:30:57.607Z","url":"/api/search-employee/dana.lee%40company.com/details?system=cyberark-identity"},"timestamp":"2025-11-29T12:30:57.607Z"}
{"level":"info","message":{"auth":"[REDACTED]","method":"GET","msg":"request","timestamp":"2025-11-29T12:30:57.611Z","url":"/api/search-employee/u1004/details?system=cyberark-identity"},"timestamp":"2025-11-29T12:30:57.611Z"}
{"level":"info","message":{"auth":"[REDACTED]","method":"GET","msg":"request","timestamp":"2025-11-29T12:30:57.615Z","url":"/api/search-employee/DANA.LEE%40COMPANY.COM/details?system=cyberark-identity"},"timestamp":"2025-11-29T12:30:57.615Z"}
{"level":"info","message":{"auth":"[REDACTED]","method":"GET","msg":"request","timestamp":"2025-11-29T12:30:57.620Z","url":"/api/search-employee/U1004/details?system=cyberark-identity"},"timestamp":"2025-11-29T12:30:57.620Z"}
{"level":"info","message":{"auth":"[REDACTED]","method":"GET","msg":"request","timestamp":"2025-11-29T12:30:57.624Z","url":"/api/search-employee/dana.lee%40company.com/details?system=saviynt"},"timestamp":"2025-11-29T12:30:57.624Z"}
{"level":"info","message":{"auth":"[REDACTED]","method":"GET","msg":"request","timestamp":"2025-11-29T12:30:57.628Z","url":"/api/search-employee/u1004/details?system=saviynt"},"timestamp":"2025-11-29T12:30:57.628Z"}
{"level":"info","message":{"auth":"[REDACTED]","method":"GET","msg":"request","timestamp":"2025-11-29T12:30:57.632Z","url":"/api/search-employee/DANA.LEE%40COMPANY.COM/details?system=saviynt"},"timestamp":"2025-11-29T12:30:57.632Z"}
{"level":"info","message":{"auth":"[REDACTED]","method":"GET","msg":"request","timestamp":"2025-11-29T12:30:57.637Z","url":"/api/search-employee/U1004/details?system=saviynt"},"timestamp":"2025-11-29T12:30:57.637Z"}
{"level":"info","message":{"auth":"[REDACTED]","method":"GET","msg":"request","timestamp":"2025-11-29T12:30:57.641Z","url":"/api/search-employee/dana.lee%40company.com/details?system=saviynt-certifications"},"timestamp":"2025-11-29T12:30:57.641Z"}
{"level":"info","message":{"auth":"[REDACTED]","method":"GET","msg":"request","timestamp":"2025-11-29T12:30:57.645Z","url":"/api/search-employee/u1004/details?system=saviynt-certifications"},"timestamp":"2025-11-29T12:30:57.645Z"}
{"level":"info","message":{"auth":"[REDACTED]","method":"GET","msg":"request","timestamp":"2025-11-29T12:30:57.649Z","url":"/api/search-employee/DANA.LEE%40COMPANY.COM/details?system=saviynt-certifications"},"timestamp":"2025-11-29T12:30:57.649Z"}
{"level":"info","message":{"auth":"[REDACTED]","method":"GET","msg":"request","timestamp":"2025-11-29T12:30:57.654Z","url":"/api/search-employee/U1004/details?system=saviynt-certifications"},"timestamp":"2025-11-29T12:30:57.654Z"}
{"level":"info","message":{"auth":"[REDACTED]","method":"GET","msg":"request","timestamp":"2025-11-29T12:30:57.658Z","url":"/api/search-employee/dana.lee%40company.com/details?system=saviynt-analytics"},"timestamp":"2025-11-29T12:30:57.658Z"}
{"level":"info","message":{"auth":"[REDACTED]","method":"GET","msg":"request","timestamp":"2025-11-29T12:30:57.663Z","url":"/api/search-employee/u1004/details?system=saviynt-analytics"},"timestamp":"2025-11-29T12:30:57.663Z"}
{"level":"info","message":{"auth":"[REDACTED]","method":"GET","msg":"request","timestamp":"2025-11-29T12:30:57.667Z","url":"/api/search-employee/DANA.LEE%40COMPANY.COM/details?system=saviynt-analytics"},"timestamp":"2025-11-29T12:30:57.667Z"}
{"level":"info","message":{"auth":"[REDACTED]","method":"GET","msg":"request","timestamp":"2025-11-29T12:30:57.672Z","url":"/api/search-employee/U1004/details?system=saviynt-analytics"},"timestamp":"2025-11-29T12:30:57.672Z"}
{"level":"info","message":{"auth":"[REDACTED]","method":"GET","msg":"request","timestamp":"2025-11-29T12:30:57.676Z","url":"/api/search-employee/dana.lee%40company.com/details?system=saviynt-controls"},"timestamp":"2025-11-29T12:30:57.676Z"}
{"level":"info","message":{"auth":"[REDACTED]","method":"GET","msg":"request","timestamp":"2025-11-29T12:30:57.680Z","url":"/api/search-employee/u1004/details?system=saviynt-controls"},"timestamp":"2025-11-29T12:30:57.680Z"}
{"level":"info","message":{"auth":"[REDACTED]","method":"GET","msg":"request","timestamp":"2025-11-29T12:30:57.685Z","url":"/api/search-employee/DANA.LEE%40COMPANY.COM/details?system=saviynt-controls"},"timestamp":"2025-11-29T12:30:57.685Z"}
{"level":"info","message":{"auth":"[REDACTED]","method":"GET","msg":"request","timestamp":"2025-11-29T12:30:57.689Z","url":"/api/search-employee/U1004/details?system=saviynt-controls"},"timestamp":"2025-11-29T12:30:57.689Z"}
{"level":"info","message":{"auth":"[REDACTED]","method":"GET","msg":"request","timestamp":"2025-11-29T12:30:57.693Z","url":"/api/search-employee/dana.lee%40company.com/details?system=saviynt-requests"},"timestamp":"2025-11-29T12:30:57.693Z"}
{"level":"info","message":{"auth":"[REDACTED]","method":"GET","msg":"request","timestamp":"2025-11-29T12:30:57.697Z","url":"/api/search-employee/u1004/details?system=saviynt-requests"},"timestamp":"2025-11-29T12:30:57.697Z"}
{"level":"info","message":{"auth":"[REDACTED]","method":"GET","msg":"request","timestamp":"2025-11-29T12:30:57.702Z","url":"/api/search-employee/DANA.LEE%40COMPANY.COM/details?system=saviynt-requests"},"timestamp":"2025-11-29T12:30:57.702Z"}
{"level":"info","message":{"auth":"[REDACTED]","method":"GET","msg":"request","timestamp":"2025-11-29T12:30:57.706Z","url":"/api/search-employee/U1004/details?system=saviynt-requests"},"timestamp":"2025-11-29T12:30:57.706Z"}
{"level":"info","message":{"auth":"[REDACTED]","method":"GET","msg":"request","timestamp":"2025-11-29T12:30:57.710Z","url":"/api/search-employee/dana.lee%40company.com/details?system=saviynt-provisioning"},"timestamp":"2025-11-29T12:30:57.710Z"}
{"level":"info","message":{"auth":"[REDACTED]","method":"GET","msg":"request","timestamp":"2025-11-29T12:30:57.714Z","url":"/api/search-employee/u1004/details?system=saviynt-provisioning"},"timestamp":"2025-11-29T12:30:57.714Z"}
{"level":"info","message":{"auth":"[REDACTED]","method":"GET","msg":"request","timestamp":"2025-11-29T12:30:57.719Z","url":"/api/search-employee/DANA.LEE%40COMPANY.COM/details?system=saviynt-provisioning"},"timestamp":"2025-11-29T12:30:57.719Z"}
{"level":"info","message":{"auth":"[REDACTED]","method":"GET","msg":"request","timestamp":"2025-11-29T12:30:57.723Z","url":"/api/search-employee/U1004/details?system=saviynt-provisioning"},"timestamp":"2025-11-29T12:30:57.723Z"}
{"level":"info","message":{"auth":"[REDACTED]","method":"GET","msg":"request","timestamp":"2025-11-29T12:30:57.727Z","url":"/api/search-employee/dana.lee%40company.com/details?system=azure-ad"},"timestamp":"2025-11-29T12:30:57.727Z"}
{"level":"info","message":{"auth":"[REDACTED]","method":"GET","msg":"request","timestamp":"2025-11-29T12:30:57.732Z","url":"/api/search-employee/u1004/details?system=azure-ad"},"timestamp":"2025-11-29T12:30:57.732Z"}
{"level":"info","message":{"auth":"[REDACTED]","method":"GET","msg":"request","timestamp":"2025-11-29T12:30:57.737Z","url":"/api/search-employee/DANA.LEE%40COMPANY.COM/details?system=azure-ad"},"timestamp":"2025-11-29T12:30:57.737Z"}
{"level":"info","message":{"auth":"[REDACTED]","method":"GET","msg":"request","timestamp":"2025-11-29T12:30:57.741Z","url":"/api/search-employee/U1004/details?system=azure-ad"},"timestamp":"2025-11-29T12:30:57.741Z"}
{"level":"info","message":{"auth":"[REDACTED]","method":"GET","msg":"request","timestamp":"2025-11-29T12:30:57.745Z","url":"/api/search-employee/dana.lee%40company.com/details?system=azure-ad-users"},"timestamp":"2025-11-29T12:30:57.745Z"}
{"level":"info","message":{"auth":"[REDACTED]","method":"GET","msg":"request","timestamp":"2025-11-29T12:30:57.749Z","url":"/api/search-employee/u1004/details?system=azure-ad-users"},"timestamp":"2025-11-29T12:30:57.749Z"}
{"level":"info","message":{"auth":"[REDACTED]","method":"GET","msg":"request","timestamp":"2025-11-29T12:30:57.754Z","url":"/api/search-employee/DANA.LEE%40COMPANY.COM/details?system=azure-ad-users"},"timestamp":"2025-11-29T12:30:57.754Z"}
{"level":"info","message":{"auth":"[REDACTED]","method":"GET","msg":"request","timestamp":"2025-11-29T12:30:57.758Z","url":"/api/search-employee/U1004/details?system=azure-ad-users"},"timestamp":"2025-11-29T12:30:57.758Z"}
{"level":"info","message":{"auth":"[REDACTED]","method":"GET","msg":"request","timestamp":"2025-11-29T12:30:57.762Z","url":"/api/search-employee/dana.lee%40company.com/details?system=azure-ad-groups"},"timestamp":"2025-11-29T12:30:57.762Z"}
{"level":"info","message":{"auth":"[REDACTED]","method":"GET","msg":"request","timestamp":"2025-11-29T12:30:57.766Z","url":"/api/search-employee/u1004/details?system=azure-ad-groups"},"timestamp":"2025-11-29T12:30:57.766Z"}
{"level":"info","message":{"auth":"[REDACTED]","method":"GET","msg":"request","timestamp":"2025-11-29T12:30:57.771Z","url":"/api/search-employee/DANA.LEE%40COMPANY.COM/details?system=azure-ad-groups"},"timestamp":"2025-11-29T12:30:57.771Z"}
{"level":"info","message":{"auth":"[REDACTED]","method":"GET","msg":"request","timestamp":"2025-11-29T12:30:57.775Z","url":"/api/search-employee/U1004/details?system=azure-ad-groups"},"timestamp":"2025-11-29T12:30:57.775Z"}
{"level":"info","message":{"auth":"[REDACTED]","method":"GET","msg":"request","timestamp":"2025-11-29T12:30:57.779Z","url":"/api/search-employee/dana.lee%40company.com/details?system=azure-ad-apps"},"timestamp":"2025-11-29T12:30:57.779Z"}
{"level":"info","message":{"auth":"[REDACTED]","method":"GET","msg":"request","timestamp":"2025-11-29T12:30:57.783Z","url":"/api/search-employee/u1004/details?system=azure-ad-apps"},"timestamp":"2025-11-29T12:30:57.783Z"}
{"level":"info","message":{"auth":"[REDACTED]","method":"GET","msg":"request","timestamp":"2025-11-29T12:30:57.788Z","url":"/api/search-employee/DANA.LEE%40COMPANY.COM/details?system=azure-ad-apps"},"timestamp":"2025-11-29T12:30:57.788Z"}
{"level":"info","message":{"auth":"[REDACTED]","method":"GET","msg":"request","timestamp":"2025-11-29T12:30:57.792Z","url":"/api/search-employee/U1004/details?system=azure-ad-apps"},"timestamp":"2025-11-29T12:30:57.792Z"}
{"level":"info","message":{"auth":"[REDACTED]","method":"GET","msg":"request","timestamp":"2025-11-29T12:30:57.797Z","url":"/api/search-employee/dana.lee%40company.com/details?system=azure-ad-conditional"},"timestamp":"2025-11-29T12:30:57.797Z"}
{"level":"info","message":{"auth":"[REDACTED]","method":"GET","msg":"request","timestamp":"2025-11-29T12:30:57.802Z","url":"/api/search-employee/u1004/details?system=azure-ad-conditional"},"timestamp":"2025-11-29T12:30:57.802Z"}
{"level":"info","message":{"auth":"[REDACTED]","method":"GET","msg":"request","timestamp":"2025-11-29T12:30:57.806Z","url":"/api/search-employee/DANA.LEE%40COMPANY.COM/details?system=azure-ad-conditional"},"timestamp":"2025-11-29T12:30:57.806Z"}
{"level":"info","message":{"auth":"[REDACTED]","method":"GET","msg":"request","timestamp":"2025-11-29T12:30:57.810Z","url":"/api/search-employee/U1004/details?system=azure-ad-conditional"},"timestamp":"2025-11-29T12:30:57.810Z"}
{"level":"info","message":{"auth":"[REDACTED]","method":"GET","msg":"request","timestamp":"2025-11-29T12:30:57.814Z","url":"/api/search-employee/dana.lee%40company.com/details?system=azure-ad-signin"},"timestamp":"2025-11-29T12:30:57.814Z"}
{"level":"info","message":{"auth":"[REDACTED]","method":"GET","msg":"request","timestamp":"2025-11-29T12:30:57.819Z","url":"/api/search-employee/u1004/details?system=azure-ad-signin"},"timestamp":"2025-11-29T12:30:57.819Z"}
{"level":"info","message":{"auth":"[REDACTED]","method":"GET","msg":"request","timestamp":"2025-11-29T12:30:57.823Z","url":"/api/search-employee/DANA.LEE%40COMPANY.COM/details?system=azure-ad-signin"},"timestamp":"2025-11-29T12:30:57.823Z"}
{"level":"info","message":{"auth":"[REDACTED]","method":"GET","msg":"request","timestamp":"2025-11-29T12:30:57.827Z","url":"/api/search-employee/U1004/details?system=azure-ad-signin"},"timestamp":"2025-11-29T12:30:57.827Z"}
{"level":"info","message":{"auth":"[REDACTED]","method":"GET","msg":"request","timestamp":"2025-11-29T12:30:57.831Z","url":"/api/search-employee/dana.lee%40company.com/details?system=saviynt-tpag"},"timestamp":"2025-11-29T12:30:57.831Z"}
{"level":"info","message":{"auth":"[REDACTED]","method":"GET","msg":"request","timestamp":"2025-11-29T12:30:57.836Z","url":"/api/search-employee/u1004/details?system=saviynt-tpag"},"timestamp":"2025-11-29T12:30:57.836Z"}
{"level":"info","message":{"auth":"[REDACTED]","method":"GET","msg":"request","timestamp":"2025-11-29T12:30:57.840Z","url":"/api/search-employee/DANA.LEE%40COMPANY.COM/details?system=saviynt-tpag"},"timestamp":"2025-11-29T12:30:57.840Z"}
{"level":"info","message":{"auth":"[REDACTED]","method":"GET","msg":"request","timestamp":"2025-11-29T12:32:05.445Z","url":"/api/search-employee/u1001/details?system=ping-mfa"},"timestamp":"2025-11-29T12:32:05.445Z"}
{"level":"info","message":{"auth":"[REDACTED]","method":"GET","msg":"request","timestamp":"2025-11-29T12:33:51.240Z","url":"/api/search-employee/u1001/details?system=ping-directory"},"timestamp":"2025-11-29T12:33:51.240Z"}
{"level":"info","message":{"auth":"[REDACTED]","method":"GET","msg":"request","timestamp":"2025-11-29T12:33:56.818Z","url":"/api/all-users"},"timestamp":"2025-11-29T12:33:56.818Z"}
{"level":"info","message":{"auth":"[REDACTED]","method":"GET","msg":"request","timestamp":"2025-11-29T12:33:56.861Z","url":"/api/search-employee/alice.johnson%40company.com/details?system=ping-directory"},"timestamp":"2025-11-29T12:33:56.861Z"}
{"level":"info","message":{"auth":"[REDACTED]","method":"GET","msg":"request","timestamp":"2025-11-29T12:33:56.867Z","url":"/api/search-employee/u1001/details?system=ping-directory"},"timestamp":"2025-11-29T12:33:56.867Z"}
{"level":"info","message":{"auth":"[REDACTED]","method":"GET","msg":"request","timestamp":"2025-11-29T12:33:56.872Z","url":"/api/search-employee/ALICE.JOHNSON%40COMPANY.COM/details?system=ping-directory"},"timestamp":"2025-11-29T12:33:56.872Z"}
{"level":"info","message":{"auth":"[REDACTED]","method":"GET","msg":"request","timestamp":"2025-11-29T12:33:56.876Z","url":"/api/search-employee/U1001/details?system=ping-directory"},"timestamp":"2025-11-29T12:33:56.876Z"}
{"level":"info","message":{"auth":"[REDACTED]","method":"GET","msg":"request","timestamp":"2025-11-29T12:33:56.881Z","url":"/api/search-employee/alice.johnson%40company.com/details?system=ping-federate"},"timestamp":"2025-11-29T12:33:56.881Z"}
{"level":"info","message":{"auth":"[REDACTED]","method":"GET","msg":"request","timestamp":"2025-11-29T12:33:56.891Z","url":"/api/search-employee/u1001/details?system=ping-federate"},"timestamp":"2025-11-29T12:33:56.891Z"}
{"level":"info","message":{"auth":"[REDACTED]","method":"GET","msg":"request","timestamp":"2025-11-29T12:33:56.903Z","url":"/api/search-employee/ALICE.JOHNSON%40COMPANY.COM/details?system=ping-federate"},"timestamp":"2025-11-29T12:33:56.903Z"}
{"level":"info","message":{"auth":"[REDACTED]","method":"GET","msg":"request","timestamp":"2025-11-29T12:33:56.909Z","url":"/api/search-employee/U1001/details?system=ping-federate"},"timestamp":"2025-11-29T12:33:56.909Z"}
{"level":"info","message":{"auth":"[REDACTED]","method":"GET","msg":"request","timestamp":"2025-11-29T12:33:56.914Z","url":"/api/search-employee/alice.johnson%40company.com/details?system=ping-mfa"},"timestamp":"2025-11-29T12:33:56.914Z"}
{"level":"info","message":{"auth":"[REDACTED]","method":"GET","msg":"request","timestamp":"2025-11-29T12:33:56.920Z","url":"/api/search-employee/u1001/details?system=ping-mfa"},"timestamp":"2025-11-29T12:33:56.920Z"}
{"level":"info","message":{"auth":"[REDACTED]","method":"GET","msg":"request","timestamp":"2025-11-29T12:33:56.925Z","url":"/api/search-employee/ALICE.JOHNSON%40COMPANY.COM/details?system=ping-mfa"},"timestamp":"2025-11-29T12:33:56.925Z"}
{"level":"info","message":{"auth":"[REDACTED]","method":"GET","msg":"request","timestamp":"2025-11-29T12:33:56.930Z","url":"/api/search-employee/U1001/details?system=ping-mfa"},"timestamp":"2025-11-29T12:33:56.930Z"}
{"level":"info","message":{"auth":"[REDACTED]","method":"GET","msg":"request","timestamp":"2025-11-29T12:33:56.935Z","url":"/api/search-employee/alice.johnson%40company.com/details?system=ping-access"},"timestamp":"2025-11-29T12:33:56.935Z"}
{"level":"info","message":{"auth":"[REDACTED]","method":"GET","msg":"request","timestamp":"2025-11-29T12:33:56.941Z","url":"/api/search-employee/u1001/details?system=ping-access"},"timestamp":"2025-11-29T12:33:56.941Z"}
{"level":"info","message":{"auth":"[REDACTED]","method":"GET","msg":"request","timestamp":"2025-11-29T12:33:56.946Z","url":"/api/search-employee/ALICE.JOHNSON%40COMPANY.COM/details?system=ping-access"},"timestamp":"2025-11-29T12:33:56.946Z"}
{"level":"info","message":{"auth":"[REDACTED]","method":"GET","msg":"request","timestamp":"2025-11-29T12:33:56.951Z","url":"/api/search-employee/U1001/details?system=ping-access"},"timestamp":"2025-11-29T12:33:56.951Z"}
{"level":"info","message":{"auth":"[REDACTED]","method":"GET","msg":"request","timestamp":"2025-11-29T12:33:56.958Z","url":"/api/search-employee/alice.johnson%40company.com/details?system=ping-authorize"},"timestamp":"2025-11-29T12:33:56.958Z"}
{"level":"info","message":{"auth":"[REDACTED]","method":"GET","msg":"request","timestamp":"2025-11-29T12:33:56.962Z","url":"/api/search-employee/u1001/details?system=ping-authorize"},"timestamp":"2025-11-29T12:33:56.962Z"}
{"level":"info","message":{"auth":"[REDACTED]","method":"GET","msg":"request","timestamp":"2025-11-29T12:33:56.966Z","url":"/api/search-employee/ALICE.JOHNSON%40COMPANY.COM/details?system=ping-authorize"},"timestamp":"2025-11-29T12:33:56.966Z"}
{"level":"info","message":{"auth":"[REDACTED]","method":"GET","msg":"request","timestamp":"2025-11-29T12:33:56.974Z","url":"/api/search-employee/U1001/details?system=ping-authorize"},"timestamp":"2025-11-29T12:33:56.974Z"}
{"level":"info","message":{"auth":"[REDACTED]","method":"GET","msg":"request","timestamp":"2025-11-29T12:33:56.979Z","url":"/api/search-employee/alice.johnson%40company.com/details?system=ping-intelligence"},"timestamp":"2025-11-29T12:33:56.979Z"}
{"level":"info","message":{"auth":"[REDACTED]","method":"GET","msg":"request","timestamp":"2025-11-29T12:33:56.985Z","url":"/api/search-employee/u1001/details?system=ping-intelligence"},"timestamp":"2025-11-29T12:33:56.985Z"}
{"level":"info","message":{"auth":"[REDACTED]","method":"GET","msg":"request","timestamp":"2025-11-29T12:33:56.992Z","url":"/api/search-employee/ALICE.JOHNSON%40COMPANY.COM/details?system=ping-intelligence"},"timestamp":"2025-11-29T12:33:56.992Z"}
{"level":"info","message":{"auth":"[REDACTED]","method":"GET","msg":"request","timestamp":"2025-11-29T12:33:56.996Z","url":"/api/search-employee/U1001/details?system=ping-intelligence"},"timestamp":"2025-11-29T12:33:56.996Z"}
{"level":"info","message":{"auth":"[REDACTED]","method":"GET","msg":"request","timestamp":"2025-11-29T12:33:57.002Z","url":"/api/search-employee/alice.johnson%40company.com/details?system=cyberark"},"timestamp":"2025-11-29T12:33:57.002Z"}
{"level":"info","message":{"auth":"[REDACTED]","method":"GET","msg":"request","timestamp":"2025-11-29T12:33:57.008Z","url":"/api/search-employee/u1001/details?system=cyberark"},"timestamp":"2025-11-29T12:33:57.008Z"}
{"level":"info","message":{"auth":"[REDACTED]","method":"GET","msg":"request","timestamp":"2025-11-29T12:33:57.013Z","url":"/api/search-employee/ALICE.JOHNSON%40COMPANY.COM/details?system=cyberark"},"timestamp":"2025-11-29T12:33:57.013Z"}
{"level":"info","message":{"auth":"[REDACTED]","method":"GET","msg":"request","timestamp":"2025-11-29T12:33:57.018Z","url":"/api/search-employee/U1001/details?system=cyberark"},"timestamp":"2025-11-29T12:33:57.018Z"}
{"level":"info","message":{"auth":"[REDACTED]","method":"GET","msg":"request","timestamp":"2025-11-29T12:33:57.023Z","url":"/api/search-employee/alice.johnson%40company.com/details?system=cyberark-epm"},"timestamp":"2025-11-29T12:33:57.023Z"}
{"level":"info","message":{"auth":"[REDACTED]","method":"GET","msg":"request","timestamp":"2025-11-29T12:33:57.028Z","url":"/api/search-employee/u1001/details?system=cyberark-epm"},"timestamp":"2025-11-29T12:33:57.028Z"}
{"level":"info","message":{"auth":"[REDACTED]","method":"GET","msg":"request","timestamp":"2025-11-29T12:33:57.032Z","url":"/api/search-employee/ALICE.JOHNSON%40COMPANY.COM/details?system=cyberark-epm"},"timestamp":"2025-11-29T12:33:57.032Z"}
{"level":"info","message":{"auth":"[REDACTED]","method":"GET","msg":"request","timestamp":"2025-11-29T12:33:57.038Z","url":"/api/search-employee/U1001/details?system=cyberark-epm"},"timestamp":"2025-11-29T12:33:57.038Z"}
{"level":"info","message":{"auth":"[REDACTED]","method":"GET","msg":"request","timestamp":"2025-11-29T12:33:57.043Z","url":"/api/search-employee/alice.johnson%40company.com/details?system=cyberark-alero"},"timestamp":"2025-11-29T12:33:57.043Z"}
{"level":"info","message":{"auth":"[REDACTED]","method":"GET","msg":"request","timestamp":"2025-11-29T12:33:57.047Z","url":"/api/search-employee/u1001/details?system=cyberark-alero"},"timestamp":"2025-11-29T12:33:57.047Z"}
{"level":"info","message":{"auth":"[REDACTED]","method":"GET","msg":"request","timestamp":"2025-11-29T12:33:57.053Z","url":"/api/search-employee/ALICE.JOHNSON%40COMPANY.COM/details?system=cyberark-alero"},"timestamp":"2025-11-29T12:33:57.053Z"}
{"level":"info","message":{"auth":"[REDACTED]","method":"GET","msg":"request","timestamp":"2025-11-29T12:33:57.057Z","url":"/api/search-employee/U1001/details?system=cyberark-alero"},"timestamp":"2025-11-29T12:33:57.057Z"}
{"level":"info","message":{"auth":"[REDACTED]","method":"GET","msg":"request","timestamp":"2025-11-29T12:33:57.061Z","url":"/api/search-employee/alice.johnson%40company.com/details?system=cyberark-conjur"},"timestamp":"2025-11-29T12:33:57.061Z"}
{"level":"info","message":{"auth":"[REDACTED]","method":"GET","msg":"request","timestamp":"2025-11-29T12:33:57.065Z","url":"/api/search-employee/u1001/details?system=cyberark-conjur"},"timestamp":"2025-11-29T12:33:57.065Z"}
{"level":"info","message":{"auth":"[REDACTED]","method":"GET","msg":"request","timestamp":"2025-11-29T12:33:57.071Z","url":"/api/search-employee/ALICE.JOHNSON%40COMPANY.COM/details?system=cyberark-conjur"},"timestamp":"2025-11-29T12:33:57.071Z"}
{"level":"info","message":{"auth":"[REDACTED]","method":"GET","msg":"request","timestamp":"2025-11-29T12:33:57.075Z","url":"/api/search-employee/U1001/details?system=cyberark-conjur"},"timestamp":"2025-11-29T12:33:57.075Z"}
{"level":"info","message":{"auth":"[REDACTED]","method":"GET","msg":"request","timestamp":"2025-11-29T12:33:57.079Z","url":"/api/search-employee/alice.johnson%40company.com/details?system=cyberark-dpa"},"timestamp":"2025-11-29T12:33:57.079Z"}
{"level":"info","message":{"auth":"[REDACTED]","method":"GET","msg":"request","timestamp":"2025-11-29T12:33:57.084Z","url":"/api/search-employee/u1001/details?system=cyberark-dpa"},"timestamp":"2025-11-29T12:33:57.084Z"}
{"level":"info","message":{"auth":"[REDACTED]","method":"GET","msg":"request","timestamp":"2025-11-29T12:33:57.088Z","url":"/api/search-employee/ALICE.JOHNSON%40COMPANY.COM/details?system=cyberark-dpa"},"timestamp":"2025-11-29T12:33:57.088Z"}
{"level":"info","message":{"auth":"[REDACTED]","method":"GET","msg":"request","timestamp":"2025-11-29T12:33:57.092Z","url":"/api/search-employee/U1001/details?system=cyberark-dpa"},"timestamp":"2025-11-29T12:33:57.092Z"}
{"level":"info","message":{"auth":"[REDACTED]","method":"GET","msg":"request","timestamp":"2025-11-29T12:33:57.096Z","url":"/api/search-employee/alice.johnson%40company.com/details?system=cyberark-identity"},"timestamp":"2025-11-29T12:33:57.096Z"}
{"level":"info","message":{"auth":"[REDACTED]","method":"GET","msg":"request","timestamp":"2025-11-29T12:33:57.100Z","url":"/api/search-employee/u1001/details?system=cyberark-identity"},"timestamp":"2025-11-29T12:33:57.100Z"}
{"level":"info","message":{"auth":"[REDACTED]","method":"GET","msg":"request","timestamp":"2025-11-29T12:33:57.105Z","url":"/api/search-employee/ALICE.JOHNSON%40COMPANY.COM/details?system=cyberark-identity"},"timestamp":"2025-11-29T12:33:57.105Z"}
{"level":"info","message":{"auth":"[REDACTED]","method":"GET","msg":"request","timestamp":"2025-11-29T12:33:57.109Z","url":"/api/search-employee/U1001/details?system=cyberark-identity"},"timestamp":"2025-11-29T12:33:57.109Z"}
{"level":"info","message":{"auth":"[REDACTED]","method":"GET","msg":"request","timestamp":"2025-11-29T12:33:57.113Z","url":"/api/search-employee/alice.johnson%40company.com/details?system=saviynt"},"timestamp":"2025-11-29T12:33:57.113Z"}
{"level":"info","message":{"auth":"[REDACTED]","method":"GET","msg":"request","timestamp":"2025-11-29T12:33:57.117Z","url":"/api/search-employee/u1001/details?system=saviynt"},"timestamp":"2025-11-29T12:33:57.117Z"}
{"level":"info","message":{"auth":"[REDACTED]","method":"GET","msg":"request","timestamp":"2025-11-29T12:33:57.121Z","url":"/api/search-employee/ALICE.JOHNSON%40COMPANY.COM/details?system=saviynt"},"timestamp":"2025-11-29T12:33:57.121Z"}
{"level":"info","message":{"auth":"[REDACTED]","method":"GET","msg":"request","timestamp":"2025-11-29T12:33:57.125Z","url":"/api/search-employee/U1001/details?system=saviynt"},"timestamp":"2025-11-29T12:33:57.125Z"}
{"level":"info","message":{"auth":"[REDACTED]","method":"GET","msg":"request","timestamp":"2025-11-29T12:33:57.129Z","url":"/api/search-employee/alice.johnson%40company.com/details?system=saviynt-certifications"},"timestamp":"2025-11-29T12:33:57.129Z"}
{"level":"info","message":{"auth":"[REDACTED]","method":"GET","msg":"request","timestamp":"2025-11-29T12:33:57.134Z","url":"/api/search-employee/u1001/details?system=saviynt-certifications"},"timestamp":"2025-11-29T12:33:57.134Z"}
{"level":"info","message":{"auth":"[REDACTED]","method":"GET","msg":"request","timestamp":"2025-11-29T12:33:57.138Z","url":"/api/search-employee/ALICE.JOHNSON%40COMPANY.COM/details?system=saviynt-certifications"},"timestamp":"2025-11-29T12:33:57.138Z"}
{"level":"info","message":{"auth":"[REDACTED]","method":"GET","msg":"request","timestamp":"2025-11-29T12:33:57.142Z","url":"/api/search-employee/U1001/details?system=saviynt-certifications"},"timestamp":"2025-11-29T12:33:57.142Z"}
{"level":"info","message":{"auth":"[REDACTED]","method":"GET","msg":"request","timestamp":"2025-11-29T12:33:57.146Z","url":"/api/search-employee/alice.johnson%40company.com/details?system=saviynt-analytics"},"timestamp":"2025-11-29T12:33:57.146Z"}
{"level":"info","message":{"auth":"[REDACTED]","method":"GET","msg":"request","timestamp":"2025-11-29T12:33:57.151Z","url":"/api/search-employee/u1001/details?system=saviynt-analytics"},"timestamp":"2025-11-29T12:33:57.151Z"}
{"level":"info","message":{"auth":"[REDACTED]","method":"GET","msg":"request","timestamp":"2025-11-29T12:33:57.155Z","url":"/api/search-employee/ALICE.JOHNSON%40COMPANY.COM/details?system=saviynt-analytics"},"timestamp":"2025-11-29T12:33:57.155Z"}
{"level":"info","message":{"auth":"[REDACTED]","method":"GET","msg":"request","timestamp":"2025-11-29T12:33:57.159Z","url":"/api/search-employee/U1001/details?system=saviynt-analytics"},"timestamp":"2025-11-29T12:33:57.159Z"}
{"level":"info","message":{"auth":"[REDACTED]","method":"GET","msg":"request","timestamp":"2025-11-29T12:33:57.163Z","url":"/api/search-employee/alice.johnson%40company.com/details?system=saviynt-controls"},"timestamp":"2025-11-29T12:33:57.163Z"}
{"level":"info","message":{"auth":"[REDACTED]","method":"GET","msg":"request","timestamp":"2025-11-29T12:33:57.168Z","url":"/api/search-employee/u1001/details?system=saviynt-controls"},"timestamp":"2025-11-29T12:33:57.168Z"}
{"level":"info","message":{"auth":"[REDACTED]","method":"GET","msg":"request","timestamp":"2025-11-29T12:33:57.173Z","url":"/api/search-employee/ALICE.JOHNSON%40COMPANY.COM/details?system=saviynt-controls"},"timestamp":"2025-11-29T12:33:57.173Z"}
{"level":"info","message":{"auth":"[REDACTED]","method":"GET","msg":"request","timestamp":"2025-11-29T12:33:57.176Z","url":"/api/search-employee/U1001/details?system=saviynt-controls"},"timestamp":"2025-11-29T12:33:57.176Z"}
{"level":"info","message":{"auth":"[REDACTED]","method":"GET","msg":"request","timestamp":"2025-11-29T12:33:57.181Z","url":"/api/search-employee/alice.johnson%40company.com/details?system=saviynt-requests"},"timestamp":"2025-11-29T12:33:57.181Z"}
{"level":"info","message":{"auth":"[REDACTED]","method":"GET","msg":"request","timestamp":"2025-11-29T12:33:57.185Z","url":"/api/search-employee/u1001/details?system=saviynt-requests"},"timestamp":"2025-11-29T12:33:57.185Z"}
{"level":"info","message":{"auth":"[REDACTED]","method":"GET","msg":"request","timestamp":"2025-11-29T12:33:57.189Z","url":"/api/search-employee/ALICE.JOHNSON%40COMPANY.COM/details?system=saviynt-requests"},"timestamp":"2025-11-29T12:33:57.189Z"}
{"level":"info","message":{"auth":"[REDACTED]","method":"GET","msg":"request","timestamp":"2025-11-29T12:33:57.193Z","url":"/api/search-employee/U1001/details?system=saviynt-requests"},"timestamp":"2025-11-29T12:33:57.193Z"}
{"level":"info","message":{"auth":"[REDACTED]","method":"GET","msg":"request","timestamp":"2025-11-29T12:33:57.197Z","url":"/api/search-employee/alice.johnson%40company.com/details?system=saviynt-provisioning"},"timestamp":"2025-11-29T12:33:57.197Z"}
{"level":"info","message":{"auth":"[REDACTED]","method":"GET","msg":"request","timestamp":"2025-11-29T12:33:57.202Z","url":"/api/search-employee/u1001/details?system=saviynt-provisioning"},"timestamp":"2025-11-29T12:33:57.202Z"}
{"level":"info","message":{"auth":"[REDACTED]","method":"GET","msg":"request","timestamp":"2025-11-29T12:33:57.206Z","url":"/api/search-employee/ALICE.JOHNSON%40COMPANY.COM/details?system=saviynt-provisioning"},"timestamp":"2025-11-29T12:33:57.206Z"}
{"level":"info","message":{"auth":"[REDACTED]","method":"GET","msg":"request","timestamp":"2025-11-29T12:33:57.210Z","url":"/api/search-employee/U1001/details?system=saviynt-provisioning"},"timestamp":"2025-11-29T12:33:57.210Z"}
{"level":"info","message":{"auth":"[REDACTED]","method":"GET","msg":"request","timestamp":"2025-11-29T12:33:57.214Z","url":"/api/search-employee/alice.johnson%40company.com/details?system=azure-ad"},"timestamp":"2025-11-29T12:33:57.214Z"}
{"level":"info","message":{"auth":"[REDACTED]","method":"GET","msg":"request","timestamp":"2025-11-29T12:33:57.219Z","url":"/api/search-employee/u1001/details?system=azure-ad"},"timestamp":"2025-11-29T12:33:57.219Z"}
{"level":"info","message":{"auth":"[REDACTED]","method":"GET","msg":"request","timestamp":"2025-11-29T12:33:57.222Z","url":"/api/search-employee/ALICE.JOHNSON%40COMPANY.COM/details?system=azure-ad"},"timestamp":"2025-11-29T12:33:57.223Z"}
{"level":"info","message":{"auth":"[REDACTED]","method":"GET","msg":"request","timestamp":"2025-11-29T12:33:57.226Z","url":"/api/search-employee/U1001/details?system=azure-ad"},"timestamp":"2025-11-29T12:33:57.226Z"}
{"level":"info","message":{"auth":"[REDACTED]","method":"GET","msg":"request","timestamp":"2025-11-29T12:33:57.230Z","url":"/api/search-employee/alice.johnson%40company.com/details?system=azure-ad-users"},"timestamp":"2025-11-29T12:33:57.230Z"}
{"level":"info","message":{"auth":"[REDACTED]","method":"GET","msg":"request","timestamp":"2025-11-29T12:33:57.235Z","url":"/api/search-employee/u1001/details?system=azure-ad-users"},"timestamp":"2025-11-29T12:33:57.235Z"}
{"level":"info","message":{"auth":"[REDACTED]","method":"GET","msg":"request","timestamp":"2025-11-29T12:33:57.239Z","url":"/api/search-employee/ALICE.JOHNSON%40COMPANY.COM/details?system=azure-ad-users"},"timestamp":"2025-11-29T12:33:57.239Z"}
{"level":"info","message":{"auth":"[REDACTED]","method":"GET","msg":"request","timestamp":"2025-11-29T12:33:57.243Z","url":"/api/search-employee/U1001/details?system=azure-ad-users"},"timestamp":"2025-11-29T12:33:57.243Z"}
{"level":"info","message":{"auth":"[REDACTED]","method":"GET","msg":"request","timestamp":"2025-11-29T12:33:57.247Z","url":"/api/search-employee/alice.johnson%40company.com/details?system=azure-ad-groups"},"timestamp":"2025-11-29T12:33:57.247Z"}
{"level":"info","message":{"auth":"[REDACTED]","method":"GET","msg":"request","timestamp":"2025-11-29T12:33:57.251Z","url":"/api/search-employee/u1001/details?system=azure-ad-groups"},"timestamp":"2025-11-29T12:33:57.251Z"}
{"level":"info","message":{"auth":"[REDACTED]","method":"GET","msg":"request","timestamp":"2025-11-29T12:33:57.256Z","url":"/api/search-employee/ALICE.JOHNSON%40COMPANY.COM/details?system=azure-ad-groups"},"timestamp":"2025-11-29T12:33:57.256Z"}
{"level":"info","message":{"auth":"[REDACTED]","method":"GET","msg":"request","timestamp":"2025-11-29T12:33:57.261Z","url":"/api/search-employee/U1001/details?system=azure-ad-groups"},"timestamp":"2025-11-29T12:33:57.261Z"}
{"level":"info","message":{"auth":"[REDACTED]","method":"GET","msg":"request","timestamp":"2025-11-29T12:33:57.265Z","url":"/api/search-employee/alice.johnson%40company.com/details?system=azure-ad-apps"},"timestamp":"2025-11-29T12:33:57.265Z"}
{"level":"info","message":{"auth":"[REDACTED]","method":"GET","msg":"request","timestamp":"2025-11-29T12:33:57.270Z","url":"/api/search-employee/u1001/details?system=azure-ad-apps"},"timestamp":"2025-11-29T12:33:57.270Z"}
{"level":"info","message":{"auth":"[REDACTED]","method":"GET","msg":"request","timestamp":"2025-11-29T12:33:57.274Z","url":"/api/search-employee/ALICE.JOHNSON%40COMPANY.COM/details?system=azure-ad-apps"},"timestamp":"2025-11-29T12:33:57.274Z"}
{"level":"info","message":{"auth":"[REDACTED]","method":"GET","msg":"request","timestamp":"2025-11-29T12:33:57.278Z","url":"/api/search-employee/U1001/details?system=azure-ad-apps"},"timestamp":"2025-11-29T12:33:57.278Z"}
{"level":"info","message":{"auth":"[REDACTED]","method":"GET","msg":"request","timestamp":"2025-11-29T12:33:57.282Z","url":"/api/search-employee/alice.johnson%40company.com/details?system=azure-ad-conditional"},"timestamp":"2025-11-29T12:33:57.282Z"}
{"level":"info","message":{"auth":"[REDACTED]","method":"GET","msg":"request","timestamp":"2025-11-29T12:33:57.287Z","url":"/api/search-employee/u1001/details?system=azure-ad-conditional"},"timestamp":"2025-11-29T12:33:57.287Z"}
{"level":"info","message":{"auth":"[REDACTED]","method":"GET","msg":"request","timestamp":"2025-11-29T12:33:57.290Z","url":"/api/search-employee/ALICE.JOHNSON%40COMPANY.COM/details?system=azure-ad-conditional"},"timestamp":"2025-11-29T12:33:57.290Z"}
{"level":"info","message":{"auth":"[REDACTED]","method":"GET","msg":"request","timestamp":"2025-11-29T12:33:57.294Z","url":"/api/search-employee/U1001/details?system=azure-ad-conditional"},"timestamp":"2025-11-29T12:33:57.294Z"}
{"level":"info","message":{"auth":"[REDACTED]","method":"GET","msg":"request","timestamp":"2025-11-29T12:33:57.298Z","url":"/api/search-employee/alice.johnson%40company.com/details?system=azure-ad-signin"},"timestamp":"2025-11-29T12:33:57.298Z"}
{"level":"info","message":{"auth":"[REDACTED]","method":"GET","msg":"request","timestamp":"2025-11-29T12:33:57.303Z","url":"/api/search-employee/u1001/details?system=azure-ad-signin"},"timestamp":"2025-11-29T12:33:57.303Z"}
{"level":"info","message":{"auth":"[REDACTED]","method":"GET","msg":"request","timestamp":"2025-11-29T12:33:57.307Z","url":"/api/search-employee/ALICE.JOHNSON%40COMPANY.COM/details?system=azure-ad-signin"},"timestamp":"2025-11-29T12:33:57.307Z"}
{"level":"info","message":{"auth":"[REDACTED]","method":"GET","msg":"request","timestamp":"2025-11-29T12:33:57.311Z","url":"/api/search-employee/U1001/details?system=azure-ad-signin"},"timestamp":"2025-11-29T12:33:57.311Z"}
{"level":"info","message":{"auth":"[REDACTED]","method":"GET","msg":"request","timestamp":"2025-11-29T12:33:57.315Z","url":"/api/search-employee/alice.johnson%40company.com/details?system=saviynt-tpag"},"timestamp":"2025-11-29T12:33:57.315Z"}
{"level":"info","message":{"auth":"[REDACTED]","method":"GET","msg":"request","timestamp":"2025-11-29T12:33:57.319Z","url":"/api/search-employee/u1001/details?system=saviynt-tpag"},"timestamp":"2025-11-29T12:33:57.319Z"}
{"level":"info","message":{"auth":"[REDACTED]","method":"GET","msg":"request","timestamp":"2025-11-29T12:39:53.769Z","url":"/api/search-employee/u1001/details?system=ping-mfa"},"timestamp":"2025-11-29T12:39:53.769Z"}
{"level":"info","message":{"auth":"[REDACTED]","method":"GET","msg":"request","timestamp":"2025-11-29T12:39:58.974Z","url":"/api/search-employee/u1001/details?system=ping-directory"},"timestamp":"2025-11-29T12:39:58.974Z"}
{"level":"info","message":{"auth":"[REDACTED]","method":"GET","msg":"request","timestamp":"2025-11-29T12:40:03.030Z","url":"/api/search-employee/u1001/details?system=ping-directory"},"timestamp":"2025-11-29T12:40:03.030Z"}
{"level":"info","message":{"auth":"[REDACTED]","method":"GET","msg":"request","timestamp":"2025-11-29T12:40:18.653Z","url":"/api/search-employee/u1001/details?system=ping-mfa"},"timestamp":"2025-11-29T12:40:18.653Z"}
{"level":"info","message":{"auth":"[REDACTED]","method":"GET","msg":"request","timestamp":"2025-11-29T12:40:24.964Z","url":"/api/search-employee/u1001/details?system=ping-directory"},"timestamp":"2025-11-29T12:40:24.964Z"}
{"level":"info","message":{"auth":"[REDACTED]","method":"GET","msg":"request","timestamp":"2025-11-29T12:40:58.910Z","url":"/api/own-ping-directory"},"timestamp":"2025-11-29T12:40:58.910Z"}
{"level":"info","message":{"auth":"[REDACTED]","method":"GET","msg":"request","timestamp":"2025-11-29T12:40:58.917Z","url":"/api/own-ping-federate"},"timestamp":"2025-11-29T12:40:58.917Z"}
{"level":"info","message":{"auth":"[REDACTED]","method":"GET","msg":"request","timestamp":"2025-11-29T12:40:58.924Z","url":"/api/own-ping-federate"},"timestamp":"2025-11-29T12:40:58.924Z"}
{"level":"info","message":{"auth":"[REDACTED]","method":"GET","msg":"request","timestamp":"2025-11-29T12:40:58.935Z","url":"/api/own-ping-mfa"},"timestamp":"2025-11-29T12:40:58.935Z"}
{"level":"info","message":{"auth":"[REDACTED]","method":"GET","msg":"request","timestamp":"2025-11-29T12:40:58.938Z","url":"/api/own-ping-directory"},"timestamp":"2025-11-29T12:40:58.938Z"}
{"level":"info","message":{"auth":"[REDACTED]","method":"GET","msg":"request","timestamp":"2025-11-29T12:40:58.942Z","url":"/api/own-cyberark"},"timestamp":"2025-11-29T12:40:58.942Z"}
{"level":"info","message":{"auth":"[REDACTED]","method":"GET","msg":"request","timestamp":"2025-11-29T12:40:58.946Z","url":"/api/own-saviynt"},"timestamp":"2025-11-29T12:40:58.946Z"}
{"level":"info","message":{"auth":"[REDACTED]","method":"GET","msg":"request","timestamp":"2025-11-29T12:40:58.949Z","url":"/api/own-azure-ad"},"timestamp":"2025-11-29T12:40:58.949Z"}
{"level":"info","message":{"auth":"[REDACTED]","method":"GET","msg":"request","timestamp":"2025-11-29T12:40:58.952Z","url":"/api/own-ping-mfa"},"timestamp":"2025-11-29T12:40:58.952Z"}
{"level":"info","message":{"auth":"[REDACTED]","method":"GET","msg":"request","timestamp":"2025-11-29T12:40:58.956Z","url":"/api/own-cyberark"},"timestamp":"2025-11-29T12:40:58.956Z"}
{"level":"info","message":{"auth":"[REDACTED]","method":"GET","msg":"request","timestamp":"2025-11-29T12:40:58.961Z","url":"/api/own-saviynt"},"timestamp":"2025-11-29T12:40:58.961Z"}
{"level":"info","message":{"auth":"[REDACTED]","method":"GET","msg":"request","timestamp":"2025-11-29T12:40:58.965Z","url":"/api/own-azure-ad"},"timestamp":"2025-11-29T12:40:58.965Z"}
{"level":"info","message":{"auth":"[REDACTED]","method":"GET","msg":"request","timestamp":"2025-11-29T12:41:01.338Z","url":"/api/search-employee/u1002/details?system=ping-directory"},"timestamp":"2025-11-29T12:41:01.338Z"}
{"level":"info","message":{"auth":"[REDACTED]","method":"GET","msg":"request","timestamp":"2025-11-29T12:42:11.995Z","url":"/api/search-employee/u1002/details?system=ping-directory"},"timestamp":"2025-11-29T12:42:11.995Z"}
{"level":"info","message":{"auth":"[REDACTED]","method":"GET","msg":"request","timestamp":"2025-11-29T12:42:15.758Z","url":"/api/search-employee/u1002/details?system=ping-mfa"},"timestamp":"2025-11-29T12:42:15.758Z"}
{"level":"info","message":{"auth":"[REDACTED]","method":"GET","msg":"request","timestamp":"2025-11-29T12:47:30.545Z","url":"/api/own-ping-directory"},"timestamp":"2025-11-29T12:47:30.545Z"}
{"level":"info","message":{"auth":"[REDACTED]","method":"GET","msg":"request","timestamp":"2025-11-29T12:47:30.553Z","url":"/api/own-ping-federate"},"timestamp":"2025-11-29T12:47:30.553Z"}
{"level":"info","message":{"auth":"[REDACTED]","method":"GET","msg":"request","timestamp":"2025-11-29T12:47:30.564Z","url":"/api/own-cyberark"},"timestamp":"2025-11-29T12:47:30.564Z"}
{"level":"info","message":{"auth":"[REDACTED]","method":"GET","msg":"request","timestamp":"2025-11-29T12:47:30.576Z","url":"/api/own-ping-mfa"},"timestamp":"2025-11-29T12:47:30.576Z"}
{"level":"info","message":{"auth":"[REDACTED]","method":"GET","msg":"request","timestamp":"2025-11-29T12:47:30.581Z","url":"/api/own-azure-ad"},"timestamp":"2025-11-29T12:47:30.581Z"}
{"level":"info","message":{"auth":"[REDACTED]","method":"GET","msg":"request","timestamp":"2025-11-29T12:47:30.586Z","url":"/api/own-saviynt"},"timestamp":"2025-11-29T12:47:30.586Z"}
{"level":"info","message":{"auth":"[REDACTED]","method":"GET","msg":"request","timestamp":"2025-11-29T12:47:40.349Z","url":"/api/own-ping-directory"},"timestamp":"2025-11-29T12:47:40.349Z"}
{"level":"info","message":{"auth":"[REDACTED]","method":"GET","msg":"request","timestamp":"2025-11-29T12:47:40.358Z","url":"/api/own-ping-federate"},"timestamp":"2025-11-29T12:47:40.358Z"}
{"level":"info","message":{"auth":"[REDACTED]","method":"GET","msg":"request","timestamp":"2025-11-29T12:47:40.362Z","url":"/api/own-cyberark"},"timestamp":"2025-11-29T12:47:40.362Z"}
{"level":"info","message":{"auth":"[REDACTED]","method":"GET","msg":"request","timestamp":"2025-11-29T12:47:40.368Z","url":"/api/own-saviynt"},"timestamp":"2025-11-29T12:47:40.368Z"}
{"level":"info","message":{"auth":"[REDACTED]","method":"GET","msg":"request","timestamp":"2025-11-29T12:47:40.375Z","url":"/api/own-ping-mfa"},"timestamp":"2025-11-29T12:47:40.375Z"}
{"level":"info","message":{"auth":"[REDACTED]","method":"GET","msg":"request","timestamp":"2025-11-29T12:47:40.379Z","url":"/api/own-azure-ad"},"timestamp":"2025-11-29T12:47:40.379Z"}
{"level":"info","message":{"auth":"[REDACTED]","method":"GET","msg":"request","timestamp":"2025-11-29T12:48:06.558Z","url":"/api/own-saviynt-certifications"},"timestamp":"2025-11-29T12:48:06.558Z"}
{"level":"info","message":{"auth":"[REDACTED]","method":"GET","msg":"request","timestamp":"2025-11-29T12:48:06.576Z","url":"/api/own-saviynt"},"timestamp":"2025-11-29T12:48:06.576Z"}
{"level":"info","message":{"auth":"[REDACTED]","method":"GET","msg":"request","timestamp":"2025-11-29T12:48:06.583Z","url":"/api/own-saviynt-requests"},"timestamp":"2025-11-29T12:48:06.583Z"}
{"level":"info","message":{"auth":"[REDACTED]","method":"GET","msg":"request","timestamp":"2025-11-29T12:48:06.589Z","url":"/api/own-saviynt-analytics"},"timestamp":"2025-11-29T12:48:06.589Z"}
{"level":"info","message":{"auth":"[REDACTED]","method":"GET","msg":"request","timestamp":"2025-11-29T12:48:06.606Z","url":"/api/own-saviynt-controls"},"timestamp":"2025-11-29T12:48:06.606Z"}
{"level":"info","message":{"auth":"[REDACTED]","method":"GET","msg":"request","timestamp":"2025-11-29T12:48:06.616Z","url":"/api/own-saviynt-provisioning"},"timestamp":"2025-11-29T12:48:06.616Z"}
{"level":"info","message":{"auth":"[REDACTED]","method":"GET","msg":"request","timestamp":"2025-11-29T12:48:06.622Z","url":"/api/ops-failures?system=saviynt-access&minutes=10"},"timestamp":"2025-11-29T12:48:06.622Z"}
{"level":"info","message":{"auth":"[REDACTED]","method":"GET","msg":"request","timestamp":"2025-11-29T12:48:06.634Z","url":"/api/ops-failures?system=saviynt-provisioning&minutes=10"},"timestamp":"2025-11-29T12:48:06.634Z"}
{"level":"info","message":{"auth":"[REDACTED]","method":"GET","msg":"request","timestamp":"2025-11-29T12:49:09.045Z","url":"/api/all-users"},"timestamp":"2025-11-29T12:49:09.045Z"}
{"level":"info","message":{"auth":"[REDACTED]","method":"GET","msg":"request","timestamp":"2025-11-29T12:49:09.070Z","url":"/api/search-employee/alice.johnson%40company.com/details?system=ping-directory"},"timestamp":"2025-11-29T12:49:09.070Z"}
{"level":"info","message":{"auth":"[REDACTED]","method":"GET","msg":"request","timestamp":"2025-11-29T12:49:09.079Z","url":"/api/search-employee/u1001/details?system=ping-directory"},"timestamp":"2025-11-29T12:49:09.080Z"}
{"level":"info","message":{"auth":"[REDACTED]","method":"GET","msg":"request","timestamp":"2025-11-29T12:49:09.089Z","url":"/api/search-employee/ALICE.JOHNSON%40COMPANY.COM/details?system=ping-directory"},"timestamp":"2025-11-29T12:49:09.089Z"}
{"level":"info","message":{"auth":"[REDACTED]","method":"GET","msg":"request","timestamp":"2025-11-29T12:49:09.101Z","url":"/api/search-employee/U1001/details?system=ping-directory"},"timestamp":"2025-11-29T12:49:09.101Z"}
{"level":"info","message":{"auth":"[REDACTED]","method":"GET","msg":"request","timestamp":"2025-11-29T12:49:09.107Z","url":"/api/search-employee/alice.johnson%40company.com/details?system=ping-federate"},"timestamp":"2025-11-29T12:49:09.107Z"}
{"level":"info","message":{"auth":"[REDACTED]","method":"GET","msg":"request","timestamp":"2025-11-29T12:49:09.113Z","url":"/api/search-employee/u1001/details?system=ping-federate"},"timestamp":"2025-11-29T12:49:09.113Z"}
{"level":"info","message":{"auth":"[REDACTED]","method":"GET","msg":"request","timestamp":"2025-11-29T12:49:09.119Z","url":"/api/search-employee/ALICE.JOHNSON%40COMPANY.COM/details?system=ping-federate"},"timestamp":"2025-11-29T12:49:09.119Z"}
{"level":"info","message":{"auth":"[REDACTED]","method":"GET","msg":"request","timestamp":"2025-11-29T12:49:09.124Z","url":"/api/search-employee/U1001/details?system=ping-federate"},"timestamp":"2025-11-29T12:49:09.124Z"}
{"level":"info","message":{"auth":"[REDACTED]","method":"GET","msg":"request","timestamp":"2025-11-29T12:49:09.130Z","url":"/api/search-employee/alice.johnson%40company.com/details?system=ping-mfa"},"timestamp":"2025-11-29T12:49:09.130Z"}
{"level":"info","message":{"auth":"[REDACTED]","method":"GET","msg":"request","timestamp":"2025-11-29T12:49:09.136Z","url":"/api/search-employee/u1001/details?system=ping-mfa"},"timestamp":"2025-11-29T12:49:09.136Z"}
{"level":"info","message":{"auth":"[REDACTED]","method":"GET","msg":"request","timestamp":"2025-11-29T12:49:09.140Z","url":"/api/search-employee/ALICE.JOHNSON%40COMPANY.COM/details?system=ping-mfa"},"timestamp":"2025-11-29T12:49:09.140Z"}
{"level":"info","message":{"auth":"[REDACTED]","method":"GET","msg":"request","timestamp":"2025-11-29T12:49:09.146Z","url":"/api/search-employee/U1001/details?system=ping-mfa"},"timestamp":"2025-11-29T12:49:09.146Z"}
{"level":"info","message":{"auth":"[REDACTED]","method":"GET","msg":"request","timestamp":"2025-11-29T12:49:09.152Z","url":"/api/search-employee/alice.johnson%40company.com/details?system=ping-access"},"timestamp":"2025-11-29T12:49:09.152Z"}
{"level":"info","message":{"auth":"[REDACTED]","method":"GET","msg":"request","timestamp":"2025-11-29T12:49:09.156Z","url":"/api/search-employee/u1001/details?system=ping-access"},"timestamp":"2025-11-29T12:49:09.156Z"}
{"level":"info","message":{"auth":"[REDACTED]","method":"GET","msg":"request","timestamp":"2025-11-29T12:49:09.162Z","url":"/api/search-employee/ALICE.JOHNSON%40COMPANY.COM/details?system=ping-access"},"timestamp":"2025-11-29T12:49:09.162Z"}
{"level":"info","message":{"auth":"[REDACTED]","method":"GET","msg":"request","timestamp":"2025-11-29T12:49:09.168Z","url":"/api/search-employee/U1001/details?system=ping-access"},"timestamp":"2025-11-29T12:49:09.168Z"}
{"level":"info","message":{"auth":"[REDACTED]","method":"GET","msg":"request","timestamp":"2025-11-29T12:49:09.172Z","url":"/api/search-employee/alice.johnson%40company.com/details?system=ping-authorize"},"timestamp":"2025-11-29T12:49:09.172Z"}
{"level":"info","message":{"auth":"[REDACTED]","method":"GET","msg":"request","timestamp":"2025-11-29T12:49:09.178Z","url":"/api/search-employee/u1001/details?system=ping-authorize"},"timestamp":"2025-11-29T12:49:09.178Z"}
{"level":"info","message":{"auth":"[REDACTED]","method":"GET","msg":"request","timestamp":"2025-11-29T12:49:09.184Z","url":"/api/search-employee/ALICE.JOHNSON%40COMPANY.COM/details?system=ping-authorize"},"timestamp":"2025-11-29T12:49:09.184Z"}
{"level":"info","message":{"auth":"[REDACTED]","method":"GET","msg":"request","timestamp":"2025-11-29T12:49:09.188Z","url":"/api/search-employee/U1001/details?system=ping-authorize"},"timestamp":"2025-11-29T12:49:09.188Z"}
{"level":"info","message":{"auth":"[REDACTED]","method":"GET","msg":"request","timestamp":"2025-11-29T12:49:09.195Z","url":"/api/search-employee/alice.johnson%40company.com/details?system=ping-intelligence"},"timestamp":"2025-11-29T12:49:09.195Z"}
{"level":"info","message":{"auth":"[REDACTED]","method":"GET","msg":"request","timestamp":"2025-11-29T12:49:09.201Z","url":"/api/search-employee/u1001/details?system=ping-intelligence"},"timestamp":"2025-11-29T12:49:09.201Z"}
{"level":"info","message":{"auth":"[REDACTED]","method":"GET","msg":"request","timestamp":"2025-11-29T12:49:09.205Z","url":"/api/search-employee/ALICE.JOHNSON%40COMPANY.COM/details?system=ping-intelligence"},"timestamp":"2025-11-29T12:49:09.205Z"}
{"level":"info","message":{"auth":"[REDACTED]","method":"GET","msg":"request","timestamp":"2025-11-29T12:49:09.211Z","url":"/api/search-employee/U1001/details?system=ping-intelligence"},"timestamp":"2025-11-29T12:49:09.211Z"}
{"level":"info","message":{"auth":"[REDACTED]","method":"GET","msg":"request","timestamp":"2025-11-29T12:49:09.217Z","url":"/api/search-employee/alice.johnson%40company.com/details?system=cyberark"},"timestamp":"2025-11-29T12:49:09.217Z"}
{"level":"info","message":{"auth":"[REDACTED]","method":"GET","msg":"request","timestamp":"2025-11-29T12:49:09.221Z","url":"/api/search-employee/u1001/details?system=cyberark"},"timestamp":"2025-11-29T12:49:09.221Z"}
{"level":"info","message":{"auth":"[REDACTED]","method":"GET","msg":"request","timestamp":"2025-11-29T12:49:09.226Z","url":"/api/search-employee/ALICE.JOHNSON%40COMPANY.COM/details?system=cyberark"},"timestamp":"2025-11-29T12:49:09.226Z"}
{"level":"info","message":{"auth":"[REDACTED]","method":"GET","msg":"request","timestamp":"2025-11-29T12:49:09.231Z","url":"/api/search-employee/U1001/details?system=cyberark"},"timestamp":"2025-11-29T12:49:09.231Z"}
{"level":"info","message":{"auth":"[REDACTED]","method":"GET","msg":"request","timestamp":"2025-11-29T12:49:09.235Z","url":"/api/search-employee/alice.johnson%40company.com/details?system=cyberark-epm"},"timestamp":"2025-11-29T12:49:09.235Z"}
{"level":"info","message":{"auth":"[REDACTED]","method":"GET","msg":"request","timestamp":"2025-11-29T12:49:09.239Z","url":"/api/search-employee/u1001/details?system=cyberark-epm"},"timestamp":"2025-11-29T12:49:09.239Z"}
{"level":"info","message":{"auth":"[REDACTED]","method":"GET","msg":"request","timestamp":"2025-11-29T12:49:09.246Z","url":"/api/search-employee/ALICE.JOHNSON%40COMPANY.COM/details?system=cyberark-epm"},"timestamp":"2025-11-29T12:49:09.246Z"}
{"level":"info","message":{"auth":"[REDACTED]","method":"GET","msg":"request","timestamp":"2025-11-29T12:49:09.250Z","url":"/api/search-employee/U1001/details?system=cyberark-epm"},"timestamp":"2025-11-29T12:49:09.250Z"}
{"level":"info","message":{"auth":"[REDACTED]","method":"GET","msg":"request","timestamp":"2025-11-29T12:49:09.254Z","url":"/api/search-employee/alice.johnson%40company.com/details?system=cyberark-alero"},"timestamp":"2025-11-29T12:49:09.254Z"}
{"level":"info","message":{"auth":"[REDACTED]","method":"GET","msg":"request","timestamp":"2025-11-29T12:49:09.259Z","url":"/api/search-employee/u1001/details?system=cyberark-alero"},"timestamp":"2025-11-29T12:49:09.259Z"}
{"level":"info","message":{"auth":"[REDACTED]","method":"GET","msg":"request","timestamp":"2025-11-29T12:49:09.264Z","url":"/api/search-employee/ALICE.JOHNSON%40COMPANY.COM/details?system=cyberark-alero"},"timestamp":"2025-11-29T12:49:09.264Z"}
{"level":"info","message":{"auth":"[REDACTED]","method":"GET","msg":"request","timestamp":"2025-11-29T12:49:09.269Z","url":"/api/search-employee/U1001/details?system=cyberark-alero"},"timestamp":"2025-11-29T12:49:09.269Z"}
{"level":"info","message":{"auth":"[REDACTED]","method":"GET","msg":"request","timestamp":"2025-11-29T12:49:09.273Z","url":"/api/search-employee/alice.johnson%40company.com/details?system=cyberark-conjur"},"timestamp":"2025-11-29T12:49:09.273Z"}
{"level":"info","message":{"auth":"[REDACTED]","method":"GET","msg":"request","timestamp":"2025-11-29T12:49:09.278Z","url":"/api/search-employee/u1001/details?system=cyberark-conjur"},"timestamp":"2025-11-29T12:49:09.278Z"}
{"level":"info","message":{"auth":"[REDACTED]","method":"GET","msg":"request","timestamp":"2025-11-29T12:49:09.282Z","url":"/api/search-employee/ALICE.JOHNSON%40COMPANY.COM/details?system=cyberark-conjur"},"timestamp":"2025-11-29T12:49:09.282Z"}
{"level":"info","message":{"auth":"[REDACTED]","method":"GET","msg":"request","timestamp":"2025-11-29T12:49:09.286Z","url":"/api/search-employee/U1001/details?system=cyberark-conjur"},"timestamp":"2025-11-29T12:49:09.286Z"}
{"level":"info","message":{"auth":"[REDACTED]","method":"GET","msg":"request","timestamp":"2025-11-29T12:49:09.291Z","url":"/api/search-employee/alice.johnson%40company.com/details?system=cyberark-dpa"},"timestamp":"2025-11-29T12:49:09.291Z"}
{"level":"info","message":{"auth":"[REDACTED]","method":"GET","msg":"request","timestamp":"2025-11-29T12:49:09.295Z","url":"/api/search-employee/u1001/details?system=cyberark-dpa"},"timestamp":"2025-11-29T12:49:09.295Z"}
{"level":"info","message":{"auth":"[REDACTED]","method":"GET","msg":"request","timestamp":"2025-11-29T12:49:09.299Z","url":"/api/search-employee/ALICE.JOHNSON%40COMPANY.COM/details?system=cyberark-dpa"},"timestamp":"2025-11-29T12:49:09.299Z"}
{"level":"info","message":{"auth":"[REDACTED]","method":"GET","msg":"request","timestamp":"2025-11-29T12:49:09.303Z","url":"/api/search-employee/U1001/details?system=cyberark-dpa"},"timestamp":"2025-11-29T12:49:09.303Z"}
{"level":"info","message":{"auth":"[REDACTED]","method":"GET","msg":"request","timestamp":"2025-11-29T12:49:09.308Z","url":"/api/search-employee/alice.johnson%40company.com/details?system=cyberark-identity"},"timestamp":"2025-11-29T12:49:09.308Z"}
{"level":"info","message":{"auth":"[REDACTED]","method":"GET","msg":"request","timestamp":"2025-11-29T12:49:09.312Z","url":"/api/search-employee/u1001/details?system=cyberark-identity"},"timestamp":"2025-11-29T12:49:09.312Z"}
{"level":"info","message":{"auth":"[REDACTED]","method":"GET","msg":"request","timestamp":"2025-11-29T12:49:09.316Z","url":"/api/search-employee/ALICE.JOHNSON%40COMPANY.COM/details?system=cyberark-identity"},"timestamp":"2025-11-29T12:49:09.316Z"}
{"level":"info","message":{"auth":"[REDACTED]","method":"GET","msg":"request","timestamp":"2025-11-29T12:49:09.320Z","url":"/api/search-employee/U1001/details?system=cyberark-identity"},"timestamp":"2025-11-29T12:49:09.320Z"}
{"level":"info","message":{"auth":"[REDACTED]","method":"GET","msg":"request","timestamp":"2025-11-29T12:49:09.325Z","url":"/api/search-employee/alice.johnson%40company.com/details?system=saviynt"},"timestamp":"2025-11-29T12:49:09.325Z"}
{"level":"info","message":{"auth":"[REDACTED]","method":"GET","msg":"request","timestamp":"2025-11-29T12:49:09.329Z","url":"/api/search-employee/u1001/details?system=saviynt"},"timestamp":"2025-11-29T12:49:09.329Z"}
{"level":"info","message":{"auth":"[REDACTED]","method":"GET","msg":"request","timestamp":"2025-11-29T12:49:09.334Z","url":"/api/search-employee/ALICE.JOHNSON%40COMPANY.COM/details?system=saviynt"},"timestamp":"2025-11-29T12:49:09.334Z"}
{"level":"info","message":{"auth":"[REDACTED]","method":"GET","msg":"request","timestamp":"2025-11-29T12:49:09.338Z","url":"/api/search-employee/U1001/details?system=saviynt"},"timestamp":"2025-11-29T12:49:09.338Z"}
{"level":"info","message":{"auth":"[REDACTED]","method":"GET","msg":"request","timestamp":"2025-11-29T12:49:09.343Z","url":"/api/search-employee/alice.johnson%40company.com/details?system=saviynt-certifications"},"timestamp":"2025-11-29T12:49:09.343Z"}
{"level":"info","message":{"auth":"[REDACTED]","method":"GET","msg":"request","timestamp":"2025-11-29T12:49:09.347Z","url":"/api/search-employee/u1001/details?system=saviynt-certifications"},"timestamp":"2025-11-29T12:49:09.347Z"}
{"level":"info","message":{"auth":"[REDACTED]","method":"GET","msg":"request","timestamp":"2025-11-29T12:49:09.351Z","url":"/api/search-employee/ALICE.JOHNSON%40COMPANY.COM/details?system=saviynt-certifications"},"timestamp":"2025-11-29T12:49:09.351Z"}
{"level":"info","message":{"auth":"[REDACTED]","method":"GET","msg":"request","timestamp":"2025-11-29T12:49:09.355Z","url":"/api/search-employee/U1001/details?system=saviynt-certifications"},"timestamp":"2025-11-29T12:49:09.355Z"}
{"level":"info","message":{"auth":"[REDACTED]","method":"GET","msg":"request","timestamp":"2025-11-29T12:49:09.361Z","url":"/api/search-employee/alice.johnson%40company.com/details?system=saviynt-analytics"},"timestamp":"2025-11-29T12:49:09.361Z"}
{"level":"info","message":{"auth":"[REDACTED]","method":"GET","msg":"request","timestamp":"2025-11-29T12:49:09.365Z","url":"/api/search-employee/u1001/details?system=saviynt-analytics"},"timestamp":"2025-11-29T12:49:09.365Z"}
{"level":"info","message":{"auth":"[REDACTED]","method":"GET","msg":"request","timestamp":"2025-11-29T12:49:09.369Z","url":"/api/search-employee/ALICE.JOHNSON%40COMPANY.COM/details?system=saviynt-analytics"},"timestamp":"2025-11-29T12:49:09.369Z"}
{"level":"info","message":{"auth":"[REDACTED]","method":"GET","msg":"request","timestamp":"2025-11-29T12:49:09.373Z","url":"/api/search-employee/U1001/details?system=saviynt-analytics"},"timestamp":"2025-11-29T12:49:09.373Z"}
{"level":"info","message":{"auth":"[REDACTED]","method":"GET","msg":"request","timestamp":"2025-11-29T12:49:09.378Z","url":"/api/search-employee/alice.johnson%40company.com/details?system=saviynt-controls"},"timestamp":"2025-11-29T12:49:09.378Z"}
{"level":"info","message":{"auth":"[REDACTED]","method":"GET","msg":"request","timestamp":"2025-11-29T12:49:09.382Z","url":"/api/search-employee/u1001/details?system=saviynt-controls"},"timestamp":"2025-11-29T12:49:09.382Z"}
{"level":"info","message":{"auth":"[REDACTED]","method":"GET","msg":"request","timestamp":"2025-11-29T12:49:09.386Z","url":"/api/search-employee/ALICE.JOHNSON%40COMPANY.COM/details?system=saviynt-controls"},"timestamp":"2025-11-29T12:49:09.386Z"}
{"level":"info","message":{"auth":"[REDACTED]","method":"GET","msg":"request","timestamp":"2025-11-29T12:49:09.391Z","url":"/api/search-employee/U1001/details?system=saviynt-controls"},"timestamp":"2025-11-29T12:49:09.391Z"}
{"level":"info","message":{"auth":"[REDACTED]","method":"GET","msg":"request","timestamp":"2025-11-29T12:49:09.395Z","url":"/api/search-employee/alice.johnson%40company.com/details?system=saviynt-requests"},"timestamp":"2025-11-29T12:49:09.395Z"}
{"level":"info","message":{"auth":"[REDACTED]","method":"GET","msg":"request","timestamp":"2025-11-29T12:49:09.399Z","url":"/api/search-employee/u1001/details?system=saviynt-requests"},"timestamp":"2025-11-29T12:49:09.399Z"}
{"level":"info","message":{"auth":"[REDACTED]","method":"GET","msg":"request","timestamp":"2025-11-29T12:49:09.403Z","url":"/api/search-employee/ALICE.JOHNSON%40COMPANY.COM/details?system=saviynt-requests"},"timestamp":"2025-11-29T12:49:09.403Z"}
{"level":"info","message":{"auth":"[REDACTED]","method":"GET","msg":"request","timestamp":"2025-11-29T12:49:09.408Z","url":"/api/search-employee/U1001/details?system=saviynt-requests"},"timestamp":"2025-11-29T12:49:09.408Z"}
{"level":"info","message":{"auth":"[REDACTED]","method":"GET","msg":"request","timestamp":"2025-11-29T12:49:09.412Z","url":"/api/search-employee/alice.johnson%40company.com/details?system=saviynt-provisioning"},"timestamp":"2025-11-29T12:49:09.412Z"}
{"level":"info","message":{"auth":"[REDACTED]","method":"GET","msg":"request","timestamp":"2025-11-29T12:49:09.416Z","url":"/api/search-employee/u1001/details?system=saviynt-provisioning"},"timestamp":"2025-11-29T12:49:09.416Z"}
{"level":"info","message":{"auth":"[REDACTED]","method":"GET","msg":"request","timestamp":"2025-11-29T12:49:09.420Z","url":"/api/search-employee/ALICE.JOHNSON%40COMPANY.COM/details?system=saviynt-provisioning"},"timestamp":"2025-11-29T12:49:09.420Z"}
{"level":"info","message":{"auth":"[REDACTED]","method":"GET","msg":"request","timestamp":"2025-11-29T12:49:09.425Z","url":"/api/search-employee/U1001/details?system=saviynt-provisioning"},"timestamp":"2025-11-29T12:49:09.425Z"}
{"level":"info","message":{"auth":"[REDACTED]","method":"GET","msg":"request","timestamp":"2025-11-29T12:49:09.429Z","url":"/api/search-employee/alice.johnson%40company.com/details?system=azure-ad"},"timestamp":"2025-11-29T12:49:09.429Z"}
{"level":"info","message":{"auth":"[REDACTED]","method":"GET","msg":"request","timestamp":"2025-11-29T12:49:09.433Z","url":"/api/search-employee/u1001/details?system=azure-ad"},"timestamp":"2025-11-29T12:49:09.433Z"}
{"level":"info","message":{"auth":"[REDACTED]","method":"GET","msg":"request","timestamp":"2025-11-29T12:49:09.437Z","url":"/api/search-employee/ALICE.JOHNSON%40COMPANY.COM/details?system=azure-ad"},"timestamp":"2025-11-29T12:49:09.437Z"}
{"level":"info","message":{"auth":"[REDACTED]","method":"GET","msg":"request","timestamp":"2025-11-29T12:49:09.443Z","url":"/api/search-employee/U1001/details?system=azure-ad"},"timestamp":"2025-11-29T12:49:09.443Z"}
{"level":"info","message":{"auth":"[REDACTED]","method":"GET","msg":"request","timestamp":"2025-11-29T12:49:09.447Z","url":"/api/search-employee/alice.johnson%40company.com/details?system=azure-ad-users"},"timestamp":"2025-11-29T12:49:09.447Z"}
{"level":"info","message":{"auth":"[REDACTED]","method":"GET","msg":"request","timestamp":"2025-11-29T12:49:09.451Z","url":"/api/search-employee/u1001/details?system=azure-ad-users"},"timestamp":"2025-11-29T12:49:09.451Z"}
{"level":"info","message":{"auth":"[REDACTED]","method":"GET","msg":"request","timestamp":"2025-11-29T12:49:09.455Z","url":"/api/search-employee/ALICE.JOHNSON%40COMPANY.COM/details?system=azure-ad-users"},"timestamp":"2025-11-29T12:49:09.455Z"}
{"level":"info","message":{"auth":"[REDACTED]","method":"GET","msg":"request","timestamp":"2025-11-29T12:49:09.460Z","url":"/api/search-employee/U1001/details?system=azure-ad-users"},"timestamp":"2025-11-29T12:49:09.460Z"}
{"level":"info","message":{"auth":"[REDACTED]","method":"GET","msg":"request","timestamp":"2025-11-29T12:49:09.464Z","url":"/api/search-employee/alice.johnson%40company.com/details?system=azure-ad-groups"},"timestamp":"2025-11-29T12:49:09.464Z"}
{"level":"info","message":{"auth":"[REDACTED]","method":"GET","msg":"request","timestamp":"2025-11-29T12:49:09.468Z","url":"/api/search-employee/u1001/details?system=azure-ad-groups"},"timestamp":"2025-11-29T12:49:09.468Z"}
{"level":"info","message":{"auth":"[REDACTED]","method":"GET","msg":"request","timestamp":"2025-11-29T12:49:09.472Z","url":"/api/search-employee/ALICE.JOHNSON%40COMPANY.COM/details?system=azure-ad-groups"},"timestamp":"2025-11-29T12:49:09.472Z"}
{"level":"info","message":{"auth":"[REDACTED]","method":"GET","msg":"request","timestamp":"2025-11-29T12:49:09.477Z","url":"/api/search-employee/U1001/details?system=azure-ad-groups"},"timestamp":"2025-11-29T12:49:09.477Z"}
{"level":"info","message":{"auth":"[REDACTED]","method":"GET","msg":"request","timestamp":"2025-11-29T12:49:09.482Z","url":"/api/search-employee/alice.johnson%40company.com/details?system=azure-ad-apps"},"timestamp":"2025-11-29T12:49:09.482Z"}
{"level":"info","message":{"auth":"[REDACTED]","method":"GET","msg":"request","timestamp":"2025-11-29T12:49:09.487Z","url":"/api/search-employee/u1001/details?system=azure-ad-apps"},"timestamp":"2025-11-29T12:49:09.487Z"}
{"level":"info","message":{"auth":"[REDACTED]","method":"GET","msg":"request","timestamp":"2025-11-29T12:49:09.492Z","url":"/api/search-employee/ALICE.JOHNSON%40COMPANY.COM/details?system=azure-ad-apps"},"timestamp":"2025-11-29T12:49:09.492Z"}
{"level":"info","message":{"auth":"[REDACTED]","method":"GET","msg":"request","timestamp":"2025-11-29T12:49:09.496Z","url":"/api/search-employee/U1001/details?system=azure-ad-apps"},"timestamp":"2025-11-29T12:49:09.496Z"}
{"level":"info","message":{"auth":"[REDACTED]","method":"GET","msg":"request","timestamp":"2025-11-29T12:49:09.501Z","url":"/api/search-employee/alice.johnson%40company.com/details?system=azure-ad-conditional"},"timestamp":"2025-11-29T12:49:09.501Z"}
{"level":"info","message":{"auth":"[REDACTED]","method":"GET","msg":"request","timestamp":"2025-11-29T12:49:09.505Z","url":"/api/search-employee/u1001/details?system=azure-ad-conditional"},"timestamp":"2025-11-29T12:49:09.505Z"}
{"level":"info","message":{"auth":"[REDACTED]","method":"GET","msg":"request","timestamp":"2025-11-29T12:49:09.511Z","url":"/api/search-employee/ALICE.JOHNSON%40COMPANY.COM/details?system=azure-ad-conditional"},"timestamp":"2025-11-29T12:49:09.511Z"}
{"level":"info","message":{"auth":"[REDACTED]","method":"GET","msg":"request","timestamp":"2025-11-29T12:49:09.515Z","url":"/api/search-employee/U1001/details?system=azure-ad-conditional"},"timestamp":"2025-11-29T12:49:09.515Z"}
{"level":"info","message":{"auth":"[REDACTED]","method":"GET","msg":"request","timestamp":"2025-11-29T12:49:09.520Z","url":"/api/search-employee/alice.johnson%40company.com/details?system=azure-ad-signin"},"timestamp":"2025-11-29T12:49:09.520Z"}
{"level":"info","message":{"auth":"[REDACTED]","method":"GET","msg":"request","timestamp":"2025-11-29T12:49:09.526Z","url":"/api/search-employee/u1001/details?system=azure-ad-signin"},"timestamp":"2025-11-29T12:49:09.526Z"}
{"level":"info","message":{"auth":"[REDACTED]","method":"GET","msg":"request","timestamp":"2025-11-29T12:49:09.532Z","url":"/api/search-employee/ALICE.JOHNSON%40COMPANY.COM/details?system=azure-ad-signin"},"timestamp":"2025-11-29T12:49:09.532Z"}
{"level":"info","message":{"auth":"[REDACTED]","method":"GET","msg":"request","timestamp":"2025-11-29T12:49:09.536Z","url":"/api/search-employee/U1001/details?system=azure-ad-signin"},"timestamp":"2025-11-29T12:49:09.536Z"}
{"level":"info","message":{"auth":"[REDACTED]","method":"GET","msg":"request","timestamp":"2025-11-29T12:49:09.541Z","url":"/api/search-employee/alice.johnson%40company.com/details?system=saviynt-tpag"},"timestamp":"2025-11-29T12:49:09.541Z"}
{"level":"info","message":{"auth":"[REDACTED]","method":"GET","msg":"request","timestamp":"2025-11-29T12:49:09.545Z","url":"/api/search-employee/u1001/details?system=saviynt-tpag"},"timestamp":"2025-11-29T12:49:09.545Z"}
{"level":"info","message":{"auth":"[REDACTED]","method":"GET","msg":"request","timestamp":"2025-11-29T12:49:09.549Z","url":"/api/search-employee/ALICE.JOHNSON%40COMPANY.COM/details?system=saviynt-tpag"},"timestamp":"2025-11-29T12:49:09.549Z"}
{"level":"info","message":{"auth":"[REDACTED]","method":"GET","msg":"request","timestamp":"2025-11-29T12:50:26.181Z","url":"/api/ops-failures?system=ping-federate&minutes=10"},"timestamp":"2025-11-29T12:50:26.181Z"}
{"level":"info","message":{"auth":"[REDACTED]","method":"GET","msg":"request","timestamp":"2025-11-29T12:50:26.189Z","url":"/api/ops-failures?system=ping-mfa&minutes=10"},"timestamp":"2025-11-29T12:50:26.189Z"}
{"level":"info","message":{"auth":"[REDACTED]","method":"GET","msg":"request","timestamp":"2025-11-29T12:50:27.775Z","url":"/api/all-users"},"timestamp":"2025-11-29T12:50:27.775Z"}
{"level":"info","message":{"auth":"[REDACTED]","method":"GET","msg":"request","timestamp":"2025-11-29T12:50:27.807Z","url":"/api/search-employee/ian.chen%40company.com/details?system=ping-directory"},"timestamp":"2025-11-29T12:50:27.807Z"}
{"level":"info","message":{"auth":"[REDACTED]","method":"GET","msg":"request","timestamp":"2025-11-29T12:50:27.813Z","url":"/api/search-employee/u1009/details?system=ping-directory"},"timestamp":"2025-11-29T12:50:27.813Z"}
{"level":"info","message":{"auth":"[REDACTED]","method":"GET","msg":"request","timestamp":"2025-11-29T12:50:27.818Z","url":"/api/search-employee/IAN.CHEN%40COMPANY.COM/details?system=ping-directory"},"timestamp":"2025-11-29T12:50:27.818Z"}
{"level":"info","message":{"auth":"[REDACTED]","method":"GET","msg":"request","timestamp":"2025-11-29T12:50:27.824Z","url":"/api/search-employee/U1009/details?system=ping-directory"},"timestamp":"2025-11-29T12:50:27.824Z"}
{"level":"info","message":{"auth":"[REDACTED]","method":"GET","msg":"request","timestamp":"2025-11-29T12:50:27.828Z","url":"/api/search-employee/ian.chen%40company.com/details?system=ping-federate"},"timestamp":"2025-11-29T12:50:27.828Z"}
{"level":"info","message":{"auth":"[REDACTED]","method":"GET","msg":"request","timestamp":"2025-11-29T12:50:27.833Z","url":"/api/search-employee/u1009/details?system=ping-federate"},"timestamp":"2025-11-29T12:50:27.833Z"}
{"level":"info","message":{"auth":"[REDACTED]","method":"GET","msg":"request","timestamp":"2025-11-29T12:50:27.838Z","url":"/api/search-employee/IAN.CHEN%40COMPANY.COM/details?system=ping-federate"},"timestamp":"2025-11-29T12:50:27.838Z"}
{"level":"info","message":{"auth":"[REDACTED]","method":"GET","msg":"request","timestamp":"2025-11-29T12:50:27.844Z","url":"/api/search-employee/U1009/details?system=ping-federate"},"timestamp":"2025-11-29T12:50:27.844Z"}
{"level":"info","message":{"auth":"[REDACTED]","method":"GET","msg":"request","timestamp":"2025-11-29T12:50:27.850Z","url":"/api/search-employee/ian.chen%40company.com/details?system=ping-mfa"},"timestamp":"2025-11-29T12:50:27.850Z"}
{"level":"info","message":{"auth":"[REDACTED]","method":"GET","msg":"request","timestamp":"2025-11-29T12:50:27.857Z","url":"/api/search-employee/u1009/details?system=ping-mfa"},"timestamp":"2025-11-29T12:50:27.857Z"}
{"level":"info","message":{"auth":"[REDACTED]","method":"GET","msg":"request","timestamp":"2025-11-29T12:50:27.862Z","url":"/api/search-employee/IAN.CHEN%40COMPANY.COM/details?system=ping-mfa"},"timestamp":"2025-11-29T12:50:27.862Z"}
{"level":"info","message":{"auth":"[REDACTED]","method":"GET","msg":"request","timestamp":"2025-11-29T12:50:27.867Z","url":"/api/search-employee/U1009/details?system=ping-mfa"},"timestamp":"2025-11-29T12:50:27.867Z"}
{"level":"info","message":{"auth":"[REDACTED]","method":"GET","msg":"request","timestamp":"2025-11-29T12:50:27.873Z","url":"/api/search-employee/ian.chen%40company.com/details?system=ping-access"},"timestamp":"2025-11-29T12:50:27.873Z"}
{"level":"info","message":{"auth":"[REDACTED]","method":"GET","msg":"request","timestamp":"2025-11-29T12:50:27.879Z","url":"/api/search-employee/u1009/details?system=ping-access"},"timestamp":"2025-11-29T12:50:27.879Z"}
{"level":"info","message":{"auth":"[REDACTED]","method":"GET","msg":"request","timestamp":"2025-11-29T12:50:27.884Z","url":"/api/search-employee/IAN.CHEN%40COMPANY.COM/details?system=ping-access"},"timestamp":"2025-11-29T12:50:27.884Z"}
{"level":"info","message":{"auth":"[REDACTED]","method":"GET","msg":"request","timestamp":"2025-11-29T12:50:27.892Z","url":"/api/search-employee/U1009/details?system=ping-access"},"timestamp":"2025-11-29T12:50:27.892Z"}
{"level":"info","message":{"auth":"[REDACTED]","method":"GET","msg":"request","timestamp":"2025-11-29T12:50:27.897Z","url":"/api/search-employee/ian.chen%40company.com/details?system=ping-authorize"},"timestamp":"2025-11-29T12:50:27.897Z"}
{"level":"info","message":{"auth":"[REDACTED]","method":"GET","msg":"request","timestamp":"2025-11-29T12:50:27.901Z","url":"/api/search-employee/u1009/details?system=ping-authorize"},"timestamp":"2025-11-29T12:50:27.901Z"}
{"level":"info","message":{"auth":"[REDACTED]","method":"GET","msg":"request","timestamp":"2025-11-29T12:50:27.909Z","url":"/api/search-employee/IAN.CHEN%40COMPANY.COM/details?system=ping-authorize"},"timestamp":"2025-11-29T12:50:27.909Z"}
{"level":"info","message":{"auth":"[REDACTED]","method":"GET","msg":"request","timestamp":"2025-11-29T12:50:27.914Z","url":"/api/search-employee/U1009/details?system=ping-authorize"},"timestamp":"2025-11-29T12:50:27.914Z"}
{"level":"info","message":{"auth":"[REDACTED]","method":"GET","msg":"request","timestamp":"2025-11-29T12:50:27.918Z","url":"/api/search-employee/ian.chen%40company.com/details?system=ping-intelligence"},"timestamp":"2025-11-29T12:50:27.918Z"}
{"level":"info","message":{"auth":"[REDACTED]","method":"GET","msg":"request","timestamp":"2025-11-29T12:50:27.926Z","url":"/api/search-employee/u1009/details?system=ping-intelligence"},"timestamp":"2025-11-29T12:50:27.926Z"}
{"level":"info","message":{"auth":"[REDACTED]","method":"GET","msg":"request","timestamp":"2025-11-29T12:50:27.931Z","url":"/api/search-employee/IAN.CHEN%40COMPANY.COM/details?system=ping-intelligence"},"timestamp":"2025-11-29T12:50:27.931Z"}
{"level":"info","message":{"auth":"[REDACTED]","method":"GET","msg":"request","timestamp":"2025-11-29T12:50:27.935Z","url":"/api/search-employee/U1009/details?system=ping-intelligence"},"timestamp":"2025-11-29T12:50:27.935Z"}
{"level":"info","message":{"auth":"[REDACTED]","method":"GET","msg":"request","timestamp":"2025-11-29T12:50:27.944Z","url":"/api/search-employee/ian.chen%40company.com/details?system=cyberark"},"timestamp":"2025-11-29T12:50:27.944Z"}
{"level":"info","message":{"auth":"[REDACTED]","method":"GET","msg":"request","timestamp":"2025-11-29T12:50:27.949Z","url":"/api/search-employee/u1009/details?system=cyberark"},"timestamp":"2025-11-29T12:50:27.949Z"}
{"level":"info","message":{"auth":"[REDACTED]","method":"GET","msg":"request","timestamp":"2025-11-29T12:50:27.954Z","url":"/api/search-employee/IAN.CHEN%40COMPANY.COM/details?system=cyberark"},"timestamp":"2025-11-29T12:50:27.954Z"}
{"level":"info","message":{"auth":"[REDACTED]","method":"GET","msg":"request","timestamp":"2025-11-29T12:50:27.962Z","url":"/api/search-employee/U1009/details?system=cyberark"},"timestamp":"2025-11-29T12:50:27.962Z"}
{"level":"info","message":{"auth":"[REDACTED]","method":"GET","msg":"request","timestamp":"2025-11-29T12:50:27.966Z","url":"/api/search-employee/ian.chen%40company.com/details?system=cyberark-epm"},"timestamp":"2025-11-29T12:50:27.966Z"}
{"level":"info","message":{"auth":"[REDACTED]","method":"GET","msg":"request","timestamp":"2025-11-29T12:50:27.972Z","url":"/api/search-employee/u1009/details?system=cyberark-epm"},"timestamp":"2025-11-29T12:50:27.972Z"}
{"level":"info","message":{"auth":"[REDACTED]","method":"GET","msg":"request","timestamp":"2025-11-29T12:50:27.978Z","url":"/api/search-employee/IAN.CHEN%40COMPANY.COM/details?system=cyberark-epm"},"timestamp":"2025-11-29T12:50:27.978Z"}
{"level":"info","message":{"auth":"[REDACTED]","method":"GET","msg":"request","timestamp":"2025-11-29T12:50:27.982Z","url":"/api/search-employee/U1009/details?system=cyberark-epm"},"timestamp":"2025-11-29T12:50:27.982Z"}
{"level":"info","message":{"auth":"[REDACTED]","method":"GET","msg":"request","timestamp":"2025-11-29T12:50:27.988Z","url":"/api/search-employee/ian.chen%40company.com/details?system=cyberark-alero"},"timestamp":"2025-11-29T12:50:27.988Z"}
{"level":"info","message":{"auth":"[REDACTED]","method":"GET","msg":"request","timestamp":"2025-11-29T12:50:27.993Z","url":"/api/search-employee/u1009/details?system=cyberark-alero"},"timestamp":"2025-11-29T12:50:27.993Z"}
{"level":"info","message":{"auth":"[REDACTED]","method":"GET","msg":"request","timestamp":"2025-11-29T12:50:27.997Z","url":"/api/search-employee/IAN.CHEN%40COMPANY.COM/details?system=cyberark-alero"},"timestamp":"2025-11-29T12:50:27.997Z"}
{"level":"info","message":{"auth":"[REDACTED]","method":"GET","msg":"request","timestamp":"2025-11-29T12:50:28.001Z","url":"/api/search-employee/U1009/details?system=cyberark-alero"},"timestamp":"2025-11-29T12:50:28.001Z"}
{"level":"info","message":{"auth":"[REDACTED]","method":"GET","msg":"request","timestamp":"2025-11-29T12:50:28.008Z","url":"/api/search-employee/ian.chen%40company.com/details?system=cyberark-conjur"},"timestamp":"2025-11-29T12:50:28.008Z"}
{"level":"info","message":{"auth":"[REDACTED]","method":"GET","msg":"request","timestamp":"2025-11-29T12:50:28.012Z","url":"/api/search-employee/u1009/details?system=cyberark-conjur"},"timestamp":"2025-11-29T12:50:28.012Z"}
{"level":"info","message":{"auth":"[REDACTED]","method":"GET","msg":"request","timestamp":"2025-11-29T12:50:28.016Z","url":"/api/search-employee/IAN.CHEN%40COMPANY.COM/details?system=cyberark-conjur"},"timestamp":"2025-11-29T12:50:28.016Z"}
{"level":"info","message":{"auth":"[REDACTED]","method":"GET","msg":"request","timestamp":"2025-11-29T12:50:28.021Z","url":"/api/search-employee/U1009/details?system=cyberark-conjur"},"timestamp":"2025-11-29T12:50:28.021Z"}
{"level":"info","message":{"auth":"[REDACTED]","method":"GET","msg":"request","timestamp":"2025-11-29T12:50:28.026Z","url":"/api/search-employee/ian.chen%40company.com/details?system=cyberark-dpa"},"timestamp":"2025-11-29T12:50:28.026Z"}
{"level":"info","message":{"auth":"[REDACTED]","method":"GET","msg":"request","timestamp":"2025-11-29T12:50:28.030Z","url":"/api/search-employee/u1009/details?system=cyberark-dpa"},"timestamp":"2025-11-29T12:50:28.030Z"}
{"level":"info","message":{"auth":"[REDACTED]","method":"GET","msg":"request","timestamp":"2025-11-29T12:50:28.034Z","url":"/api/search-employee/IAN.CHEN%40COMPANY.COM/details?system=cyberark-dpa"},"timestamp":"2025-11-29T12:50:28.034Z"}
{"level":"info","message":{"auth":"[REDACTED]","method":"GET","msg":"request","timestamp":"2025-11-29T12:50:28.039Z","url":"/api/search-employee/U1009/details?system=cyberark-dpa"},"timestamp":"2025-11-29T12:50:28.039Z"}
{"level":"info","message":{"auth":"[REDACTED]","method":"GET","msg":"request","timestamp":"2025-11-29T12:50:28.043Z","url":"/api/search-employee/ian.chen%40company.com/details?system=cyberark-identity"},"timestamp":"2025-11-29T12:50:28.043Z"}
{"level":"info","message":{"auth":"[REDACTED]","method":"GET","msg":"request","timestamp":"2025-11-29T12:50:28.047Z","url":"/api/search-employee/u1009/details?system=cyberark-identity"},"timestamp":"2025-11-29T12:50:28.047Z"}
{"level":"info","message":{"auth":"[REDACTED]","method":"GET","msg":"request","timestamp":"2025-11-29T12:50:28.051Z","url":"/api/search-employee/IAN.CHEN%40COMPANY.COM/details?system=cyberark-identity"},"timestamp":"2025-11-29T12:50:28.051Z"}
{"level":"info","message":{"auth":"[REDACTED]","method":"GET","msg":"request","timestamp":"2025-11-29T12:50:28.056Z","url":"/api/search-employee/U1009/details?system=cyberark-identity"},"timestamp":"2025-11-29T12:50:28.056Z"}
{"level":"info","message":{"auth":"[REDACTED]","method":"GET","msg":"request","timestamp":"2025-11-29T12:50:28.060Z","url":"/api/search-employee/ian.chen%40company.com/details?system=saviynt"},"timestamp":"2025-11-29T12:50:28.060Z"}
{"level":"info","message":{"auth":"[REDACTED]","method":"GET","msg":"request","timestamp":"2025-11-29T12:50:28.064Z","url":"/api/search-employee/u1009/details?system=saviynt"},"timestamp":"2025-11-29T12:50:28.064Z"}
{"level":"info","message":{"auth":"[REDACTED]","method":"GET","msg":"request","timestamp":"2025-11-29T12:50:28.068Z","url":"/api/search-employee/IAN.CHEN%40COMPANY.COM/details?system=saviynt"},"timestamp":"2025-11-29T12:50:28.068Z"}
{"level":"info","message":{"auth":"[REDACTED]","method":"GET","msg":"request","timestamp":"2025-11-29T12:50:28.073Z","url":"/api/search-employee/U1009/details?system=saviynt"},"timestamp":"2025-11-29T12:50:28.073Z"}
{"level":"info","message":{"auth":"[REDACTED]","method":"GET","msg":"request","timestamp":"2025-11-29T12:50:28.077Z","url":"/api/search-employee/ian.chen%40company.com/details?system=saviynt-certifications"},"timestamp":"2025-11-29T12:50:28.077Z"}
{"level":"info","message":{"auth":"[REDACTED]","method":"GET","msg":"request","timestamp":"2025-11-29T12:50:28.081Z","url":"/api/search-employee/u1009/details?system=saviynt-certifications"},"timestamp":"2025-11-29T12:50:28.081Z"}
{"level":"info","message":{"auth":"[REDACTED]","method":"GET","msg":"request","timestamp":"2025-11-29T12:50:28.085Z","url":"/api/search-employee/IAN.CHEN%40COMPANY.COM/details?system=saviynt-certifications"},"timestamp":"2025-11-29T12:50:28.085Z"}
{"level":"info","message":{"auth":"[REDACTED]","method":"GET","msg":"request","timestamp":"2025-11-29T12:50:28.090Z","url":"/api/search-employee/U1009/details?system=saviynt-certifications"},"timestamp":"2025-11-29T12:50:28.090Z"}
{"level":"info","message":{"auth":"[REDACTED]","method":"GET","msg":"request","timestamp":"2025-11-29T12:50:28.094Z","url":"/api/search-employee/ian.chen%40company.com/details?system=saviynt-analytics"},"timestamp":"2025-11-29T12:50:28.094Z"}
{"level":"info","message":{"auth":"[REDACTED]","method":"GET","msg":"request","timestamp":"2025-11-29T12:50:28.098Z","url":"/api/search-employee/u1009/details?system=saviynt-analytics"},"timestamp":"2025-11-29T12:50:28.098Z"}
{"level":"info","message":{"auth":"[REDACTED]","method":"GET","msg":"request","timestamp":"2025-11-29T12:50:28.103Z","url":"/api/search-employee/IAN.CHEN%40COMPANY.COM/details?system=saviynt-analytics"},"timestamp":"2025-11-29T12:50:28.103Z"}
{"level":"info","message":{"auth":"[REDACTED]","method":"GET","msg":"request","timestamp":"2025-11-29T12:50:28.107Z","url":"/api/search-employee/U1009/details?system=saviynt-analytics"},"timestamp":"2025-11-29T12:50:28.107Z"}
{"level":"info","message":{"auth":"[REDACTED]","method":"GET","msg":"request","timestamp":"2025-11-29T12:50:28.111Z","url":"/api/search-employee/ian.chen%40company.com/details?system=saviynt-controls"},"timestamp":"2025-11-29T12:50:28.111Z"}
{"level":"info","message":{"auth":"[REDACTED]","method":"GET","msg":"request","timestamp":"2025-11-29T12:50:28.115Z","url":"/api/search-employee/u1009/details?system=saviynt-controls"},"timestamp":"2025-11-29T12:50:28.115Z"}
{"level":"info","message":{"auth":"[REDACTED]","method":"GET","msg":"request","timestamp":"2025-11-29T12:50:28.120Z","url":"/api/search-employee/IAN.CHEN%40COMPANY.COM/details?system=saviynt-controls"},"timestamp":"2025-11-29T12:50:28.120Z"}
{"level":"info","message":{"auth":"[REDACTED]","method":"GET","msg":"request","timestamp":"2025-11-29T12:50:28.125Z","url":"/api/search-employee/U1009/details?system=saviynt-controls"},"timestamp":"2025-11-29T12:50:28.125Z"}
{"level":"info","message":{"auth":"[REDACTED]","method":"GET","msg":"request","timestamp":"2025-11-29T12:50:28.129Z","url":"/api/search-employee/ian.chen%40company.com/details?system=saviynt-requests"},"timestamp":"2025-11-29T12:50:28.129Z"}
{"level":"info","message":{"auth":"[REDACTED]","method":"GET","msg":"request","timestamp":"2025-11-29T12:50:28.133Z","url":"/api/search-employee/u1009/details?system=saviynt-requests"},"timestamp":"2025-11-29T12:50:28.133Z"}
{"level":"info","message":{"auth":"[REDACTED]","method":"GET","msg":"request","timestamp":"2025-11-29T12:50:28.138Z","url":"/api/search-employee/IAN.CHEN%40COMPANY.COM/details?system=saviynt-requests"},"timestamp":"2025-11-29T12:50:28.138Z"}
{"level":"info","message":{"auth":"[REDACTED]","method":"GET","msg":"request","timestamp":"2025-11-29T12:50:28.142Z","url":"/api/search-employee/U1009/details?system=saviynt-requests"},"timestamp":"2025-11-29T12:50:28.142Z"}
{"level":"info","message":{"auth":"[REDACTED]","method":"GET","msg":"request","timestamp":"2025-11-29T12:50:28.146Z","url":"/api/search-employee/ian.chen%40company.com/details?system=saviynt-provisioning"},"timestamp":"2025-11-29T12:50:28.146Z"}
{"level":"info","message":{"auth":"[REDACTED]","method":"GET","msg":"request","timestamp":"2025-11-29T12:50:28.150Z","url":"/api/search-employee/u1009/details?system=saviynt-provisioning"},"timestamp":"2025-11-29T12:50:28.150Z"}
{"level":"info","message":{"auth":"[REDACTED]","method":"GET","msg":"request","timestamp":"2025-11-29T12:50:28.155Z","url":"/api/search-employee/IAN.CHEN%40COMPANY.COM/details?system=saviynt-provisioning"},"timestamp":"2025-11-29T12:50:28.155Z"}
{"level":"info","message":{"auth":"[REDACTED]","method":"GET","msg":"request","timestamp":"2025-11-29T12:50:28.159Z","url":"/api/search-employee/U1009/details?system=saviynt-provisioning"},"timestamp":"2025-11-29T12:50:28.159Z"}
{"level":"info","message":{"auth":"[REDACTED]","method":"GET","msg":"request","timestamp":"2025-11-29T12:50:28.164Z","url":"/api/search-employee/ian.chen%40company.com/details?system=azure-ad"},"timestamp":"2025-11-29T12:50:28.164Z"}
{"level":"info","message":{"auth":"[REDACTED]","method":"GET","msg":"request","timestamp":"2025-11-29T12:50:28.168Z","url":"/api/search-employee/u1009/details?system=azure-ad"},"timestamp":"2025-11-29T12:50:28.168Z"}
{"level":"info","message":{"auth":"[REDACTED]","method":"GET","msg":"request","timestamp":"2025-11-29T12:50:28.173Z","url":"/api/search-employee/IAN.CHEN%40COMPANY.COM/details?system=azure-ad"},"timestamp":"2025-11-29T12:50:28.174Z"}
{"level":"info","message":{"auth":"[REDACTED]","method":"GET","msg":"request","timestamp":"2025-11-29T12:50:28.178Z","url":"/api/search-employee/U1009/details?system=azure-ad"},"timestamp":"2025-11-29T12:50:28.178Z"}
{"level":"info","message":{"auth":"[REDACTED]","method":"GET","msg":"request","timestamp":"2025-11-29T12:50:28.182Z","url":"/api/search-employee/ian.chen%40company.com/details?system=azure-ad-users"},"timestamp":"2025-11-29T12:50:28.182Z"}
{"level":"info","message":{"auth":"[REDACTED]","method":"GET","msg":"request","timestamp":"2025-11-29T12:50:28.186Z","url":"/api/search-employee/u1009/details?system=azure-ad-users"},"timestamp":"2025-11-29T12:50:28.186Z"}
{"level":"info","message":{"auth":"[REDACTED]","method":"GET","msg":"request","timestamp":"2025-11-29T12:50:28.192Z","url":"/api/search-employee/IAN.CHEN%40COMPANY.COM/details?system=azure-ad-users"},"timestamp":"2025-11-29T12:50:28.192Z"}
{"level":"info","message":{"auth":"[REDACTED]","method":"GET","msg":"request","timestamp":"2025-11-29T12:50:28.196Z","url":"/api/search-employee/U1009/details?system=azure-ad-users"},"timestamp":"2025-11-29T12:50:28.196Z"}
{"level":"info","message":{"auth":"[REDACTED]","method":"GET","msg":"request","timestamp":"2025-11-29T12:50:28.200Z","url":"/api/search-employee/ian.chen%40company.com/details?system=azure-ad-groups"},"timestamp":"2025-11-29T12:50:28.200Z"}
{"level":"info","message":{"auth":"[REDACTED]","method":"GET","msg":"request","timestamp":"2025-11-29T12:50:28.205Z","url":"/api/search-employee/u1009/details?system=azure-ad-groups"},"timestamp":"2025-11-29T12:50:28.205Z"}
{"level":"info","message":{"auth":"[REDACTED]","method":"GET","msg":"request","timestamp":"2025-11-29T12:50:28.209Z","url":"/api/search-employee/IAN.CHEN%40COMPANY.COM/details?system=azure-ad-groups"},"timestamp":"2025-11-29T12:50:28.209Z"}
{"level":"info","message":{"auth":"[REDACTED]","method":"GET","msg":"request","timestamp":"2025-11-29T12:50:28.213Z","url":"/api/search-employee/U1009/details?system=azure-ad-groups"},"timestamp":"2025-11-29T12:50:28.213Z"}
{"level":"info","message":{"auth":"[REDACTED]","method":"GET","msg":"request","timestamp":"2025-11-29T12:50:28.217Z","url":"/api/search-employee/ian.chen%40company.com/details?system=azure-ad-apps"},"timestamp":"2025-11-29T12:50:28.217Z"}
{"level":"info","message":{"auth":"[REDACTED]","method":"GET","msg":"request","timestamp":"2025-11-29T12:50:28.222Z","url":"/api/search-employee/u1009/details?system=azure-ad-apps"},"timestamp":"2025-11-29T12:50:28.222Z"}
{"level":"info","message":{"auth":"[REDACTED]","method":"GET","msg":"request","timestamp":"2025-11-29T12:50:28.226Z","url":"/api/search-employee/IAN.CHEN%40COMPANY.COM/details?system=azure-ad-apps"},"timestamp":"2025-11-29T12:50:28.226Z"}
{"level":"info","message":{"auth":"[REDACTED]","method":"GET","msg":"request","timestamp":"2025-11-29T12:50:28.230Z","url":"/api/search-employee/U1009/details?system=azure-ad-apps"},"timestamp":"2025-11-29T12:50:28.230Z"}
{"level":"info","message":{"auth":"[REDACTED]","method":"GET","msg":"request","timestamp":"2025-11-29T12:50:28.234Z","url":"/api/search-employee/ian.chen%40company.com/details?system=azure-ad-conditional"},"timestamp":"2025-11-29T12:50:28.234Z"}
{"level":"info","message":{"auth":"[REDACTED]","method":"GET","msg":"request","timestamp":"2025-11-29T12:50:28.239Z","url":"/api/search-employee/u1009/details?system=azure-ad-conditional"},"timestamp":"2025-11-29T12:50:28.239Z"}
{"level":"info","message":{"auth":"[REDACTED]","method":"GET","msg":"request","timestamp":"2025-11-29T12:50:28.243Z","url":"/api/search-employee/IAN.CHEN%40COMPANY.COM/details?system=azure-ad-conditional"},"timestamp":"2025-11-29T12:50:28.243Z"}
{"level":"info","message":{"auth":"[REDACTED]","method":"GET","msg":"request","timestamp":"2025-11-29T12:50:28.247Z","url":"/api/search-employee/U1009/details?system=azure-ad-conditional"},"timestamp":"2025-11-29T12:50:28.247Z"}
{"level":"info","message":{"auth":"[REDACTED]","method":"GET","msg":"request","timestamp":"2025-11-29T12:50:28.251Z","url":"/api/search-employee/ian.chen%40company.com/details?system=azure-ad-signin"},"timestamp":"2025-11-29T12:50:28.251Z"}
{"level":"info","message":{"auth":"[REDACTED]","method":"GET","msg":"request","timestamp":"2025-11-29T12:50:28.257Z","url":"/api/search-employee/u1009/details?system=azure-ad-signin"},"timestamp":"2025-11-29T12:50:28.257Z"}
{"level":"info","message":{"auth":"[REDACTED]","method":"GET","msg":"request","timestamp":"2025-11-29T12:50:28.260Z","url":"/api/search-employee/IAN.CHEN%40COMPANY.COM/details?system=azure-ad-signin"},"timestamp":"2025-11-29T12:50:28.260Z"}
{"level":"info","message":{"auth":"[REDACTED]","method":"GET","msg":"request","timestamp":"2025-11-29T12:50:28.265Z","url":"/api/search-employee/U1009/details?system=azure-ad-signin"},"timestamp":"2025-11-29T12:50:28.265Z"}
{"level":"info","message":{"auth":"[REDACTED]","method":"GET","msg":"request","timestamp":"2025-11-29T12:50:28.271Z","url":"/api/search-employee/ian.chen%40company.com/details?system=saviynt-tpag"},"timestamp":"2025-11-29T12:50:28.271Z"}
{"level":"info","message":{"auth":"[REDACTED]","method":"GET","msg":"request","timestamp":"2025-11-29T12:51:33.196Z","url":"/api/search-employee/u1009/details?system=ping-mfa"},"timestamp":"2025-11-29T12:51:33.196Z"}
{"level":"info","message":{"auth":"[REDACTED]","method":"GET","msg":"request","timestamp":"2025-11-29T12:51:36.584Z","url":"/api/search-employee/u1009/details?system=ping-directory"},"timestamp":"2025-11-29T12:51:36.584Z"}
{"level":"info","message":{"auth":"[REDACTED]","method":"GET","msg":"request","timestamp":"2025-11-29T12:55:56.822Z","url":"/api/all-users"},"timestamp":"2025-11-29T12:55:56.822Z"}
{"level":"info","message":{"auth":"[REDACTED]","method":"GET","msg":"request","timestamp":"2025-11-29T12:55:56.844Z","url":"/api/search-employee/ian.chen%40company.com/details?system=ping-directory"},"timestamp":"2025-11-29T12:55:56.844Z"}
{"level":"info","message":{"auth":"[REDACTED]","method":"GET","msg":"request","timestamp":"2025-11-29T12:55:56.854Z","url":"/api/search-employee/u1009/details?system=ping-directory"},"timestamp":"2025-11-29T12:55:56.854Z"}
{"level":"info","message":{"auth":"[REDACTED]","method":"GET","msg":"request","timestamp":"2025-11-29T12:55:56.862Z","url":"/api/search-employee/IAN.CHEN%40COMPANY.COM/details?system=ping-directory"},"timestamp":"2025-11-29T12:55:56.862Z"}
{"level":"info","message":{"auth":"[REDACTED]","method":"GET","msg":"request","timestamp":"2025-11-29T12:55:56.869Z","url":"/api/search-employee/U1009/details?system=ping-directory"},"timestamp":"2025-11-29T12:55:56.869Z"}
{"level":"info","message":{"auth":"[REDACTED]","method":"GET","msg":"request","timestamp":"2025-11-29T12:55:56.878Z","url":"/api/search-employee/ian.chen%40company.com/details?system=ping-federate"},"timestamp":"2025-11-29T12:55:56.878Z"}
{"level":"info","message":{"auth":"[REDACTED]","method":"GET","msg":"request","timestamp":"2025-11-29T12:55:56.883Z","url":"/api/search-employee/u1009/details?system=ping-federate"},"timestamp":"2025-11-29T12:55:56.883Z"}
{"level":"info","message":{"auth":"[REDACTED]","method":"GET","msg":"request","timestamp":"2025-11-29T12:55:56.892Z","url":"/api/search-employee/IAN.CHEN%40COMPANY.COM/details?system=ping-federate"},"timestamp":"2025-11-29T12:55:56.892Z"}
{"level":"info","message":{"auth":"[REDACTED]","method":"GET","msg":"request","timestamp":"2025-11-29T12:55:56.898Z","url":"/api/search-employee/U1009/details?system=ping-federate"},"timestamp":"2025-11-29T12:55:56.898Z"}
{"level":"info","message":{"auth":"[REDACTED]","method":"GET","msg":"request","timestamp":"2025-11-29T12:55:56.905Z","url":"/api/search-employee/ian.chen%40company.com/details?system=ping-mfa"},"timestamp":"2025-11-29T12:55:56.905Z"}
{"level":"info","message":{"auth":"[REDACTED]","method":"GET","msg":"request","timestamp":"2025-11-29T12:55:56.912Z","url":"/api/search-employee/u1009/details?system=ping-mfa"},"timestamp":"2025-11-29T12:55:56.912Z"}
{"level":"info","message":{"auth":"[REDACTED]","method":"GET","msg":"request","timestamp":"2025-11-29T12:55:56.917Z","url":"/api/search-employee/IAN.CHEN%40COMPANY.COM/details?system=ping-mfa"},"timestamp":"2025-11-29T12:55:56.917Z"}
{"level":"info","message":{"auth":"[REDACTED]","method":"GET","msg":"request","timestamp":"2025-11-29T12:55:56.925Z","url":"/api/search-employee/U1009/details?system=ping-mfa"},"timestamp":"2025-11-29T12:55:56.926Z"}
{"level":"info","message":{"auth":"[REDACTED]","method":"GET","msg":"request","timestamp":"2025-11-29T12:55:56.931Z","url":"/api/search-employee/ian.chen%40company.com/details?system=ping-access"},"timestamp":"2025-11-29T12:55:56.931Z"}
{"level":"info","message":{"auth":"[REDACTED]","method":"GET","msg":"request","timestamp":"2025-11-29T12:55:56.938Z","url":"/api/search-employee/u1009/details?system=ping-access"},"timestamp":"2025-11-29T12:55:56.938Z"}
{"level":"info","message":{"auth":"[REDACTED]","method":"GET","msg":"request","timestamp":"2025-11-29T12:55:56.949Z","url":"/api/search-employee/IAN.CHEN%40COMPANY.COM/details?system=ping-access"},"timestamp":"2025-11-29T12:55:56.949Z"}
{"level":"info","message":{"auth":"[REDACTED]","method":"GET","msg":"request","timestamp":"2025-11-29T12:55:56.956Z","url":"/api/search-employee/U1009/details?system=ping-access"},"timestamp":"2025-11-29T12:55:56.956Z"}
{"level":"info","message":{"auth":"[REDACTED]","method":"GET","msg":"request","timestamp":"2025-11-29T12:55:56.962Z","url":"/api/search-employee/ian.chen%40company.com/details?system=ping-authorize"},"timestamp":"2025-11-29T12:55:56.962Z"}
{"level":"info","message":{"auth":"[REDACTED]","method":"GET","msg":"request","timestamp":"2025-11-29T12:55:56.968Z","url":"/api/search-employee/u1009/details?system=ping-authorize"},"timestamp":"2025-11-29T12:55:56.968Z"}
{"level":"info","message":{"auth":"[REDACTED]","method":"GET","msg":"request","timestamp":"2025-11-29T12:55:56.975Z","url":"/api/search-employee/IAN.CHEN%40COMPANY.COM/details?system=ping-authorize"},"timestamp":"2025-11-29T12:55:56.975Z"}
{"level":"info","message":{"auth":"[REDACTED]","method":"GET","msg":"request","timestamp":"2025-11-29T12:55:56.980Z","url":"/api/search-employee/U1009/details?system=ping-authorize"},"timestamp":"2025-11-29T12:55:56.980Z"}
{"level":"info","message":{"auth":"[REDACTED]","method":"GET","msg":"request","timestamp":"2025-11-29T12:55:56.986Z","url":"/api/search-employee/ian.chen%40company.com/details?system=ping-intelligence"},"timestamp":"2025-11-29T12:55:56.986Z"}
{"level":"info","message":{"auth":"[REDACTED]","method":"GET","msg":"request","timestamp":"2025-11-29T12:55:56.994Z","url":"/api/search-employee/u1009/details?system=ping-intelligence"},"timestamp":"2025-11-29T12:55:56.994Z"}
{"level":"info","message":{"auth":"[REDACTED]","method":"GET","msg":"request","timestamp":"2025-11-29T12:55:56.998Z","url":"/api/search-employee/IAN.CHEN%40COMPANY.COM/details?system=ping-intelligence"},"timestamp":"2025-11-29T12:55:56.998Z"}
{"level":"info","message":{"auth":"[REDACTED]","method":"GET","msg":"request","timestamp":"2025-11-29T12:55:57.004Z","url":"/api/search-employee/U1009/details?system=ping-intelligence"},"timestamp":"2025-11-29T12:55:57.004Z"}
{"level":"info","message":{"auth":"[REDACTED]","method":"GET","msg":"request","timestamp":"2025-11-29T12:55:57.009Z","url":"/api/search-employee/ian.chen%40company.com/details?system=cyberark"},"timestamp":"2025-11-29T12:55:57.009Z"}
{"level":"info","message":{"auth":"[REDACTED]","method":"GET","msg":"request","timestamp":"2025-11-29T12:55:57.013Z","url":"/api/search-employee/u1009/details?system=cyberark"},"timestamp":"2025-11-29T12:55:57.013Z"}
{"level":"info","message":{"auth":"[REDACTED]","method":"GET","msg":"request","timestamp":"2025-11-29T12:55:57.019Z","url":"/api/search-employee/IAN.CHEN%40COMPANY.COM/details?system=cyberark"},"timestamp":"2025-11-29T12:55:57.019Z"}
{"level":"info","message":{"auth":"[REDACTED]","method":"GET","msg":"request","timestamp":"2025-11-29T12:55:57.025Z","url":"/api/search-employee/U1009/details?system=cyberark"},"timestamp":"2025-11-29T12:55:57.025Z"}
{"level":"info","message":{"auth":"[REDACTED]","method":"GET","msg":"request","timestamp":"2025-11-29T12:55:57.029Z","url":"/api/search-employee/ian.chen%40company.com/details?system=cyberark-epm"},"timestamp":"2025-11-29T12:55:57.029Z"}
{"level":"info","message":{"auth":"[REDACTED]","method":"GET","msg":"request","timestamp":"2025-11-29T12:55:57.033Z","url":"/api/search-employee/u1009/details?system=cyberark-epm"},"timestamp":"2025-11-29T12:55:57.033Z"}
{"level":"info","message":{"auth":"[REDACTED]","method":"GET","msg":"request","timestamp":"2025-11-29T12:55:57.041Z","url":"/api/search-employee/IAN.CHEN%40COMPANY.COM/details?system=cyberark-epm"},"timestamp":"2025-11-29T12:55:57.041Z"}
{"level":"info","message":{"auth":"[REDACTED]","method":"GET","msg":"request","timestamp":"2025-11-29T12:55:57.045Z","url":"/api/search-employee/U1009/details?system=cyberark-epm"},"timestamp":"2025-11-29T12:55:57.045Z"}
{"level":"info","message":{"auth":"[REDACTED]","method":"GET","msg":"request","timestamp":"2025-11-29T12:55:57.049Z","url":"/api/search-employee/ian.chen%40company.com/details?system=cyberark-alero"},"timestamp":"2025-11-29T12:55:57.049Z"}
{"level":"info","message":{"auth":"[REDACTED]","method":"GET","msg":"request","timestamp":"2025-11-29T12:55:57.057Z","url":"/api/search-employee/u1009/details?system=cyberark-alero"},"timestamp":"2025-11-29T12:55:57.057Z"}
{"level":"info","message":{"auth":"[REDACTED]","method":"GET","msg":"request","timestamp":"2025-11-29T12:55:57.061Z","url":"/api/search-employee/IAN.CHEN%40COMPANY.COM/details?system=cyberark-alero"},"timestamp":"2025-11-29T12:55:57.061Z"}
{"level":"info","message":{"auth":"[REDACTED]","method":"GET","msg":"request","timestamp":"2025-11-29T12:55:57.066Z","url":"/api/search-employee/U1009/details?system=cyberark-alero"},"timestamp":"2025-11-29T12:55:57.066Z"}
{"level":"info","message":{"auth":"[REDACTED]","method":"GET","msg":"request","timestamp":"2025-11-29T12:55:57.079Z","url":"/api/search-employee/ian.chen%40company.com/details?system=cyberark-conjur"},"timestamp":"2025-11-29T12:55:57.079Z"}
{"level":"info","message":{"auth":"[REDACTED]","method":"GET","msg":"request","timestamp":"2025-11-29T12:55:57.085Z","url":"/api/search-employee/u1009/details?system=cyberark-conjur"},"timestamp":"2025-11-29T12:55:57.085Z"}
{"level":"info","message":{"auth":"[REDACTED]","method":"GET","msg":"request","timestamp":"2025-11-29T12:55:57.089Z","url":"/api/search-employee/IAN.CHEN%40COMPANY.COM/details?system=cyberark-conjur"},"timestamp":"2025-11-29T12:55:57.089Z"}
{"level":"info","message":{"auth":"[REDACTED]","method":"GET","msg":"request","timestamp":"2025-11-29T12:55:57.093Z","url":"/api/search-employee/U1009/details?system=cyberark-conjur"},"timestamp":"2025-11-29T12:55:57.093Z"}
{"level":"info","message":{"auth":"[REDACTED]","method":"GET","msg":"request","timestamp":"2025-11-29T12:55:57.097Z","url":"/api/search-employee/ian.chen%40company.com/details?system=cyberark-dpa"},"timestamp":"2025-11-29T12:55:57.097Z"}
{"level":"info","message":{"auth":"[REDACTED]","method":"GET","msg":"request","timestamp":"2025-11-29T12:55:57.103Z","url":"/api/search-employee/u1009/details?system=cyberark-dpa"},"timestamp":"2025-11-29T12:55:57.103Z"}
{"level":"info","message":{"auth":"[REDACTED]","method":"GET","msg":"request","timestamp":"2025-11-29T12:55:57.109Z","url":"/api/search-employee/IAN.CHEN%40COMPANY.COM/details?system=cyberark-dpa"},"timestamp":"2025-11-29T12:55:57.109Z"}
{"level":"info","message":{"auth":"[REDACTED]","method":"GET","msg":"request","timestamp":"2025-11-29T12:55:57.112Z","url":"/api/search-employee/U1009/details?system=cyberark-dpa"},"timestamp":"2025-11-29T12:55:57.112Z"}
{"level":"info","message":{"auth":"[REDACTED]","method":"GET","msg":"request","timestamp":"2025-11-29T12:55:57.117Z","url":"/api/search-employee/ian.chen%40company.com/details?system=cyberark-identity"},"timestamp":"2025-11-29T12:55:57.117Z"}
{"level":"info","message":{"auth":"[REDACTED]","method":"GET","msg":"request","timestamp":"2025-11-29T12:55:57.122Z","url":"/api/search-employee/u1009/details?system=cyberark-identity"},"timestamp":"2025-11-29T12:55:57.122Z"}
{"level":"info","message":{"auth":"[REDACTED]","method":"GET","msg":"request","timestamp":"2025-11-29T12:55:57.126Z","url":"/api/search-employee/IAN.CHEN%40COMPANY.COM/details?system=cyberark-identity"},"timestamp":"2025-11-29T12:55:57.126Z"}
{"level":"info","message":{"auth":"[REDACTED]","method":"GET","msg":"request","timestamp":"2025-11-29T12:55:57.130Z","url":"/api/search-employee/U1009/details?system=cyberark-identity"},"timestamp":"2025-11-29T12:55:57.130Z"}
{"level":"info","message":{"auth":"[REDACTED]","method":"GET","msg":"request","timestamp":"2025-11-29T12:55:57.135Z","url":"/api/search-employee/ian.chen%40company.com/details?system=saviynt"},"timestamp":"2025-11-29T12:55:57.135Z"}
{"level":"info","message":{"auth":"[REDACTED]","method":"GET","msg":"request","timestamp":"2025-11-29T12:55:57.139Z","url":"/api/search-employee/u1009/details?system=saviynt"},"timestamp":"2025-11-29T12:55:57.139Z"}
{"level":"info","message":{"auth":"[REDACTED]","method":"GET","msg":"request","timestamp":"2025-11-29T12:55:57.143Z","url":"/api/search-employee/IAN.CHEN%40COMPANY.COM/details?system=saviynt"},"timestamp":"2025-11-29T12:55:57.143Z"}
{"level":"info","message":{"auth":"[REDACTED]","method":"GET","msg":"request","timestamp":"2025-11-29T12:55:57.147Z","url":"/api/search-employee/U1009/details?system=saviynt"},"timestamp":"2025-11-29T12:55:57.147Z"}
{"level":"info","message":{"auth":"[REDACTED]","method":"GET","msg":"request","timestamp":"2025-11-29T12:55:57.153Z","url":"/api/search-employee/ian.chen%40company.com/details?system=saviynt-certifications"},"timestamp":"2025-11-29T12:55:57.153Z"}
{"level":"info","message":{"auth":"[REDACTED]","method":"GET","msg":"request","timestamp":"2025-11-29T12:55:57.158Z","url":"/api/search-employee/u1009/details?system=saviynt-certifications"},"timestamp":"2025-11-29T12:55:57.158Z"}
{"level":"info","message":{"auth":"[REDACTED]","method":"GET","msg":"request","timestamp":"2025-11-29T12:55:57.162Z","url":"/api/search-employee/IAN.CHEN%40COMPANY.COM/details?system=saviynt-certifications"},"timestamp":"2025-11-29T12:55:57.162Z"}
{"level":"info","message":{"auth":"[REDACTED]","method":"GET","msg":"request","timestamp":"2025-11-29T12:55:57.166Z","url":"/api/search-employee/U1009/details?system=saviynt-certifications"},"timestamp":"2025-11-29T12:55:57.166Z"}
{"level":"info","message":{"auth":"[REDACTED]","method":"GET","msg":"request","timestamp":"2025-11-29T12:55:57.172Z","url":"/api/search-employee/ian.chen%40company.com/details?system=saviynt-analytics"},"timestamp":"2025-11-29T12:55:57.172Z"}
{"level":"info","message":{"auth":"[REDACTED]","method":"GET","msg":"request","timestamp":"2025-11-29T12:55:57.176Z","url":"/api/search-employee/u1009/details?system=saviynt-analytics"},"timestamp":"2025-11-29T12:55:57.176Z"}
{"level":"info","message":{"auth":"[REDACTED]","method":"GET","msg":"request","timestamp":"2025-11-29T12:55:57.180Z","url":"/api/search-employee/IAN.CHEN%40COMPANY.COM/details?system=saviynt-analytics"},"timestamp":"2025-11-29T12:55:57.180Z"}
{"level":"info","message":{"auth":"[REDACTED]","method":"GET","msg":"request","timestamp":"2025-11-29T12:55:57.185Z","url":"/api/search-employee/U1009/details?system=saviynt-analytics"},"timestamp":"2025-11-29T12:55:57.185Z"}
{"level":"info","message":{"auth":"[REDACTED]","method":"GET","msg":"request","timestamp":"2025-11-29T12:55:57.190Z","url":"/api/search-employee/ian.chen%40company.com/details?system=saviynt-controls"},"timestamp":"2025-11-29T12:55:57.190Z"}
{"level":"info","message":{"auth":"[REDACTED]","method":"GET","msg":"request","timestamp":"2025-11-29T12:55:57.194Z","url":"/api/search-employee/u1009/details?system=saviynt-controls"},"timestamp":"2025-11-29T12:55:57.194Z"}
{"level":"info","message":{"auth":"[REDACTED]","method":"GET","msg":"request","timestamp":"2025-11-29T12:55:57.198Z","url":"/api/search-employee/IAN.CHEN%40COMPANY.COM/details?system=saviynt-controls"},"timestamp":"2025-11-29T12:55:57.198Z"}
{"level":"info","message":{"auth":"[REDACTED]","method":"GET","msg":"request","timestamp":"2025-11-29T12:55:57.204Z","url":"/api/search-employee/U1009/details?system=saviynt-controls"},"timestamp":"2025-11-29T12:55:57.204Z"}
{"level":"info","message":{"auth":"[REDACTED]","method":"GET","msg":"request","timestamp":"2025-11-29T12:55:57.209Z","url":"/api/search-employee/ian.chen%40company.com/details?system=saviynt-requests"},"timestamp":"2025-11-29T12:55:57.209Z"}
{"level":"info","message":{"auth":"[REDACTED]","method":"GET","msg":"request","timestamp":"2025-11-29T12:55:57.212Z","url":"/api/search-employee/u1009/details?system=saviynt-requests"},"timestamp":"2025-11-29T12:55:57.212Z"}
{"level":"info","message":{"auth":"[REDACTED]","method":"GET","msg":"request","timestamp":"2025-11-29T12:55:57.218Z","url":"/api/search-employee/IAN.CHEN%40COMPANY.COM/details?system=saviynt-requests"},"timestamp":"2025-11-29T12:55:57.218Z"}
{"level":"info","message":{"auth":"[REDACTED]","method":"GET","msg":"request","timestamp":"2025-11-29T12:55:57.223Z","url":"/api/search-employee/U1009/details?system=saviynt-requests"},"timestamp":"2025-11-29T12:55:57.223Z"}
{"level":"info","message":{"auth":"[REDACTED]","method":"GET","msg":"request","timestamp":"2025-11-29T12:55:57.227Z","url":"/api/search-employee/ian.chen%40company.com/details?system=saviynt-provisioning"},"timestamp":"2025-11-29T12:55:57.227Z"}
{"level":"info","message":{"auth":"[REDACTED]","method":"GET","msg":"request","timestamp":"2025-11-29T12:55:57.231Z","url":"/api/search-employee/u1009/details?system=saviynt-provisioning"},"timestamp":"2025-11-29T12:55:57.231Z"}
{"level":"info","message":{"auth":"[REDACTED]","method":"GET","msg":"request","timestamp":"2025-11-29T12:55:57.237Z","url":"/api/search-employee/IAN.CHEN%40COMPANY.COM/details?system=saviynt-provisioning"},"timestamp":"2025-11-29T12:55:57.237Z"}
{"level":"info","message":{"auth":"[REDACTED]","method":"GET","msg":"request","timestamp":"2025-11-29T12:55:57.241Z","url":"/api/search-employee/U1009/details?system=saviynt-provisioning"},"timestamp":"2025-11-29T12:55:57.241Z"}
{"level":"info","message":{"auth":"[REDACTED]","method":"GET","msg":"request","timestamp":"2025-11-29T12:55:57.245Z","url":"/api/search-employee/ian.chen%40company.com/details?system=azure-ad"},"timestamp":"2025-11-29T12:55:57.245Z"}
{"level":"info","message":{"auth":"[REDACTED]","method":"GET","msg":"request","timestamp":"2025-11-29T12:55:57.249Z","url":"/api/search-employee/u1009/details?system=azure-ad"},"timestamp":"2025-11-29T12:55:57.249Z"}
{"level":"info","message":{"auth":"[REDACTED]","method":"GET","msg":"request","timestamp":"2025-11-29T12:55:57.255Z","url":"/api/search-employee/IAN.CHEN%40COMPANY.COM/details?system=azure-ad"},"timestamp":"2025-11-29T12:55:57.255Z"}
{"level":"info","message":{"auth":"[REDACTED]","method":"GET","msg":"request","timestamp":"2025-11-29T12:55:57.260Z","url":"/api/search-employee/U1009/details?system=azure-ad"},"timestamp":"2025-11-29T12:55:57.260Z"}
{"level":"info","message":{"auth":"[REDACTED]","method":"GET","msg":"request","timestamp":"2025-11-29T12:55:57.264Z","url":"/api/search-employee/ian.chen%40company.com/details?system=azure-ad-users"},"timestamp":"2025-11-29T12:55:57.264Z"}
{"level":"info","message":{"auth":"[REDACTED]","method":"GET","msg":"request","timestamp":"2025-11-29T12:55:57.271Z","url":"/api/search-employee/u1009/details?system=azure-ad-users"},"timestamp":"2025-11-29T12:55:57.271Z"}
{"level":"info","message":{"auth":"[REDACTED]","method":"GET","msg":"request","timestamp":"2025-11-29T12:55:57.278Z","url":"/api/search-employee/IAN.CHEN%40COMPANY.COM/details?system=azure-ad-users"},"timestamp":"2025-11-29T12:55:57.278Z"}
{"level":"info","message":{"auth":"[REDACTED]","method":"GET","msg":"request","timestamp":"2025-11-29T12:55:57.282Z","url":"/api/search-employee/U1009/details?system=azure-ad-users"},"timestamp":"2025-11-29T12:55:57.282Z"}
{"level":"info","message":{"auth":"[REDACTED]","method":"GET","msg":"request","timestamp":"2025-11-29T12:55:57.288Z","url":"/api/search-employee/ian.chen%40company.com/details?system=azure-ad-groups"},"timestamp":"2025-11-29T12:55:57.288Z"}
{"level":"info","message":{"auth":"[REDACTED]","method":"GET","msg":"request","timestamp":"2025-11-29T12:55:57.292Z","url":"/api/search-employee/u1009/details?system=azure-ad-groups"},"timestamp":"2025-11-29T12:55:57.292Z"}
{"level":"info","message":{"auth":"[REDACTED]","method":"GET","msg":"request","timestamp":"2025-11-29T12:55:57.296Z","url":"/api/search-employee/IAN.CHEN%40COMPANY.COM/details?system=azure-ad-groups"},"timestamp":"2025-11-29T12:55:57.296Z"}
{"level":"info","message":{"auth":"[REDACTED]","method":"GET","msg":"request","timestamp":"2025-11-29T12:55:57.302Z","url":"/api/search-employee/U1009/details?system=azure-ad-groups"},"timestamp":"2025-11-29T12:55:57.302Z"}
{"level":"info","message":{"auth":"[REDACTED]","method":"GET","msg":"request","timestamp":"2025-11-29T12:55:57.306Z","url":"/api/search-employee/ian.chen%40company.com/details?system=azure-ad-apps"},"timestamp":"2025-11-29T12:55:57.306Z"}
{"level":"info","message":{"auth":"[REDACTED]","method":"GET","msg":"request","timestamp":"2025-11-29T12:55:57.311Z","url":"/api/search-employee/u1009/details?system=azure-ad-apps"},"timestamp":"2025-11-29T12:55:57.311Z"}
{"level":"info","message":{"auth":"[REDACTED]","method":"GET","msg":"request","timestamp":"2025-11-29T12:55:57.314Z","url":"/api/search-employee/IAN.CHEN%40COMPANY.COM/details?system=azure-ad-apps"},"timestamp":"2025-11-29T12:55:57.314Z"}
{"level":"info","message":{"auth":"[REDACTED]","method":"GET","msg":"request","timestamp":"2025-11-29T12:55:57.320Z","url":"/api/search-employee/U1009/details?system=azure-ad-apps"},"timestamp":"2025-11-29T12:55:57.320Z"}
{"level":"info","message":{"auth":"[REDACTED]","method":"GET","msg":"request","timestamp":"2025-11-29T12:55:57.325Z","url":"/api/search-employee/ian.chen%40company.com/details?system=azure-ad-conditional"},"timestamp":"2025-11-29T12:55:57.325Z"}
{"level":"info","message":{"auth":"[REDACTED]","method":"GET","msg":"request","timestamp":"2025-11-29T12:55:57.328Z","url":"/api/search-employee/u1009/details?system=azure-ad-conditional"},"timestamp":"2025-11-29T12:55:57.328Z"}
{"level":"info","message":{"auth":"[REDACTED]","method":"GET","msg":"request","timestamp":"2025-11-29T12:55:57.333Z","url":"/api/search-employee/IAN.CHEN%40COMPANY.COM/details?system=azure-ad-conditional"},"timestamp":"2025-11-29T12:55:57.333Z"}
{"level":"info","message":{"auth":"[REDACTED]","method":"GET","msg":"request","timestamp":"2025-11-29T12:55:57.339Z","url":"/api/search-employee/U1009/details?system=azure-ad-conditional"},"timestamp":"2025-11-29T12:55:57.339Z"}
{"level":"info","message":{"auth":"[REDACTED]","method":"GET","msg":"request","timestamp":"2025-11-29T12:55:57.343Z","url":"/api/search-employee/ian.chen%40company.com/details?system=azure-ad-signin"},"timestamp":"2025-11-29T12:55:57.343Z"}
{"level":"info","message":{"auth":"[REDACTED]","method":"GET","msg":"request","timestamp":"2025-11-29T12:55:57.347Z","url":"/api/search-employee/u1009/details?system=azure-ad-signin"},"timestamp":"2025-11-29T12:55:57.347Z"}
{"level":"info","message":{"auth":"[REDACTED]","method":"GET","msg":"request","timestamp":"2025-11-29T12:55:57.352Z","url":"/api/search-employee/IAN.CHEN%40COMPANY.COM/details?system=azure-ad-signin"},"timestamp":"2025-11-29T12:55:57.352Z"}
{"level":"info","message":{"auth":"[REDACTED]","method":"GET","msg":"request","timestamp":"2025-11-29T12:55:57.356Z","url":"/api/search-employee/U1009/details?system=azure-ad-signin"},"timestamp":"2025-11-29T12:55:57.356Z"}
{"level":"info","message":{"auth":"[REDACTED]","method":"GET","msg":"request","timestamp":"2025-11-29T12:55:57.360Z","url":"/api/search-employee/ian.chen%40company.com/details?system=saviynt-tpag"},"timestamp":"2025-11-29T12:55:57.360Z"}
{"level":"info","message":{"auth":"[REDACTED]","method":"GET","msg":"request","timestamp":"2025-11-29T12:55:57.364Z","url":"/api/search-employee/u1009/details?system=saviynt-tpag"},"timestamp":"2025-11-29T12:55:57.364Z"}
{"level":"info","message":{"auth":"[REDACTED]","method":"GET","msg":"request","timestamp":"2025-11-29T12:55:57.370Z","url":"/api/search-employee/IAN.CHEN%40COMPANY.COM/details?system=saviynt-tpag"},"timestamp":"2025-11-29T12:55:57.370Z"}
{"level":"info","message":{"auth":"[REDACTED]","method":"GET","msg":"request","timestamp":"2025-11-29T17:57:54.945Z","url":"/api/own-saviynt-tpag"},"timestamp":"2025-11-29T17:57:54.945Z"}
{"level":"info","message":{"auth":"[REDACTED]","method":"GET","msg":"request","timestamp":"2025-11-29T17:57:54.950Z","url":"/api/own-saviynt-tpag-lifecycle"},"timestamp":"2025-11-29T17:57:54.950Z"}
{"level":"info","message":{"auth":"[REDACTED]","method":"GET","msg":"request","timestamp":"2025-11-29T17:57:54.957Z","url":"/api/ops-failures?system=saviynt-tpag-vendor&minutes=10"},"timestamp":"2025-11-29T17:57:54.957Z"}
{"level":"info","message":{"auth":"[REDACTED]","method":"GET","msg":"request","timestamp":"2025-11-29T17:57:54.964Z","url":"/api/own-saviynt-tpag"},"timestamp":"2025-11-29T17:57:54.964Z"}
{"level":"info","message":{"auth":"[REDACTED]","method":"GET","msg":"request","timestamp":"2025-11-29T17:57:54.969Z","url":"/api/own-saviynt-tpag-lifecycle"},"timestamp":"2025-11-29T17:57:54.969Z"}
{"level":"info","message":{"auth":"[REDACTED]","method":"GET","msg":"request","timestamp":"2025-11-29T17:57:54.975Z","url":"/api/own-saviynt-tpag-vendors"},"timestamp":"2025-11-29T17:57:54.975Z"}
{"level":"info","message":{"auth":"[REDACTED]","method":"GET","msg":"request","timestamp":"2025-11-29T17:57:54.981Z","url":"/api/own-saviynt-tpag-contracts"},"timestamp":"2025-11-29T17:57:54.981Z"}
{"level":"info","message":{"auth":"[REDACTED]","method":"GET","msg":"request","timestamp":"2025-11-29T17:57:54.984Z","url":"/api/own-saviynt-tpag-access"},"timestamp":"2025-11-29T17:57:54.984Z"}
{"level":"info","message":{"auth":"[REDACTED]","method":"GET","msg":"request","timestamp":"2025-11-29T17:57:54.989Z","url":"/api/own-saviynt-tpag-risk"},"timestamp":"2025-11-29T17:57:54.989Z"}
{"level":"info","message":{"auth":"[REDACTED]","method":"GET","msg":"request","timestamp":"2025-11-29T17:57:54.993Z","url":"/api/ops-failures?system=saviynt-tpag-access&minutes=10"},"timestamp":"2025-11-29T17:57:54.993Z"}
{"level":"info","message":{"auth":"[REDACTED]","method":"GET","msg":"request","timestamp":"2025-11-29T17:57:54.996Z","url":"/api/own-saviynt-tpag-vendors"},"timestamp":"2025-11-29T17:57:54.996Z"}
{"level":"info","message":{"auth":"[REDACTED]","method":"GET","msg":"request","timestamp":"2025-11-29T17:57:55.006Z","url":"/api/own-saviynt-tpag-contracts"},"timestamp":"2025-11-29T17:57:55.006Z"}
{"level":"info","message":{"auth":"[REDACTED]","method":"GET","msg":"request","timestamp":"2025-11-29T17:57:55.012Z","url":"/api/own-saviynt-tpag-access"},"timestamp":"2025-11-29T17:57:55.012Z"}
{"level":"info","message":{"auth":"[REDACTED]","method":"GET","msg":"request","timestamp":"2025-11-29T17:57:55.017Z","url":"/api/own-saviynt-tpag-risk"},"timestamp":"2025-11-29T17:57:55.017Z"}
{"level":"info","message":{"auth":"[REDACTED]","method":"GET","msg":"request","timestamp":"2025-11-29T17:58:03.842Z","url":"/api/own-saviynt-tpag-vendors"},"timestamp":"2025-11-29T17:58:03.842Z"}
{"level":"info","message":{"auth":"[REDACTED]","method":"GET","msg":"request","timestamp":"2025-11-29T17:58:27.871Z","url":"/api/ops-failures?system=saviynt-tpag-vendor&minutes=10"},"timestamp":"2025-11-29T17:58:27.871Z"}
{"level":"info","message":{"auth":"[REDACTED]","method":"GET","msg":"request","timestamp":"2025-11-29T17:58:27.878Z","url":"/api/ops-failures?system=saviynt-tpag-access&minutes=10"},"timestamp":"2025-11-29T17:58:27.878Z"}
{"level":"info","message":{"auth":"[REDACTED]","method":"GET","msg":"request","timestamp":"2025-11-29T17:58:27.986Z","url":"/api/own-saviynt-tpag"},"timestamp":"2025-11-29T17:58:27.986Z"}
{"level":"info","message":{"auth":"[REDACTED]","method":"GET","msg":"request","timestamp":"2025-11-29T17:58:28.033Z","url":"/api/own-saviynt-tpag-vendors"},"timestamp":"2025-11-29T17:58:28.034Z"}
{"level":"info","message":{"auth":"[REDACTED]","method":"GET","msg":"request","timestamp":"2025-11-29T17:58:28.076Z","url":"/api/own-saviynt-tpag-contracts"},"timestamp":"2025-11-29T17:58:28.076Z"}
{"level":"info","message":{"auth":"[REDACTED]","method":"GET","msg":"request","timestamp":"2025-11-29T17:58:28.103Z","url":"/api/own-saviynt-tpag-access"},"timestamp":"2025-11-29T17:58:28.103Z"}
{"level":"info","message":{"auth":"[REDACTED]","method":"GET","msg":"request","timestamp":"2025-11-29T17:58:28.108Z","url":"/api/own-saviynt-tpag-risk"},"timestamp":"2025-11-29T17:58:28.108Z"}
{"level":"info","message":{"auth":"[REDACTED]","method":"GET","msg":"request","timestamp":"2025-11-29T17:58:28.151Z","url":"/api/own-saviynt-tpag-lifecycle"},"timestamp":"2025-11-29T17:58:28.151Z"}
{"level":"info","message":{"auth":"[REDACTED]","method":"GET","msg":"request","timestamp":"2025-11-29T17:58:44.159Z","url":"/api/own-saviynt"},"timestamp":"2025-11-29T17:58:44.159Z"}
{"level":"info","message":{"auth":"[REDACTED]","method":"GET","msg":"request","timestamp":"2025-11-29T17:58:44.167Z","url":"/api/ops-failures?system=saviynt-access&minutes=10"},"timestamp":"2025-11-29T17:58:44.167Z"}
{"level":"info","message":{"auth":"[REDACTED]","method":"GET","msg":"request","timestamp":"2025-11-29T17:58:44.176Z","url":"/api/ops-failures?system=saviynt-provisioning&minutes=10"},"timestamp":"2025-11-29T17:58:44.177Z"}
{"level":"info","message":{"auth":"[REDACTED]","method":"GET","msg":"request","timestamp":"2025-11-29T17:58:44.230Z","url":"/api/own-saviynt-certifications"},"timestamp":"2025-11-29T17:58:44.230Z"}
{"level":"info","message":{"auth":"[REDACTED]","method":"GET","msg":"request","timestamp":"2025-11-29T17:58:44.235Z","url":"/api/own-saviynt-analytics"},"timestamp":"2025-11-29T17:58:44.235Z"}
{"level":"info","message":{"auth":"[REDACTED]","method":"GET","msg":"request","timestamp":"2025-11-29T17:58:44.243Z","url":"/api/own-saviynt-controls"},"timestamp":"2025-11-29T17:58:44.243Z"}
{"level":"info","message":{"auth":"[REDACTED]","method":"GET","msg":"request","timestamp":"2025-11-29T17:58:44.251Z","url":"/api/own-saviynt-requests"},"timestamp":"2025-11-29T17:58:44.251Z"}
{"level":"info","message":{"auth":"[REDACTED]","method":"GET","msg":"request","timestamp":"2025-11-29T17:58:44.261Z","url":"/api/own-saviynt-provisioning"},"timestamp":"2025-11-29T17:58:44.261Z"}
{"level":"info","message":{"msg":"backend listening on http://localhost:3001"},"timestamp":"2025-11-29T18:03:54.608Z"}
{"level":"info","message":{"auth":"[REDACTED]","method":"GET","msg":"request","timestamp":"2025-11-29T18:04:42.526Z","url":"/api/ops-failures?system=saviynt-tpag-access&minutes=10"},"timestamp":"2025-11-29T18:04:42.526Z"}
{"level":"info","message":{"auth":"[REDACTED]","method":"GET","msg":"request","timestamp":"2025-11-29T18:04:42.653Z","url":"/api/ops-failures?system=saviynt-tpag-vendor&minutes=10"},"timestamp":"2025-11-29T18:04:42.654Z"}
{"level":"info","message":{"auth":"[REDACTED]","method":"GET","msg":"request","timestamp":"2025-11-29T18:04:42.663Z","url":"/api/own-saviynt-tpag-risk"},"timestamp":"2025-11-29T18:04:42.663Z"}
{"level":"info","message":{"auth":"[REDACTED]","method":"GET","msg":"request","timestamp":"2025-11-29T18:04:42.681Z","url":"/api/own-saviynt-tpag"},"timestamp":"2025-11-29T18:04:42.681Z"}
{"level":"info","message":{"auth":"[REDACTED]","method":"GET","msg":"request","timestamp":"2025-11-29T18:04:42.707Z","url":"/api/own-saviynt-tpag-contracts"},"timestamp":"2025-11-29T18:04:42.707Z"}
{"level":"info","message":{"auth":"[REDACTED]","method":"GET","msg":"request","timestamp":"2025-11-29T18:04:42.718Z","url":"/api/own-saviynt-tpag-vendors"},"timestamp":"2025-11-29T18:04:42.718Z"}
{"level":"info","message":{"auth":"[REDACTED]","method":"GET","msg":"request","timestamp":"2025-11-29T18:04:42.725Z","url":"/api/own-saviynt-tpag-access"},"timestamp":"2025-11-29T18:04:42.725Z"}
{"level":"info","message":{"auth":"[REDACTED]","method":"GET","msg":"request","timestamp":"2025-11-29T18:04:42.736Z","url":"/api/own-saviynt-tpag-lifecycle"},"timestamp":"2025-11-29T18:04:42.736Z"}
{"level":"info","message":{"auth":"[REDACTED]","method":"GET","msg":"request","timestamp":"2025-11-29T18:05:35.043Z","url":"/api/search-employee/u1009/details?system=ping-directory"},"timestamp":"2025-11-29T18:05:35.043Z"}
{"level":"info","message":{"auth":"[REDACTED]","method":"GET","msg":"request","timestamp":"2025-11-29T18:05:39.582Z","url":"/api/all-users"},"timestamp":"2025-11-29T18:05:39.582Z"}
{"level":"info","message":{"auth":"[REDACTED]","method":"GET","msg":"request","timestamp":"2025-11-29T18:05:39.616Z","url":"/api/search-employee/ian.chen%40company.com/details?system=ping-directory"},"timestamp":"2025-11-29T18:05:39.616Z"}
{"level":"info","message":{"auth":"[REDACTED]","method":"GET","msg":"request","timestamp":"2025-11-29T18:05:39.622Z","url":"/api/search-employee/u1009/details?system=ping-directory"},"timestamp":"2025-11-29T18:05:39.622Z"}
{"level":"info","message":{"auth":"[REDACTED]","method":"GET","msg":"request","timestamp":"2025-11-29T18:05:39.628Z","url":"/api/search-employee/IAN.CHEN%40COMPANY.COM/details?system=ping-directory"},"timestamp":"2025-11-29T18:05:39.628Z"}
{"level":"info","message":{"auth":"[REDACTED]","method":"GET","msg":"request","timestamp":"2025-11-29T18:05:39.637Z","url":"/api/search-employee/U1009/details?system=ping-directory"},"timestamp":"2025-11-29T18:05:39.637Z"}
{"level":"info","message":{"auth":"[REDACTED]","method":"GET","msg":"request","timestamp":"2025-11-29T18:05:39.648Z","url":"/api/search-employee/ian.chen%40company.com/details?system=ping-federate"},"timestamp":"2025-11-29T18:05:39.648Z"}
{"level":"info","message":{"auth":"[REDACTED]","method":"GET","msg":"request","timestamp":"2025-11-29T18:05:39.660Z","url":"/api/search-employee/u1009/details?system=ping-federate"},"timestamp":"2025-11-29T18:05:39.660Z"}
{"level":"info","message":{"auth":"[REDACTED]","method":"GET","msg":"request","timestamp":"2025-11-29T18:05:39.670Z","url":"/api/search-employee/IAN.CHEN%40COMPANY.COM/details?system=ping-federate"},"timestamp":"2025-11-29T18:05:39.670Z"}
{"level":"info","message":{"auth":"[REDACTED]","method":"GET","msg":"request","timestamp":"2025-11-29T18:05:39.676Z","url":"/api/search-employee/U1009/details?system=ping-federate"},"timestamp":"2025-11-29T18:05:39.676Z"}
{"level":"info","message":{"auth":"[REDACTED]","method":"GET","msg":"request","timestamp":"2025-11-29T18:05:39.688Z","url":"/api/search-employee/ian.chen%40company.com/details?system=ping-mfa"},"timestamp":"2025-11-29T18:05:39.688Z"}
{"level":"info","message":{"auth":"[REDACTED]","method":"GET","msg":"request","timestamp":"2025-11-29T18:05:39.694Z","url":"/api/search-employee/u1009/details?system=ping-mfa"},"timestamp":"2025-11-29T18:05:39.694Z"}
{"level":"info","message":{"auth":"[REDACTED]","method":"GET","msg":"request","timestamp":"2025-11-29T18:05:39.703Z","url":"/api/search-employee/IAN.CHEN%40COMPANY.COM/details?system=ping-mfa"},"timestamp":"2025-11-29T18:05:39.703Z"}
{"level":"info","message":{"auth":"[REDACTED]","method":"GET","msg":"request","timestamp":"2025-11-29T18:05:39.709Z","url":"/api/search-employee/U1009/details?system=ping-mfa"},"timestamp":"2025-11-29T18:05:39.709Z"}
{"level":"info","message":{"auth":"[REDACTED]","method":"GET","msg":"request","timestamp":"2025-11-29T18:05:39.718Z","url":"/api/search-employee/ian.chen%40company.com/details?system=ping-access"},"timestamp":"2025-11-29T18:05:39.718Z"}
{"level":"info","message":{"auth":"[REDACTED]","method":"GET","msg":"request","timestamp":"2025-11-29T18:05:39.724Z","url":"/api/search-employee/u1009/details?system=ping-access"},"timestamp":"2025-11-29T18:05:39.724Z"}
{"level":"info","message":{"auth":"[REDACTED]","method":"GET","msg":"request","timestamp":"2025-11-29T18:05:39.732Z","url":"/api/search-employee/IAN.CHEN%40COMPANY.COM/details?system=ping-access"},"timestamp":"2025-11-29T18:05:39.732Z"}
{"level":"info","message":{"auth":"[REDACTED]","method":"GET","msg":"request","timestamp":"2025-11-29T18:05:39.739Z","url":"/api/search-employee/U1009/details?system=ping-access"},"timestamp":"2025-11-29T18:05:39.739Z"}
{"level":"info","message":{"auth":"[REDACTED]","method":"GET","msg":"request","timestamp":"2025-11-29T18:05:39.746Z","url":"/api/search-employee/ian.chen%40company.com/details?system=ping-authorize"},"timestamp":"2025-11-29T18:05:39.746Z"}
{"level":"info","message":{"auth":"[REDACTED]","method":"GET","msg":"request","timestamp":"2025-11-29T18:05:39.754Z","url":"/api/search-employee/u1009/details?system=ping-authorize"},"timestamp":"2025-11-29T18:05:39.754Z"}
{"level":"info","message":{"auth":"[REDACTED]","method":"GET","msg":"request","timestamp":"2025-11-29T18:05:39.759Z","url":"/api/search-employee/IAN.CHEN%40COMPANY.COM/details?system=ping-authorize"},"timestamp":"2025-11-29T18:05:39.759Z"}
{"level":"info","message":{"auth":"[REDACTED]","method":"GET","msg":"request","timestamp":"2025-11-29T18:05:39.769Z","url":"/api/search-employee/U1009/details?system=ping-authorize"},"timestamp":"2025-11-29T18:05:39.769Z"}
{"level":"info","message":{"auth":"[REDACTED]","method":"GET","msg":"request","timestamp":"2025-11-29T18:05:39.774Z","url":"/api/search-employee/ian.chen%40company.com/details?system=ping-intelligence"},"timestamp":"2025-11-29T18:05:39.774Z"}
{"level":"info","message":{"auth":"[REDACTED]","method":"GET","msg":"request","timestamp":"2025-11-29T18:05:39.783Z","url":"/api/search-employee/u1009/details?system=ping-intelligence"},"timestamp":"2025-11-29T18:05:39.783Z"}
{"level":"info","message":{"auth":"[REDACTED]","method":"GET","msg":"request","timestamp":"2025-11-29T18:05:39.789Z","url":"/api/search-employee/IAN.CHEN%40COMPANY.COM/details?system=ping-intelligence"},"timestamp":"2025-11-29T18:05:39.789Z"}
{"level":"info","message":{"auth":"[REDACTED]","method":"GET","msg":"request","timestamp":"2025-11-29T18:05:39.797Z","url":"/api/search-employee/U1009/details?system=ping-intelligence"},"timestamp":"2025-11-29T18:05:39.797Z"}
{"level":"info","message":{"auth":"[REDACTED]","method":"GET","msg":"request","timestamp":"2025-11-29T18:05:39.803Z","url":"/api/search-employee/ian.chen%40company.com/details?system=cyberark"},"timestamp":"2025-11-29T18:05:39.803Z"}
{"level":"info","message":{"auth":"[REDACTED]","method":"GET","msg":"request","timestamp":"2025-11-29T18:05:39.810Z","url":"/api/search-employee/u1009/details?system=cyberark"},"timestamp":"2025-11-29T18:05:39.810Z"}
{"level":"info","message":{"auth":"[REDACTED]","method":"GET","msg":"request","timestamp":"2025-11-29T18:05:39.817Z","url":"/api/search-employee/IAN.CHEN%40COMPANY.COM/details?system=cyberark"},"timestamp":"2025-11-29T18:05:39.817Z"}
{"level":"info","message":{"auth":"[REDACTED]","method":"GET","msg":"request","timestamp":"2025-11-29T18:05:39.822Z","url":"/api/search-employee/U1009/details?system=cyberark"},"timestamp":"2025-11-29T18:05:39.822Z"}
{"level":"info","message":{"auth":"[REDACTED]","method":"GET","msg":"request","timestamp":"2025-11-29T18:05:39.828Z","url":"/api/search-employee/ian.chen%40company.com/details?system=cyberark-epm"},"timestamp":"2025-11-29T18:05:39.828Z"}
{"level":"info","message":{"auth":"[REDACTED]","method":"GET","msg":"request","timestamp":"2025-11-29T18:05:39.834Z","url":"/api/search-employee/u1009/details?system=cyberark-epm"},"timestamp":"2025-11-29T18:05:39.834Z"}
{"level":"info","message":{"auth":"[REDACTED]","method":"GET","msg":"request","timestamp":"2025-11-29T18:05:39.840Z","url":"/api/search-employee/IAN.CHEN%40COMPANY.COM/details?system=cyberark-epm"},"timestamp":"2025-11-29T18:05:39.840Z"}
{"level":"info","message":{"auth":"[REDACTED]","method":"GET","msg":"request","timestamp":"2025-11-29T18:05:39.846Z","url":"/api/search-employee/U1009/details?system=cyberark-epm"},"timestamp":"2025-11-29T18:05:39.846Z"}
{"level":"info","message":{"auth":"[REDACTED]","method":"GET","msg":"request","timestamp":"2025-11-29T18:05:39.852Z","url":"/api/search-employee/ian.chen%40company.com/details?system=cyberark-alero"},"timestamp":"2025-11-29T18:05:39.852Z"}
{"level":"info","message":{"auth":"[REDACTED]","method":"GET","msg":"request","timestamp":"2025-11-29T18:05:39.858Z","url":"/api/search-employee/u1009/details?system=cyberark-alero"},"timestamp":"2025-11-29T18:05:39.858Z"}
{"level":"info","message":{"auth":"[REDACTED]","method":"GET","msg":"request","timestamp":"2025-11-29T18:05:39.866Z","url":"/api/search-employee/IAN.CHEN%40COMPANY.COM/details?system=cyberark-alero"},"timestamp":"2025-11-29T18:05:39.866Z"}
{"level":"info","message":{"auth":"[REDACTED]","method":"GET","msg":"request","timestamp":"2025-11-29T18:05:39.871Z","url":"/api/search-employee/U1009/details?system=cyberark-alero"},"timestamp":"2025-11-29T18:05:39.871Z"}
{"level":"info","message":{"auth":"[REDACTED]","method":"GET","msg":"request","timestamp":"2025-11-29T18:05:39.878Z","url":"/api/search-employee/ian.chen%40company.com/details?system=cyberark-conjur"},"timestamp":"2025-11-29T18:05:39.878Z"}
{"level":"info","message":{"auth":"[REDACTED]","method":"GET","msg":"request","timestamp":"2025-11-29T18:05:39.885Z","url":"/api/search-employee/u1009/details?system=cyberark-conjur"},"timestamp":"2025-11-29T18:05:39.885Z"}
{"level":"info","message":{"auth":"[REDACTED]","method":"GET","msg":"request","timestamp":"2025-11-29T18:05:39.891Z","url":"/api/search-employee/IAN.CHEN%40COMPANY.COM/details?system=cyberark-conjur"},"timestamp":"2025-11-29T18:05:39.891Z"}
{"level":"info","message":{"auth":"[REDACTED]","method":"GET","msg":"request","timestamp":"2025-11-29T18:05:39.898Z","url":"/api/search-employee/U1009/details?system=cyberark-conjur"},"timestamp":"2025-11-29T18:05:39.898Z"}
{"level":"info","message":{"auth":"[REDACTED]","method":"GET","msg":"request","timestamp":"2025-11-29T18:05:39.904Z","url":"/api/search-employee/ian.chen%40company.com/details?system=cyberark-dpa"},"timestamp":"2025-11-29T18:05:39.904Z"}
{"level":"info","message":{"auth":"[REDACTED]","method":"GET","msg":"request","timestamp":"2025-11-29T18:05:39.911Z","url":"/api/search-employee/u1009/details?system=cyberark-dpa"},"timestamp":"2025-11-29T18:05:39.911Z"}
{"level":"info","message":{"auth":"[REDACTED]","method":"GET","msg":"request","timestamp":"2025-11-29T18:05:39.917Z","url":"/api/search-employee/IAN.CHEN%40COMPANY.COM/details?system=cyberark-dpa"},"timestamp":"2025-11-29T18:05:39.917Z"}
{"level":"info","message":{"auth":"[REDACTED]","method":"GET","msg":"request","timestamp":"2025-11-29T18:05:39.923Z","url":"/api/search-employee/U1009/details?system=cyberark-dpa"},"timestamp":"2025-11-29T18:05:39.923Z"}
{"level":"info","message":{"auth":"[REDACTED]","method":"GET","msg":"request","timestamp":"2025-11-29T18:05:39.930Z","url":"/api/search-employee/ian.chen%40company.com/details?system=cyberark-identity"},"timestamp":"2025-11-29T18:05:39.930Z"}
{"level":"info","message":{"auth":"[REDACTED]","method":"GET","msg":"request","timestamp":"2025-11-29T18:05:39.936Z","url":"/api/search-employee/u1009/details?system=cyberark-identity"},"timestamp":"2025-11-29T18:05:39.936Z"}
{"level":"info","message":{"auth":"[REDACTED]","method":"GET","msg":"request","timestamp":"2025-11-29T18:05:39.942Z","url":"/api/search-employee/IAN.CHEN%40COMPANY.COM/details?system=cyberark-identity"},"timestamp":"2025-11-29T18:05:39.942Z"}
{"level":"info","message":{"auth":"[REDACTED]","method":"GET","msg":"request","timestamp":"2025-11-29T18:05:39.950Z","url":"/api/search-employee/U1009/details?system=cyberark-identity"},"timestamp":"2025-11-29T18:05:39.950Z"}
{"level":"info","message":{"auth":"[REDACTED]","method":"GET","msg":"request","timestamp":"2025-11-29T18:05:39.957Z","url":"/api/search-employee/ian.chen%40company.com/details?system=saviynt"},"timestamp":"2025-11-29T18:05:39.957Z"}
{"level":"info","message":{"auth":"[REDACTED]","method":"GET","msg":"request","timestamp":"2025-11-29T18:05:39.963Z","url":"/api/search-employee/u1009/details?system=saviynt"},"timestamp":"2025-11-29T18:05:39.963Z"}
{"level":"info","message":{"auth":"[REDACTED]","method":"GET","msg":"request","timestamp":"2025-11-29T18:05:39.969Z","url":"/api/search-employee/IAN.CHEN%40COMPANY.COM/details?system=saviynt"},"timestamp":"2025-11-29T18:05:39.969Z"}
{"level":"info","message":{"auth":"[REDACTED]","method":"GET","msg":"request","timestamp":"2025-11-29T18:05:39.975Z","url":"/api/search-employee/U1009/details?system=saviynt"},"timestamp":"2025-11-29T18:05:39.975Z"}
{"level":"info","message":{"auth":"[REDACTED]","method":"GET","msg":"request","timestamp":"2025-11-29T18:05:39.983Z","url":"/api/search-employee/ian.chen%40company.com/details?system=saviynt-certifications"},"timestamp":"2025-11-29T18:05:39.983Z"}
{"level":"info","message":{"auth":"[REDACTED]","method":"GET","msg":"request","timestamp":"2025-11-29T18:05:39.989Z","url":"/api/search-employee/u1009/details?system=saviynt-certifications"},"timestamp":"2025-11-29T18:05:39.989Z"}
{"level":"info","message":{"auth":"[REDACTED]","method":"GET","msg":"request","timestamp":"2025-11-29T18:05:39.995Z","url":"/api/search-employee/IAN.CHEN%40COMPANY.COM/details?system=saviynt-certifications"},"timestamp":"2025-11-29T18:05:39.995Z"}
{"level":"info","message":{"auth":"[REDACTED]","method":"GET","msg":"request","timestamp":"2025-11-29T18:05:40.001Z","url":"/api/search-employee/U1009/details?system=saviynt-certifications"},"timestamp":"2025-11-29T18:05:40.001Z"}
{"level":"info","message":{"auth":"[REDACTED]","method":"GET","msg":"request","timestamp":"2025-11-29T18:05:40.008Z","url":"/api/search-employee/ian.chen%40company.com/details?system=saviynt-analytics"},"timestamp":"2025-11-29T18:05:40.008Z"}
{"level":"info","message":{"auth":"[REDACTED]","method":"GET","msg":"request","timestamp":"2025-11-29T18:05:40.015Z","url":"/api/search-employee/u1009/details?system=saviynt-analytics"},"timestamp":"2025-11-29T18:05:40.015Z"}
{"level":"info","message":{"auth":"[REDACTED]","method":"GET","msg":"request","timestamp":"2025-11-29T18:05:40.021Z","url":"/api/search-employee/IAN.CHEN%40COMPANY.COM/details?system=saviynt-analytics"},"timestamp":"2025-11-29T18:05:40.021Z"}
{"level":"info","message":{"auth":"[REDACTED]","method":"GET","msg":"request","timestamp":"2025-11-29T18:05:40.030Z","url":"/api/search-employee/U1009/details?system=saviynt-analytics"},"timestamp":"2025-11-29T18:05:40.030Z"}
{"level":"info","message":{"auth":"[REDACTED]","method":"GET","msg":"request","timestamp":"2025-11-29T18:05:40.036Z","url":"/api/search-employee/ian.chen%40company.com/details?system=saviynt-controls"},"timestamp":"2025-11-29T18:05:40.036Z"}
{"level":"info","message":{"auth":"[REDACTED]","method":"GET","msg":"request","timestamp":"2025-11-29T18:05:40.041Z","url":"/api/search-employee/u1009/details?system=saviynt-controls"},"timestamp":"2025-11-29T18:05:40.042Z"}
{"level":"info","message":{"auth":"[REDACTED]","method":"GET","msg":"request","timestamp":"2025-11-29T18:05:40.049Z","url":"/api/search-employee/IAN.CHEN%40COMPANY.COM/details?system=saviynt-controls"},"timestamp":"2025-11-29T18:05:40.049Z"}
{"level":"info","message":{"auth":"[REDACTED]","method":"GET","msg":"request","timestamp":"2025-11-29T18:05:40.054Z","url":"/api/search-employee/U1009/details?system=saviynt-controls"},"timestamp":"2025-11-29T18:05:40.054Z"}
{"level":"info","message":{"auth":"[REDACTED]","method":"GET","msg":"request","timestamp":"2025-11-29T18:05:40.060Z","url":"/api/search-employee/ian.chen%40company.com/details?system=saviynt-requests"},"timestamp":"2025-11-29T18:05:40.060Z"}
{"level":"info","message":{"auth":"[REDACTED]","method":"GET","msg":"request","timestamp":"2025-11-29T18:05:40.068Z","url":"/api/search-employee/u1009/details?system=saviynt-requests"},"timestamp":"2025-11-29T18:05:40.068Z"}
{"level":"info","message":{"auth":"[REDACTED]","method":"GET","msg":"request","timestamp":"2025-11-29T18:05:40.073Z","url":"/api/search-employee/IAN.CHEN%40COMPANY.COM/details?system=saviynt-requests"},"timestamp":"2025-11-29T18:05:40.073Z"}
{"level":"info","message":{"auth":"[REDACTED]","method":"GET","msg":"request","timestamp":"2025-11-29T18:05:40.080Z","url":"/api/search-employee/U1009/details?system=saviynt-requests"},"timestamp":"2025-11-29T18:05:40.080Z"}
{"level":"info","message":{"auth":"[REDACTED]","method":"GET","msg":"request","timestamp":"2025-11-29T18:05:40.085Z","url":"/api/search-employee/ian.chen%40company.com/details?system=saviynt-provisioning"},"timestamp":"2025-11-29T18:05:40.085Z"}
{"level":"info","message":{"auth":"[REDACTED]","method":"GET","msg":"request","timestamp":"2025-11-29T18:05:40.090Z","url":"/api/search-employee/u1009/details?system=saviynt-provisioning"},"timestamp":"2025-11-29T18:05:40.090Z"}
{"level":"info","message":{"auth":"[REDACTED]","method":"GET","msg":"request","timestamp":"2025-11-29T18:05:40.096Z","url":"/api/search-employee/IAN.CHEN%40COMPANY.COM/details?system=saviynt-provisioning"},"timestamp":"2025-11-29T18:05:40.096Z"}
{"level":"info","message":{"auth":"[REDACTED]","method":"GET","msg":"request","timestamp":"2025-11-29T18:05:40.101Z","url":"/api/search-employee/U1009/details?system=saviynt-provisioning"},"timestamp":"2025-11-29T18:05:40.101Z"}
{"level":"info","message":{"auth":"[REDACTED]","method":"GET","msg":"request","timestamp":"2025-11-29T18:05:40.106Z","url":"/api/search-employee/ian.chen%40company.com/details?system=azure-ad"},"timestamp":"2025-11-29T18:05:40.106Z"}
{"level":"info","message":{"auth":"[REDACTED]","method":"GET","msg":"request","timestamp":"2025-11-29T18:05:40.114Z","url":"/api/search-employee/u1009/details?system=azure-ad"},"timestamp":"2025-11-29T18:05:40.114Z"}
{"level":"info","message":{"auth":"[REDACTED]","method":"GET","msg":"request","timestamp":"2025-11-29T18:05:40.118Z","url":"/api/search-employee/IAN.CHEN%40COMPANY.COM/details?system=azure-ad"},"timestamp":"2025-11-29T18:05:40.118Z"}
{"level":"info","message":{"auth":"[REDACTED]","method":"GET","msg":"request","timestamp":"2025-11-29T18:05:40.123Z","url":"/api/search-employee/U1009/details?system=azure-ad"},"timestamp":"2025-11-29T18:05:40.123Z"}
{"level":"info","message":{"auth":"[REDACTED]","method":"GET","msg":"request","timestamp":"2025-11-29T18:05:40.128Z","url":"/api/search-employee/ian.chen%40company.com/details?system=azure-ad-users"},"timestamp":"2025-11-29T18:05:40.128Z"}
{"level":"info","message":{"auth":"[REDACTED]","method":"GET","msg":"request","timestamp":"2025-11-29T18:05:40.134Z","url":"/api/search-employee/u1009/details?system=azure-ad-users"},"timestamp":"2025-11-29T18:05:40.134Z"}
{"level":"info","message":{"auth":"[REDACTED]","method":"GET","msg":"request","timestamp":"2025-11-29T18:05:40.138Z","url":"/api/search-employee/IAN.CHEN%40COMPANY.COM/details?system=azure-ad-users"},"timestamp":"2025-11-29T18:05:40.138Z"}
{"level":"info","message":{"auth":"[REDACTED]","method":"GET","msg":"request","timestamp":"2025-11-29T18:05:40.142Z","url":"/api/search-employee/U1009/details?system=azure-ad-users"},"timestamp":"2025-11-29T18:05:40.142Z"}
{"level":"info","message":{"auth":"[REDACTED]","method":"GET","msg":"request","timestamp":"2025-11-29T18:05:40.149Z","url":"/api/search-employee/ian.chen%40company.com/details?system=azure-ad-groups"},"timestamp":"2025-11-29T18:05:40.149Z"}
{"level":"info","message":{"auth":"[REDACTED]","method":"GET","msg":"request","timestamp":"2025-11-29T18:05:40.155Z","url":"/api/search-employee/u1009/details?system=azure-ad-groups"},"timestamp":"2025-11-29T18:05:40.155Z"}
{"level":"info","message":{"auth":"[REDACTED]","method":"GET","msg":"request","timestamp":"2025-11-29T18:05:40.159Z","url":"/api/search-employee/IAN.CHEN%40COMPANY.COM/details?system=azure-ad-groups"},"timestamp":"2025-11-29T18:05:40.159Z"}
{"level":"info","message":{"auth":"[REDACTED]","method":"GET","msg":"request","timestamp":"2025-11-29T18:05:40.165Z","url":"/api/search-employee/U1009/details?system=azure-ad-groups"},"timestamp":"2025-11-29T18:05:40.165Z"}
{"level":"info","message":{"auth":"[REDACTED]","method":"GET","msg":"request","timestamp":"2025-11-29T18:05:40.170Z","url":"/api/search-employee/ian.chen%40company.com/details?system=azure-ad-apps"},"timestamp":"2025-11-29T18:05:40.170Z"}
{"level":"info","message":{"auth":"[REDACTED]","method":"GET","msg":"request","timestamp":"2025-11-29T18:05:40.175Z","url":"/api/search-employee/u1009/details?system=azure-ad-apps"},"timestamp":"2025-11-29T18:05:40.175Z"}
{"level":"info","message":{"auth":"[REDACTED]","method":"GET","msg":"request","timestamp":"2025-11-29T18:05:40.181Z","url":"/api/search-employee/IAN.CHEN%40COMPANY.COM/details?system=azure-ad-apps"},"timestamp":"2025-11-29T18:05:40.181Z"}
{"level":"info","message":{"auth":"[REDACTED]","method":"GET","msg":"request","timestamp":"2025-11-29T18:05:40.187Z","url":"/api/search-employee/U1009/details?system=azure-ad-apps"},"timestamp":"2025-11-29T18:05:40.187Z"}
{"level":"info","message":{"auth":"[REDACTED]","method":"GET","msg":"request","timestamp":"2025-11-29T18:05:40.192Z","url":"/api/search-employee/ian.chen%40company.com/details?system=azure-ad-conditional"},"timestamp":"2025-11-29T18:05:40.192Z"}
{"level":"info","message":{"auth":"[REDACTED]","method":"GET","msg":"request","timestamp":"2025-11-29T18:05:40.198Z","url":"/api/search-employee/u1009/details?system=azure-ad-conditional"},"timestamp":"2025-11-29T18:05:40.198Z"}
{"level":"info","message":{"auth":"[REDACTED]","method":"GET","msg":"request","timestamp":"2025-11-29T18:08:38.376Z","url":"/api/all-users"},"timestamp":"2025-11-29T18:08:38.376Z"}
{"level":"info","message":{"auth":"[REDACTED]","method":"GET","msg":"request","timestamp":"2025-11-29T18:08:38.419Z","url":"/api/search-employee/ian.chen%40company.com/details?system=ping-directory"},"timestamp":"2025-11-29T18:08:38.419Z"}
{"level":"info","message":{"auth":"[REDACTED]","method":"GET","msg":"request","timestamp":"2025-11-29T18:08:38.426Z","url":"/api/search-employee/u1009/details?system=ping-directory"},"timestamp":"2025-11-29T18:08:38.426Z"}
{"level":"info","message":{"auth":"[REDACTED]","method":"GET","msg":"request","timestamp":"2025-11-29T18:08:38.433Z","url":"/api/search-employee/IAN.CHEN%40COMPANY.COM/details?system=ping-directory"},"timestamp":"2025-11-29T18:08:38.433Z"}
{"level":"info","message":{"auth":"[REDACTED]","method":"GET","msg":"request","timestamp":"2025-11-29T18:08:38.437Z","url":"/api/search-employee/U1009/details?system=ping-directory"},"timestamp":"2025-11-29T18:08:38.437Z"}
{"level":"info","message":{"auth":"[REDACTED]","method":"GET","msg":"request","timestamp":"2025-11-29T18:08:38.442Z","url":"/api/search-employee/ian.chen%40company.com/details?system=ping-federate"},"timestamp":"2025-11-29T18:08:38.442Z"}
{"level":"info","message":{"auth":"[REDACTED]","method":"GET","msg":"request","timestamp":"2025-11-29T18:08:38.451Z","url":"/api/search-employee/u1009/details?system=ping-federate"},"timestamp":"2025-11-29T18:08:38.451Z"}
{"level":"info","message":{"auth":"[REDACTED]","method":"GET","msg":"request","timestamp":"2025-11-29T18:08:38.457Z","url":"/api/search-employee/IAN.CHEN%40COMPANY.COM/details?system=ping-federate"},"timestamp":"2025-11-29T18:08:38.457Z"}
{"level":"info","message":{"auth":"[REDACTED]","method":"GET","msg":"request","timestamp":"2025-11-29T18:08:38.466Z","url":"/api/search-employee/U1009/details?system=ping-federate"},"timestamp":"2025-11-29T18:08:38.466Z"}
{"level":"info","message":{"auth":"[REDACTED]","method":"GET","msg":"request","timestamp":"2025-11-29T18:08:38.471Z","url":"/api/search-employee/ian.chen%40company.com/details?system=ping-mfa"},"timestamp":"2025-11-29T18:08:38.471Z"}
{"level":"info","message":{"auth":"[REDACTED]","method":"GET","msg":"request","timestamp":"2025-11-29T18:08:38.476Z","url":"/api/search-employee/u1009/details?system=ping-mfa"},"timestamp":"2025-11-29T18:08:38.476Z"}
{"level":"info","message":{"auth":"[REDACTED]","method":"GET","msg":"request","timestamp":"2025-11-29T18:08:38.485Z","url":"/api/search-employee/IAN.CHEN%40COMPANY.COM/details?system=ping-mfa"},"timestamp":"2025-11-29T18:08:38.485Z"}
{"level":"info","message":{"auth":"[REDACTED]","method":"GET","msg":"request","timestamp":"2025-11-29T18:08:38.491Z","url":"/api/search-employee/U1009/details?system=ping-mfa"},"timestamp":"2025-11-29T18:08:38.491Z"}
{"level":"info","message":{"auth":"[REDACTED]","method":"GET","msg":"request","timestamp":"2025-11-29T18:08:38.498Z","url":"/api/search-employee/ian.chen%40company.com/details?system=ping-access"},"timestamp":"2025-11-29T18:08:38.498Z"}
{"level":"info","message":{"auth":"[REDACTED]","method":"GET","msg":"request","timestamp":"2025-11-29T18:08:38.504Z","url":"/api/search-employee/u1009/details?system=ping-access"},"timestamp":"2025-11-29T18:08:38.504Z"}
{"level":"info","message":{"auth":"[REDACTED]","method":"GET","msg":"request","timestamp":"2025-11-29T18:08:38.514Z","url":"/api/search-employee/IAN.CHEN%40COMPANY.COM/details?system=ping-access"},"timestamp":"2025-11-29T18:08:38.514Z"}
{"level":"info","message":{"auth":"[REDACTED]","method":"GET","msg":"request","timestamp":"2025-11-29T18:08:38.540Z","url":"/api/search-employee/U1009/details?system=ping-access"},"timestamp":"2025-11-29T18:08:38.540Z"}
{"level":"info","message":{"auth":"[REDACTED]","method":"GET","msg":"request","timestamp":"2025-11-29T18:08:38.549Z","url":"/api/search-employee/ian.chen%40company.com/details?system=ping-authorize"},"timestamp":"2025-11-29T18:08:38.549Z"}
{"level":"info","message":{"auth":"[REDACTED]","method":"GET","msg":"request","timestamp":"2025-11-29T18:08:38.556Z","url":"/api/search-employee/u1009/details?system=ping-authorize"},"timestamp":"2025-11-29T18:08:38.556Z"}
{"level":"info","message":{"auth":"[REDACTED]","method":"GET","msg":"request","timestamp":"2025-11-29T18:08:38.565Z","url":"/api/search-employee/IAN.CHEN%40COMPANY.COM/details?system=ping-authorize"},"timestamp":"2025-11-29T18:08:38.565Z"}
{"level":"info","message":{"auth":"[REDACTED]","method":"GET","msg":"request","timestamp":"2025-11-29T18:08:38.572Z","url":"/api/search-employee/U1009/details?system=ping-authorize"},"timestamp":"2025-11-29T18:08:38.572Z"}
{"level":"info","message":{"auth":"[REDACTED]","method":"GET","msg":"request","timestamp":"2025-11-29T18:08:38.579Z","url":"/api/search-employee/ian.chen%40company.com/details?system=ping-intelligence"},"timestamp":"2025-11-29T18:08:38.579Z"}
{"level":"info","message":{"auth":"[REDACTED]","method":"GET","msg":"request","timestamp":"2025-11-29T18:08:38.631Z","url":"/api/search-employee/u1009/details?system=ping-intelligence"},"timestamp":"2025-11-29T18:08:38.631Z"}
{"level":"info","message":{"auth":"[REDACTED]","method":"GET","msg":"request","timestamp":"2025-11-29T18:08:38.636Z","url":"/api/search-employee/IAN.CHEN%40COMPANY.COM/details?system=ping-intelligence"},"timestamp":"2025-11-29T18:08:38.636Z"}
{"level":"info","message":{"auth":"[REDACTED]","method":"GET","msg":"request","timestamp":"2025-11-29T18:08:38.642Z","url":"/api/search-employee/U1009/details?system=ping-intelligence"},"timestamp":"2025-11-29T18:08:38.642Z"}
{"level":"info","message":{"auth":"[REDACTED]","method":"GET","msg":"request","timestamp":"2025-11-29T18:08:38.649Z","url":"/api/search-employee/ian.chen%40company.com/details?system=cyberark"},"timestamp":"2025-11-29T18:08:38.649Z"}
{"level":"info","message":{"auth":"[REDACTED]","method":"GET","msg":"request","timestamp":"2025-11-29T18:08:38.654Z","url":"/api/search-employee/u1009/details?system=cyberark"},"timestamp":"2025-11-29T18:08:38.654Z"}
{"level":"info","message":{"auth":"[REDACTED]","method":"GET","msg":"request","timestamp":"2025-11-29T18:08:38.659Z","url":"/api/search-employee/IAN.CHEN%40COMPANY.COM/details?system=cyberark"},"timestamp":"2025-11-29T18:08:38.659Z"}
{"level":"info","message":{"auth":"[REDACTED]","method":"GET","msg":"request","timestamp":"2025-11-29T18:08:38.665Z","url":"/api/search-employee/U1009/details?system=cyberark"},"timestamp":"2025-11-29T18:08:38.665Z"}
{"level":"info","message":{"auth":"[REDACTED]","method":"GET","msg":"request","timestamp":"2025-11-29T18:08:38.670Z","url":"/api/search-employee/ian.chen%40company.com/details?system=cyberark-epm"},"timestamp":"2025-11-29T18:08:38.670Z"}
{"level":"info","message":{"auth":"[REDACTED]","method":"GET","msg":"request","timestamp":"2025-11-29T18:08:38.676Z","url":"/api/search-employee/u1009/details?system=cyberark-epm"},"timestamp":"2025-11-29T18:08:38.676Z"}
{"level":"info","message":{"auth":"[REDACTED]","method":"GET","msg":"request","timestamp":"2025-11-29T18:08:38.681Z","url":"/api/search-employee/IAN.CHEN%40COMPANY.COM/details?system=cyberark-epm"},"timestamp":"2025-11-29T18:08:38.681Z"}
{"level":"info","message":{"auth":"[REDACTED]","method":"GET","msg":"request","timestamp":"2025-11-29T18:08:38.686Z","url":"/api/search-employee/U1009/details?system=cyberark-epm"},"timestamp":"2025-11-29T18:08:38.686Z"}
{"level":"info","message":{"auth":"[REDACTED]","method":"GET","msg":"request","timestamp":"2025-11-29T18:08:38.692Z","url":"/api/search-employee/ian.chen%40company.com/details?system=cyberark-alero"},"timestamp":"2025-11-29T18:08:38.692Z"}
{"level":"info","message":{"auth":"[REDACTED]","method":"GET","msg":"request","timestamp":"2025-11-29T18:08:38.699Z","url":"/api/search-employee/u1009/details?system=cyberark-alero"},"timestamp":"2025-11-29T18:08:38.699Z"}
{"level":"info","message":{"auth":"[REDACTED]","method":"GET","msg":"request","timestamp":"2025-11-29T18:08:38.704Z","url":"/api/search-employee/IAN.CHEN%40COMPANY.COM/details?system=cyberark-alero"},"timestamp":"2025-11-29T18:08:38.704Z"}
{"level":"info","message":{"auth":"[REDACTED]","method":"GET","msg":"request","timestamp":"2025-11-29T18:08:38.710Z","url":"/api/search-employee/U1009/details?system=cyberark-alero"},"timestamp":"2025-11-29T18:08:38.710Z"}
{"level":"info","message":{"auth":"[REDACTED]","method":"GET","msg":"request","timestamp":"2025-11-29T18:08:38.715Z","url":"/api/search-employee/ian.chen%40company.com/details?system=cyberark-conjur"},"timestamp":"2025-11-29T18:08:38.716Z"}
{"level":"info","message":{"auth":"[REDACTED]","method":"GET","msg":"request","timestamp":"2025-11-29T18:08:38.721Z","url":"/api/search-employee/u1009/details?system=cyberark-conjur"},"timestamp":"2025-11-29T18:08:38.721Z"}
{"level":"info","message":{"auth":"[REDACTED]","method":"GET","msg":"request","timestamp":"2025-11-29T18:08:38.726Z","url":"/api/search-employee/IAN.CHEN%40COMPANY.COM/details?system=cyberark-conjur"},"timestamp":"2025-11-29T18:08:38.726Z"}
{"level":"info","message":{"auth":"[REDACTED]","method":"GET","msg":"request","timestamp":"2025-11-29T18:08:38.731Z","url":"/api/search-employee/U1009/details?system=cyberark-conjur"},"timestamp":"2025-11-29T18:08:38.731Z"}
{"level":"info","message":{"auth":"[REDACTED]","method":"GET","msg":"request","timestamp":"2025-11-29T18:08:38.736Z","url":"/api/search-employee/ian.chen%40company.com/details?system=cyberark-dpa"},"timestamp":"2025-11-29T18:08:38.736Z"}
{"level":"info","message":{"auth":"[REDACTED]","method":"GET","msg":"request","timestamp":"2025-11-29T18:08:38.741Z","url":"/api/search-employee/u1009/details?system=cyberark-dpa"},"timestamp":"2025-11-29T18:08:38.741Z"}
{"level":"info","message":{"auth":"[REDACTED]","method":"GET","msg":"request","timestamp":"2025-11-29T18:08:38.748Z","url":"/api/search-employee/IAN.CHEN%40COMPANY.COM/details?system=cyberark-dpa"},"timestamp":"2025-11-29T18:08:38.748Z"}
{"level":"info","message":{"auth":"[REDACTED]","method":"GET","msg":"request","timestamp":"2025-11-29T18:08:38.756Z","url":"/api/search-employee/U1009/details?system=cyberark-dpa"},"timestamp":"2025-11-29T18:08:38.756Z"}
{"level":"info","message":{"auth":"[REDACTED]","method":"GET","msg":"request","timestamp":"2025-11-29T18:08:38.762Z","url":"/api/search-employee/ian.chen%40company.com/details?system=cyberark-identity"},"timestamp":"2025-11-29T18:08:38.762Z"}
{"level":"info","message":{"auth":"[REDACTED]","method":"GET","msg":"request","timestamp":"2025-11-29T18:08:38.767Z","url":"/api/search-employee/u1009/details?system=cyberark-identity"},"timestamp":"2025-11-29T18:08:38.767Z"}
{"level":"info","message":{"auth":"[REDACTED]","method":"GET","msg":"request","timestamp":"2025-11-29T18:08:38.772Z","url":"/api/search-employee/IAN.CHEN%40COMPANY.COM/details?system=cyberark-identity"},"timestamp":"2025-11-29T18:08:38.772Z"}
{"level":"info","message":{"auth":"[REDACTED]","method":"GET","msg":"request","timestamp":"2025-11-29T18:08:38.778Z","url":"/api/search-employee/U1009/details?system=cyberark-identity"},"timestamp":"2025-11-29T18:08:38.778Z"}
{"level":"info","message":{"auth":"[REDACTED]","method":"GET","msg":"request","timestamp":"2025-11-29T18:08:38.783Z","url":"/api/search-employee/ian.chen%40company.com/details?system=saviynt"},"timestamp":"2025-11-29T18:08:38.783Z"}
{"level":"info","message":{"auth":"[REDACTED]","method":"GET","msg":"request","timestamp":"2025-11-29T18:08:38.788Z","url":"/api/search-employee/u1009/details?system=saviynt"},"timestamp":"2025-11-29T18:08:38.788Z"}
{"level":"info","message":{"auth":"[REDACTED]","method":"GET","msg":"request","timestamp":"2025-11-29T18:08:38.794Z","url":"/api/search-employee/IAN.CHEN%40COMPANY.COM/details?system=saviynt"},"timestamp":"2025-11-29T18:08:38.794Z"}
{"level":"info","message":{"auth":"[REDACTED]","method":"GET","msg":"request","timestamp":"2025-11-29T18:08:38.799Z","url":"/api/search-employee/U1009/details?system=saviynt"},"timestamp":"2025-11-29T18:08:38.799Z"}
{"level":"info","message":{"auth":"[REDACTED]","method":"GET","msg":"request","timestamp":"2025-11-29T18:08:38.804Z","url":"/api/search-employee/ian.chen%40company.com/details?system=saviynt-certifications"},"timestamp":"2025-11-29T18:08:38.804Z"}
{"level":"info","message":{"auth":"[REDACTED]","method":"GET","msg":"request","timestamp":"2025-11-29T18:08:38.809Z","url":"/api/search-employee/u1009/details?system=saviynt-certifications"},"timestamp":"2025-11-29T18:08:38.809Z"}
{"level":"info","message":{"auth":"[REDACTED]","method":"GET","msg":"request","timestamp":"2025-11-29T18:08:38.814Z","url":"/api/search-employee/IAN.CHEN%40COMPANY.COM/details?system=saviynt-certifications"},"timestamp":"2025-11-29T18:08:38.814Z"}
{"level":"info","message":{"auth":"[REDACTED]","method":"GET","msg":"request","timestamp":"2025-11-29T18:08:38.820Z","url":"/api/search-employee/U1009/details?system=saviynt-certifications"},"timestamp":"2025-11-29T18:08:38.820Z"}
{"level":"info","message":{"auth":"[REDACTED]","method":"GET","msg":"request","timestamp":"2025-11-29T18:08:38.825Z","url":"/api/search-employee/ian.chen%40company.com/details?system=saviynt-analytics"},"timestamp":"2025-11-29T18:08:38.825Z"}
{"level":"info","message":{"auth":"[REDACTED]","method":"GET","msg":"request","timestamp":"2025-11-29T18:08:38.847Z","url":"/api/search-employee/u1009/details?system=saviynt-analytics"},"timestamp":"2025-11-29T18:08:38.847Z"}
{"level":"info","message":{"auth":"[REDACTED]","method":"GET","msg":"request","timestamp":"2025-11-29T18:08:38.877Z","url":"/api/search-employee/IAN.CHEN%40COMPANY.COM/details?system=saviynt-analytics"},"timestamp":"2025-11-29T18:08:38.877Z"}
{"level":"info","message":{"auth":"[REDACTED]","method":"GET","msg":"request","timestamp":"2025-11-29T18:08:38.907Z","url":"/api/search-employee/U1009/details?system=saviynt-analytics"},"timestamp":"2025-11-29T18:08:38.907Z"}
{"level":"info","message":{"auth":"[REDACTED]","method":"GET","msg":"request","timestamp":"2025-11-29T18:08:38.913Z","url":"/api/search-employee/ian.chen%40company.com/details?system=saviynt-controls"},"timestamp":"2025-11-29T18:08:38.913Z"}
{"level":"info","message":{"auth":"[REDACTED]","method":"GET","msg":"request","timestamp":"2025-11-29T18:08:38.919Z","url":"/api/search-employee/u1009/details?system=saviynt-controls"},"timestamp":"2025-11-29T18:08:38.919Z"}
{"level":"info","message":{"auth":"[REDACTED]","method":"GET","msg":"request","timestamp":"2025-11-29T18:08:38.925Z","url":"/api/search-employee/IAN.CHEN%40COMPANY.COM/details?system=saviynt-controls"},"timestamp":"2025-11-29T18:08:38.925Z"}
{"level":"info","message":{"auth":"[REDACTED]","method":"GET","msg":"request","timestamp":"2025-11-29T18:08:38.930Z","url":"/api/search-employee/U1009/details?system=saviynt-controls"},"timestamp":"2025-11-29T18:08:38.930Z"}
{"level":"info","message":{"auth":"[REDACTED]","method":"GET","msg":"request","timestamp":"2025-11-29T18:08:38.935Z","url":"/api/search-employee/ian.chen%40company.com/details?system=saviynt-requests"},"timestamp":"2025-11-29T18:08:38.935Z"}
{"level":"info","message":{"auth":"[REDACTED]","method":"GET","msg":"request","timestamp":"2025-11-29T18:08:38.941Z","url":"/api/search-employee/u1009/details?system=saviynt-requests"},"timestamp":"2025-11-29T18:08:38.941Z"}
{"level":"info","message":{"auth":"[REDACTED]","method":"GET","msg":"request","timestamp":"2025-11-29T18:08:38.946Z","url":"/api/search-employee/IAN.CHEN%40COMPANY.COM/details?system=saviynt-requests"},"timestamp":"2025-11-29T18:08:38.946Z"}
{"level":"info","message":{"auth":"[REDACTED]","method":"GET","msg":"request","timestamp":"2025-11-29T18:08:38.951Z","url":"/api/search-employee/U1009/details?system=saviynt-requests"},"timestamp":"2025-11-29T18:08:38.951Z"}
{"level":"info","message":{"auth":"[REDACTED]","method":"GET","msg":"request","timestamp":"2025-11-29T18:08:38.956Z","url":"/api/search-employee/ian.chen%40company.com/details?system=saviynt-provisioning"},"timestamp":"2025-11-29T18:08:38.956Z"}
{"level":"info","message":{"auth":"[REDACTED]","method":"GET","msg":"request","timestamp":"2025-11-29T18:08:38.961Z","url":"/api/search-employee/u1009/details?system=saviynt-provisioning"},"timestamp":"2025-11-29T18:08:38.961Z"}
{"level":"info","message":{"auth":"[REDACTED]","method":"GET","msg":"request","timestamp":"2025-11-29T18:08:38.966Z","url":"/api/search-employee/IAN.CHEN%40COMPANY.COM/details?system=saviynt-provisioning"},"timestamp":"2025-11-29T18:08:38.966Z"}
{"level":"info","message":{"auth":"[REDACTED]","method":"GET","msg":"request","timestamp":"2025-11-29T18:08:38.971Z","url":"/api/search-employee/U1009/details?system=saviynt-provisioning"},"timestamp":"2025-11-29T18:08:38.971Z"}
{"level":"info","message":{"auth":"[REDACTED]","method":"GET","msg":"request","timestamp":"2025-11-29T18:08:38.975Z","url":"/api/search-employee/ian.chen%40company.com/details?system=azure-ad"},"timestamp":"2025-11-29T18:08:38.975Z"}
{"level":"info","message":{"auth":"[REDACTED]","method":"GET","msg":"request","timestamp":"2025-11-29T18:08:38.980Z","url":"/api/search-employee/u1009/details?system=azure-ad"},"timestamp":"2025-11-29T18:08:38.980Z"}
{"level":"info","message":{"auth":"[REDACTED]","method":"GET","msg":"request","timestamp":"2025-11-29T18:08:38.985Z","url":"/api/search-employee/IAN.CHEN%40COMPANY.COM/details?system=azure-ad"},"timestamp":"2025-11-29T18:08:38.985Z"}
{"level":"info","message":{"auth":"[REDACTED]","method":"GET","msg":"request","timestamp":"2025-11-29T18:08:38.990Z","url":"/api/search-employee/U1009/details?system=azure-ad"},"timestamp":"2025-11-29T18:08:38.990Z"}
{"level":"info","message":{"auth":"[REDACTED]","method":"GET","msg":"request","timestamp":"2025-11-29T18:08:38.997Z","url":"/api/search-employee/ian.chen%40company.com/details?system=azure-ad-users"},"timestamp":"2025-11-29T18:08:38.997Z"}
{"level":"info","message":{"auth":"[REDACTED]","method":"GET","msg":"request","timestamp":"2025-11-29T18:08:39.001Z","url":"/api/search-employee/u1009/details?system=azure-ad-users"},"timestamp":"2025-11-29T18:08:39.001Z"}
{"level":"info","message":{"auth":"[REDACTED]","method":"GET","msg":"request","timestamp":"2025-11-29T18:08:39.043Z","url":"/api/search-employee/IAN.CHEN%40COMPANY.COM/details?system=azure-ad-users"},"timestamp":"2025-11-29T18:08:39.043Z"}
{"level":"info","message":{"auth":"[REDACTED]","method":"GET","msg":"request","timestamp":"2025-11-29T18:08:39.048Z","url":"/api/search-employee/U1009/details?system=azure-ad-users"},"timestamp":"2025-11-29T18:08:39.048Z"}
{"level":"info","message":{"auth":"[REDACTED]","method":"GET","msg":"request","timestamp":"2025-11-29T18:08:39.053Z","url":"/api/search-employee/ian.chen%40company.com/details?system=azure-ad-groups"},"timestamp":"2025-11-29T18:08:39.053Z"}
{"level":"info","message":{"auth":"[REDACTED]","method":"GET","msg":"request","timestamp":"2025-11-29T18:08:39.057Z","url":"/api/search-employee/u1009/details?system=azure-ad-groups"},"timestamp":"2025-11-29T18:08:39.057Z"}
{"level":"info","message":{"auth":"[REDACTED]","method":"GET","msg":"request","timestamp":"2025-11-29T18:08:39.062Z","url":"/api/search-employee/IAN.CHEN%40COMPANY.COM/details?system=azure-ad-groups"},"timestamp":"2025-11-29T18:08:39.062Z"}
{"level":"info","message":{"auth":"[REDACTED]","method":"GET","msg":"request","timestamp":"2025-11-29T18:08:39.067Z","url":"/api/search-employee/U1009/details?system=azure-ad-groups"},"timestamp":"2025-11-29T18:08:39.067Z"}
{"level":"info","message":{"auth":"[REDACTED]","method":"GET","msg":"request","timestamp":"2025-11-29T18:08:39.072Z","url":"/api/search-employee/ian.chen%40company.com/details?system=azure-ad-apps"},"timestamp":"2025-11-29T18:08:39.072Z"}
{"level":"info","message":{"auth":"[REDACTED]","method":"GET","msg":"request","timestamp":"2025-11-29T18:08:39.076Z","url":"/api/search-employee/u1009/details?system=azure-ad-apps"},"timestamp":"2025-11-29T18:08:39.076Z"}
{"level":"info","message":{"auth":"[REDACTED]","method":"GET","msg":"request","timestamp":"2025-11-29T18:08:39.081Z","url":"/api/search-employee/IAN.CHEN%40COMPANY.COM/details?system=azure-ad-apps"},"timestamp":"2025-11-29T18:08:39.081Z"}
{"level":"info","message":{"auth":"[REDACTED]","method":"GET","msg":"request","timestamp":"2025-11-29T18:08:39.085Z","url":"/api/search-employee/U1009/details?system=azure-ad-apps"},"timestamp":"2025-11-29T18:08:39.085Z"}
{"level":"info","message":{"auth":"[REDACTED]","method":"GET","msg":"request","timestamp":"2025-11-29T18:08:39.090Z","url":"/api/search-employee/ian.chen%40company.com/details?system=azure-ad-conditional"},"timestamp":"2025-11-29T18:08:39.090Z"}
{"level":"info","message":{"auth":"[REDACTED]","method":"GET","msg":"request","timestamp":"2025-11-29T18:08:39.095Z","url":"/api/search-employee/u1009/details?system=azure-ad-conditional"},"timestamp":"2025-11-29T18:08:39.095Z"}
{"level":"info","message":{"auth":"[REDACTED]","method":"GET","msg":"request","timestamp":"2025-11-29T18:08:39.099Z","url":"/api/search-employee/IAN.CHEN%40COMPANY.COM/details?system=azure-ad-conditional"},"timestamp":"2025-11-29T18:08:39.099Z"}
{"level":"info","message":{"auth":"[REDACTED]","method":"GET","msg":"request","timestamp":"2025-11-29T18:08:39.104Z","url":"/api/search-employee/U1009/details?system=azure-ad-conditional"},"timestamp":"2025-11-29T18:08:39.104Z"}
{"level":"info","message":{"auth":"[REDACTED]","method":"GET","msg":"request","timestamp":"2025-11-29T18:08:39.109Z","url":"/api/search-employee/ian.chen%40company.com/details?system=azure-ad-signin"},"timestamp":"2025-11-29T18:08:39.109Z"}
{"level":"info","message":{"auth":"[REDACTED]","method":"GET","msg":"request","timestamp":"2025-11-29T18:08:39.115Z","url":"/api/search-employee/u1009/details?system=azure-ad-signin"},"timestamp":"2025-11-29T18:08:39.115Z"}
{"level":"info","message":{"auth":"[REDACTED]","method":"GET","msg":"request","timestamp":"2025-11-29T18:08:39.119Z","url":"/api/search-employee/IAN.CHEN%40COMPANY.COM/details?system=azure-ad-signin"},"timestamp":"2025-11-29T18:08:39.119Z"}
{"level":"info","message":{"auth":"[REDACTED]","method":"GET","msg":"request","timestamp":"2025-11-29T18:08:39.124Z","url":"/api/search-employee/U1009/details?system=azure-ad-signin"},"timestamp":"2025-11-29T18:08:39.124Z"}
{"level":"info","message":{"auth":"[REDACTED]","method":"GET","msg":"request","timestamp":"2025-11-29T18:08:39.129Z","url":"/api/search-employee/ian.chen%40company.com/details?system=saviynt-tpag"},"timestamp":"2025-11-29T18:08:39.129Z"}
{"level":"info","message":{"auth":"[REDACTED]","method":"GET","msg":"request","timestamp":"2025-11-29T18:08:39.134Z","url":"/api/search-employee/u1009/details?system=saviynt-tpag"},"timestamp":"2025-11-29T18:08:39.134Z"}
{"level":"info","message":{"auth":"[REDACTED]","method":"GET","msg":"request","timestamp":"2025-11-29T18:08:39.138Z","url":"/api/search-employee/IAN.CHEN%40COMPANY.COM/details?system=saviynt-tpag"},"timestamp":"2025-11-29T18:08:39.138Z"}
{"level":"info","message":{"msg":"backend listening on http://localhost:3001"},"timestamp":"2025-11-29T18:33:33.534Z"}
{"level":"info","message":{"auth":"[REDACTED]","method":"GET","msg":"request","timestamp":"2025-11-29T18:35:00.184Z","url":"/api/ops-failures?system=saviynt-tpag-vendor&minutes=10"},"timestamp":"2025-11-29T18:35:00.184Z"}
{"level":"info","message":{"auth":"[REDACTED]","method":"GET","msg":"request","timestamp":"2025-11-29T18:35:00.203Z","url":"/api/ops-failures?system=saviynt-tpag-access&minutes=10"},"timestamp":"2025-11-29T18:35:00.203Z"}
{"level":"info","message":{"auth":"[REDACTED]","method":"GET","msg":"request","timestamp":"2025-11-29T18:35:00.484Z","url":"/api/ops-failures?system=saviynt-tpag-vendor&minutes=10"},"timestamp":"2025-11-29T18:35:00.484Z"}
{"level":"info","message":{"auth":"[REDACTED]","method":"GET","msg":"request","timestamp":"2025-11-29T18:35:00.491Z","url":"/api/ops-failures?system=saviynt-tpag-access&minutes=10"},"timestamp":"2025-11-29T18:35:00.491Z"}
{"level":"info","message":{"auth":"[REDACTED]","method":"GET","msg":"request","timestamp":"2025-11-29T18:35:02.108Z","url":"/api/own-saviynt-tpag"},"timestamp":"2025-11-29T18:35:02.108Z"}
{"level":"info","message":{"auth":"[REDACTED]","method":"GET","msg":"request","timestamp":"2025-11-29T18:35:02.115Z","url":"/api/own-saviynt-tpag-vendors"},"timestamp":"2025-11-29T18:35:02.115Z"}
{"level":"info","message":{"auth":"[REDACTED]","method":"GET","msg":"request","timestamp":"2025-11-29T18:35:02.120Z","url":"/api/own-saviynt-tpag-contracts"},"timestamp":"2025-11-29T18:35:02.120Z"}
{"level":"info","message":{"auth":"[REDACTED]","method":"GET","msg":"request","timestamp":"2025-11-29T18:35:02.126Z","url":"/api/own-saviynt-tpag"},"timestamp":"2025-11-29T18:35:02.126Z"}
{"level":"info","message":{"auth":"[REDACTED]","method":"GET","msg":"request","timestamp":"2025-11-29T18:35:02.132Z","url":"/api/own-saviynt-tpag-vendors"},"timestamp":"2025-11-29T18:35:02.132Z"}
{"level":"info","message":{"auth":"[REDACTED]","method":"GET","msg":"request","timestamp":"2025-11-29T18:35:02.138Z","url":"/api/own-saviynt-tpag-access"},"timestamp":"2025-11-29T18:35:02.138Z"}
{"level":"info","message":{"auth":"[REDACTED]","method":"GET","msg":"request","timestamp":"2025-11-29T18:35:02.144Z","url":"/api/own-saviynt-tpag-contracts"},"timestamp":"2025-11-29T18:35:02.144Z"}
{"level":"info","message":{"auth":"[REDACTED]","method":"GET","msg":"request","timestamp":"2025-11-29T18:35:02.148Z","url":"/api/own-saviynt-tpag-risk"},"timestamp":"2025-11-29T18:35:02.148Z"}
{"level":"info","message":{"auth":"[REDACTED]","method":"GET","msg":"request","timestamp":"2025-11-29T18:35:02.153Z","url":"/api/own-saviynt-tpag-access"},"timestamp":"2025-11-29T18:35:02.153Z"}
{"level":"info","message":{"auth":"[REDACTED]","method":"GET","msg":"request","timestamp":"2025-11-29T18:35:02.158Z","url":"/api/own-saviynt-tpag-lifecycle"},"timestamp":"2025-11-29T18:35:02.158Z"}
{"level":"info","message":{"auth":"[REDACTED]","method":"GET","msg":"request","timestamp":"2025-11-29T18:35:02.163Z","url":"/api/own-saviynt-tpag-risk"},"timestamp":"2025-11-29T18:35:02.163Z"}
{"level":"info","message":{"auth":"[REDACTED]","method":"GET","msg":"request","timestamp":"2025-11-29T18:35:02.168Z","url":"/api/own-saviynt-tpag-lifecycle"},"timestamp":"2025-11-29T18:35:02.168Z"}
{"level":"info","message":{"auth":"[REDACTED]","method":"GET","msg":"request","timestamp":"2025-11-29T18:35:07.220Z","url":"/api/own-saviynt-tpag"},"timestamp":"2025-11-29T18:35:07.220Z"}
{"level":"info","message":{"auth":"[REDACTED]","method":"GET","msg":"request","timestamp":"2025-11-29T18:35:07.231Z","url":"/api/own-saviynt-tpag-vendors"},"timestamp":"2025-11-29T18:35:07.231Z"}
{"level":"info","message":{"auth":"[REDACTED]","method":"GET","msg":"request","timestamp":"2025-11-29T18:35:07.237Z","url":"/api/own-saviynt-tpag-contracts"},"timestamp":"2025-11-29T18:35:07.237Z"}
{"level":"info","message":{"auth":"[REDACTED]","method":"GET","msg":"request","timestamp":"2025-11-29T18:35:07.310Z","url":"/api/own-saviynt-tpag-access"},"timestamp":"2025-11-29T18:35:07.310Z"}
{"level":"info","message":{"auth":"[REDACTED]","method":"GET","msg":"request","timestamp":"2025-11-29T18:35:07.321Z","url":"/api/own-saviynt-tpag-risk"},"timestamp":"2025-11-29T18:35:07.321Z"}
{"level":"info","message":{"auth":"[REDACTED]","method":"GET","msg":"request","timestamp":"2025-11-29T18:35:07.375Z","url":"/api/own-saviynt-tpag-lifecycle"},"timestamp":"2025-11-29T18:35:07.376Z"}
{"level":"info","message":{"auth":"[REDACTED]","method":"GET","msg":"request","timestamp":"2025-11-29T18:35:07.392Z","url":"/api/own-saviynt-tpag"},"timestamp":"2025-11-29T18:35:07.392Z"}
{"level":"info","message":{"auth":"[REDACTED]","method":"GET","msg":"request","timestamp":"2025-11-29T18:35:07.405Z","url":"/api/ops-failures?system=saviynt-tpag-vendor&minutes=10"},"timestamp":"2025-11-29T18:35:07.405Z"}
{"level":"info","message":{"auth":"[REDACTED]","method":"GET","msg":"request","timestamp":"2025-11-29T18:35:07.414Z","url":"/api/own-saviynt-tpag-vendors"},"timestamp":"2025-11-29T18:35:07.414Z"}
{"level":"info","message":{"auth":"[REDACTED]","method":"GET","msg":"request","timestamp":"2025-11-29T18:35:07.422Z","url":"/api/own-saviynt-tpag-contracts"},"timestamp":"2025-11-29T18:35:07.422Z"}
{"level":"info","message":{"auth":"[REDACTED]","method":"GET","msg":"request","timestamp":"2025-11-29T18:35:07.427Z","url":"/api/own-saviynt-tpag-access"},"timestamp":"2025-11-29T18:35:07.427Z"}
{"level":"info","message":{"auth":"[REDACTED]","method":"GET","msg":"request","timestamp":"2025-11-29T18:35:07.432Z","url":"/api/own-saviynt-tpag-risk"},"timestamp":"2025-11-29T18:35:07.432Z"}
{"level":"info","message":{"auth":"[REDACTED]","method":"GET","msg":"request","timestamp":"2025-11-29T18:35:07.437Z","url":"/api/own-saviynt-tpag-lifecycle"},"timestamp":"2025-11-29T18:35:07.437Z"}
{"level":"info","message":{"auth":"[REDACTED]","method":"GET","msg":"request","timestamp":"2025-11-29T18:35:07.444Z","url":"/api/ops-failures?system=saviynt-tpag-access&minutes=10"},"timestamp":"2025-11-29T18:35:07.444Z"}
{"level":"info","message":{"auth":"[REDACTED]","method":"GET","msg":"request","timestamp":"2025-11-29T18:35:25.297Z","url":"/api/ops-failures?system=saviynt-tpag-vendor&minutes=10"},"timestamp":"2025-11-29T18:35:25.297Z"}
{"level":"info","message":{"auth":"[REDACTED]","method":"GET","msg":"request","timestamp":"2025-11-29T18:35:25.301Z","url":"/api/ops-failures?system=saviynt-tpag-access&minutes=10"},"timestamp":"2025-11-29T18:35:25.301Z"}
{"level":"info","message":{"auth":"[REDACTED]","method":"GET","msg":"request","timestamp":"2025-11-29T18:35:34.405Z","url":"/api/own-saviynt-tpag"},"timestamp":"2025-11-29T18:35:34.405Z"}
{"level":"info","message":{"auth":"[REDACTED]","method":"GET","msg":"request","timestamp":"2025-11-29T18:35:34.417Z","url":"/api/own-saviynt-tpag-vendors"},"timestamp":"2025-11-29T18:35:34.417Z"}
{"level":"info","message":{"auth":"[REDACTED]","method":"GET","msg":"request","timestamp":"2025-11-29T18:35:34.427Z","url":"/api/own-saviynt-tpag-contracts"},"timestamp":"2025-11-29T18:35:34.427Z"}
{"level":"info","message":{"auth":"[REDACTED]","method":"GET","msg":"request","timestamp":"2025-11-29T18:35:34.435Z","url":"/api/own-saviynt-tpag-access"},"timestamp":"2025-11-29T18:35:34.435Z"}
{"level":"info","message":{"auth":"[REDACTED]","method":"GET","msg":"request","timestamp":"2025-11-29T18:35:34.444Z","url":"/api/own-saviynt-tpag-risk"},"timestamp":"2025-11-29T18:35:34.444Z"}
{"level":"info","message":{"auth":"[REDACTED]","method":"GET","msg":"request","timestamp":"2025-11-29T18:35:34.454Z","url":"/api/own-saviynt-tpag-lifecycle"},"timestamp":"2025-11-29T18:35:34.454Z"}
{"level":"info","message":{"auth":"[REDACTED]","method":"GET","msg":"request","timestamp":"2025-11-29T18:35:34.466Z","url":"/api/own-saviynt-tpag"},"timestamp":"2025-11-29T18:35:34.466Z"}
{"level":"info","message":{"auth":"[REDACTED]","method":"GET","msg":"request","timestamp":"2025-11-29T18:35:34.484Z","url":"/api/own-saviynt-tpag-vendors"},"timestamp":"2025-11-29T18:35:34.484Z"}
{"level":"info","message":{"auth":"[REDACTED]","method":"GET","msg":"request","timestamp":"2025-11-29T18:35:34.501Z","url":"/api/own-saviynt-tpag-contracts"},"timestamp":"2025-11-29T18:35:34.501Z"}
{"level":"info","message":{"auth":"[REDACTED]","method":"GET","msg":"request","timestamp":"2025-11-29T18:35:34.524Z","url":"/api/own-saviynt-tpag-access"},"timestamp":"2025-11-29T18:35:34.524Z"}
{"level":"info","message":{"auth":"[REDACTED]","method":"GET","msg":"request","timestamp":"2025-11-29T18:35:34.612Z","url":"/api/own-saviynt-tpag-risk"},"timestamp":"2025-11-29T18:35:34.612Z"}
{"level":"info","message":{"auth":"[REDACTED]","method":"GET","msg":"request","timestamp":"2025-11-29T18:35:34.626Z","url":"/api/own-saviynt-tpag-lifecycle"},"timestamp":"2025-11-29T18:35:34.626Z"}
{"level":"info","message":{"auth":"[REDACTED]","method":"GET","msg":"request","timestamp":"2025-11-29T18:44:59.189Z","url":"/api/ops-failures?system=saviynt-tpag-vendor&minutes=10"},"timestamp":"2025-11-29T18:44:59.189Z"}
{"level":"info","message":{"auth":"[REDACTED]","method":"GET","msg":"request","timestamp":"2025-11-29T18:44:59.198Z","url":"/api/ops-failures?system=saviynt-tpag-access&minutes=10"},"timestamp":"2025-11-29T18:44:59.198Z"}
{"level":"info","message":{"auth":"[REDACTED]","method":"GET","msg":"request","timestamp":"2025-11-29T18:44:59.377Z","url":"/api/own-saviynt-tpag"},"timestamp":"2025-11-29T18:44:59.377Z"}
{"level":"info","message":{"auth":"[REDACTED]","method":"GET","msg":"request","timestamp":"2025-11-29T18:44:59.408Z","url":"/api/own-saviynt-tpag-vendors"},"timestamp":"2025-11-29T18:44:59.408Z"}
{"level":"info","message":{"auth":"[REDACTED]","method":"GET","msg":"request","timestamp":"2025-11-29T18:44:59.417Z","url":"/api/own-saviynt-tpag-contracts"},"timestamp":"2025-11-29T18:44:59.417Z"}
{"level":"info","message":{"auth":"[REDACTED]","method":"GET","msg":"request","timestamp":"2025-11-29T18:44:59.424Z","url":"/api/own-saviynt-tpag-access"},"timestamp":"2025-11-29T18:44:59.424Z"}
{"level":"info","message":{"auth":"[REDACTED]","method":"GET","msg":"request","timestamp":"2025-11-29T18:44:59.452Z","url":"/api/own-saviynt-tpag-risk"},"timestamp":"2025-11-29T18:44:59.452Z"}
{"level":"info","message":{"auth":"[REDACTED]","method":"GET","msg":"request","timestamp":"2025-11-29T18:44:59.477Z","url":"/api/own-saviynt-tpag-lifecycle"},"timestamp":"2025-11-29T18:44:59.477Z"}
{"level":"info","message":{"auth":"[REDACTED]","method":"GET","msg":"request","timestamp":"2025-11-29T18:45:04.477Z","url":"/api/ops-failures?system=saviynt-tpag-vendor&minutes=10"},"timestamp":"2025-11-29T18:45:04.477Z"}
{"level":"info","message":{"auth":"[REDACTED]","method":"GET","msg":"request","timestamp":"2025-11-29T18:45:04.490Z","url":"/api/ops-failures?system=saviynt-tpag-access&minutes=10"},"timestamp":"2025-11-29T18:45:04.490Z"}
{"level":"info","message":{"auth":"[REDACTED]","method":"GET","msg":"request","timestamp":"2025-11-29T18:45:04.546Z","url":"/api/own-saviynt-tpag"},"timestamp":"2025-11-29T18:45:04.546Z"}
{"level":"info","message":{"auth":"[REDACTED]","method":"GET","msg":"request","timestamp":"2025-11-29T18:45:04.551Z","url":"/api/own-saviynt-tpag-vendors"},"timestamp":"2025-11-29T18:45:04.551Z"}
{"level":"info","message":{"auth":"[REDACTED]","method":"GET","msg":"request","timestamp":"2025-11-29T18:45:04.557Z","url":"/api/own-saviynt-tpag-contracts"},"timestamp":"2025-11-29T18:45:04.557Z"}
{"level":"info","message":{"auth":"[REDACTED]","method":"GET","msg":"request","timestamp":"2025-11-29T18:45:04.562Z","url":"/api/own-saviynt-tpag-access"},"timestamp":"2025-11-29T18:45:04.562Z"}
{"level":"info","message":{"auth":"[REDACTED]","method":"GET","msg":"request","timestamp":"2025-11-29T18:45:04.584Z","url":"/api/own-saviynt-tpag-risk"},"timestamp":"2025-11-29T18:45:04.584Z"}
{"level":"info","message":{"auth":"[REDACTED]","method":"GET","msg":"request","timestamp":"2025-11-29T18:45:04.596Z","url":"/api/own-saviynt-tpag-lifecycle"},"timestamp":"2025-11-29T18:45:04.597Z"}
{"level":"info","message":{"auth":"[REDACTED]","method":"GET","msg":"request","timestamp":"2025-11-29T18:45:08.734Z","url":"/api/own-saviynt-tpag"},"timestamp":"2025-11-29T18:45:08.734Z"}
{"level":"info","message":{"auth":"[REDACTED]","method":"GET","msg":"request","timestamp":"2025-11-29T18:45:08.748Z","url":"/api/ops-failures?system=saviynt-tpag-vendor&minutes=10"},"timestamp":"2025-11-29T18:45:08.749Z"}
{"level":"info","message":{"auth":"[REDACTED]","method":"GET","msg":"request","timestamp":"2025-11-29T18:45:08.756Z","url":"/api/ops-failures?system=saviynt-tpag-access&minutes=10"},"timestamp":"2025-11-29T18:45:08.756Z"}
{"level":"info","message":{"auth":"[REDACTED]","method":"GET","msg":"request","timestamp":"2025-11-29T18:45:08.784Z","url":"/api/own-saviynt-tpag-vendors"},"timestamp":"2025-11-29T18:45:08.784Z"}
{"level":"info","message":{"auth":"[REDACTED]","method":"GET","msg":"request","timestamp":"2025-11-29T18:45:08.790Z","url":"/api/own-saviynt-tpag-contracts"},"timestamp":"2025-11-29T18:45:08.790Z"}
{"level":"info","message":{"auth":"[REDACTED]","method":"GET","msg":"request","timestamp":"2025-11-29T18:45:08.798Z","url":"/api/own-saviynt-tpag-access"},"timestamp":"2025-11-29T18:45:08.798Z"}
{"level":"info","message":{"auth":"[REDACTED]","method":"GET","msg":"request","timestamp":"2025-11-29T18:45:08.810Z","url":"/api/own-saviynt-tpag-risk"},"timestamp":"2025-11-29T18:45:08.810Z"}
{"level":"info","message":{"auth":"[REDACTED]","method":"GET","msg":"request","timestamp":"2025-11-29T18:45:08.816Z","url":"/api/own-saviynt-tpag-lifecycle"},"timestamp":"2025-11-29T18:45:08.816Z"}
{"level":"info","message":{"auth":"[REDACTED]","method":"GET","msg":"request","timestamp":"2025-11-29T18:45:42.080Z","url":"/api/ops-failures?system=azure-ad-auth&minutes=10"},"timestamp":"2025-11-29T18:45:42.080Z"}
{"level":"info","message":{"auth":"[REDACTED]","method":"GET","msg":"request","timestamp":"2025-11-29T18:45:42.094Z","url":"/api/ops-failures?system=azure-ad-access&minutes=10"},"timestamp":"2025-11-29T18:45:42.094Z"}
{"level":"info","message":{"auth":"[REDACTED]","method":"GET","msg":"request","timestamp":"2025-11-29T18:45:45.946Z","url":"/api/all-users"},"timestamp":"2025-11-29T18:45:45.946Z"}
{"level":"info","message":{"auth":"[REDACTED]","method":"GET","msg":"request","timestamp":"2025-11-29T18:45:45.992Z","url":"/api/search-employee/hannah.park%40company.com/details?system=ping-directory"},"timestamp":"2025-11-29T18:45:45.992Z"}
{"level":"info","message":{"auth":"[REDACTED]","method":"GET","msg":"request","timestamp":"2025-11-29T18:45:46.001Z","url":"/api/search-employee/u1008/details?system=ping-directory"},"timestamp":"2025-11-29T18:45:46.001Z"}
{"level":"info","message":{"auth":"[REDACTED]","method":"GET","msg":"request","timestamp":"2025-11-29T18:45:46.006Z","url":"/api/search-employee/HANNAH.PARK%40COMPANY.COM/details?system=ping-directory"},"timestamp":"2025-11-29T18:45:46.006Z"}
{"level":"info","message":{"auth":"[REDACTED]","method":"GET","msg":"request","timestamp":"2025-11-29T18:45:46.011Z","url":"/api/search-employee/U1008/details?system=ping-directory"},"timestamp":"2025-11-29T18:45:46.011Z"}
{"level":"info","message":{"auth":"[REDACTED]","method":"GET","msg":"request","timestamp":"2025-11-29T18:45:46.019Z","url":"/api/search-employee/hannah.park%40company.com/details?system=ping-mfa"},"timestamp":"2025-11-29T18:45:46.019Z"}
{"level":"info","message":{"auth":"[REDACTED]","method":"GET","msg":"request","timestamp":"2025-11-29T18:45:46.029Z","url":"/api/search-employee/u1008/details?system=ping-mfa"},"timestamp":"2025-11-29T18:45:46.029Z"}
{"level":"info","message":{"auth":"[REDACTED]","method":"GET","msg":"request","timestamp":"2025-11-29T18:45:46.036Z","url":"/api/search-employee/HANNAH.PARK%40COMPANY.COM/details?system=ping-mfa"},"timestamp":"2025-11-29T18:45:46.036Z"}
{"level":"info","message":{"auth":"[REDACTED]","method":"GET","msg":"request","timestamp":"2025-11-29T18:45:46.044Z","url":"/api/search-employee/U1008/details?system=ping-mfa"},"timestamp":"2025-11-29T18:45:46.044Z"}
{"level":"info","message":{"auth":"[REDACTED]","method":"GET","msg":"request","timestamp":"2025-11-29T18:46:42.573Z","url":"/api/ops-failures?system=ping-federate&minutes=10"},"timestamp":"2025-11-29T18:46:42.573Z"}
{"level":"info","message":{"auth":"[REDACTED]","method":"GET","msg":"request","timestamp":"2025-11-29T18:46:42.583Z","url":"/api/ops-failures?system=ping-mfa&minutes=10"},"timestamp":"2025-11-29T18:46:42.583Z"}
{"level":"info","message":{"auth":"[REDACTED]","method":"GET","msg":"request","timestamp":"2025-11-29T18:47:33.180Z","url":"/api/ops-failures?system=cyberark-pam&minutes=10"},"timestamp":"2025-11-29T18:47:33.180Z"}
{"level":"info","message":{"auth":"[REDACTED]","method":"GET","msg":"request","timestamp":"2025-11-29T18:47:33.186Z","url":"/api/ops-failures?system=cyberark-vault&minutes=10"},"timestamp":"2025-11-29T18:47:33.186Z"}
{"level":"info","message":{"auth":"[REDACTED]","method":"GET","msg":"request","timestamp":"2025-11-29T18:47:47.521Z","url":"/api/own-cyberark"},"timestamp":"2025-11-29T18:47:47.521Z"}
{"level":"info","message":{"auth":"[REDACTED]","method":"GET","msg":"request","timestamp":"2025-11-29T18:47:47.527Z","url":"/api/own-cyberark-epm"},"timestamp":"2025-11-29T18:47:47.527Z"}
{"level":"info","message":{"auth":"[REDACTED]","method":"GET","msg":"request","timestamp":"2025-11-29T18:47:47.546Z","url":"/api/own-cyberark-alero"},"timestamp":"2025-11-29T18:47:47.546Z"}
{"level":"info","message":{"auth":"[REDACTED]","method":"GET","msg":"request","timestamp":"2025-11-29T18:47:47.552Z","url":"/api/own-cyberark-conjur"},"timestamp":"2025-11-29T18:47:47.552Z"}
{"level":"info","message":{"auth":"[REDACTED]","method":"GET","msg":"request","timestamp":"2025-11-29T18:47:47.558Z","url":"/api/own-cyberark-dpa"},"timestamp":"2025-11-29T18:47:47.558Z"}
{"level":"info","message":{"auth":"[REDACTED]","method":"GET","msg":"request","timestamp":"2025-11-29T18:47:47.571Z","url":"/api/own-cyberark-identity"},"timestamp":"2025-11-29T18:47:47.571Z"}
{"level":"info","message":{"auth":"[REDACTED]","method":"GET","msg":"request","timestamp":"2025-11-29T18:47:57.218Z","url":"/api/all-users"},"timestamp":"2025-11-29T18:47:57.218Z"}
{"level":"info","message":{"auth":"[REDACTED]","method":"GET","msg":"request","timestamp":"2025-11-29T18:47:57.272Z","url":"/api/search-employee/george.smith%40company.com/details?system=ping-directory"},"timestamp":"2025-11-29T18:47:57.272Z"}
{"level":"info","message":{"auth":"[REDACTED]","method":"GET","msg":"request","timestamp":"2025-11-29T18:47:57.279Z","url":"/api/search-employee/u1007/details?system=ping-directory"},"timestamp":"2025-11-29T18:47:57.279Z"}
{"level":"info","message":{"auth":"[REDACTED]","method":"GET","msg":"request","timestamp":"2025-11-29T18:47:57.289Z","url":"/api/search-employee/GEORGE.SMITH%40COMPANY.COM/details?system=ping-directory"},"timestamp":"2025-11-29T18:47:57.289Z"}
{"level":"info","message":{"auth":"[REDACTED]","method":"GET","msg":"request","timestamp":"2025-11-29T18:47:57.295Z","url":"/api/search-employee/U1007/details?system=ping-directory"},"timestamp":"2025-11-29T18:47:57.295Z"}
{"level":"info","message":{"auth":"[REDACTED]","method":"GET","msg":"request","timestamp":"2025-11-29T18:47:57.306Z","url":"/api/search-employee/george.smith%40company.com/details?system=ping-mfa"},"timestamp":"2025-11-29T18:47:57.306Z"}
{"level":"info","message":{"auth":"[REDACTED]","method":"GET","msg":"request","timestamp":"2025-11-29T18:47:57.312Z","url":"/api/search-employee/u1007/details?system=ping-mfa"},"timestamp":"2025-11-29T18:47:57.312Z"}
{"level":"info","message":{"auth":"[REDACTED]","method":"GET","msg":"request","timestamp":"2025-11-29T18:47:57.320Z","url":"/api/search-employee/GEORGE.SMITH%40COMPANY.COM/details?system=ping-mfa"},"timestamp":"2025-11-29T18:47:57.320Z"}
{"level":"info","message":{"auth":"[REDACTED]","method":"GET","msg":"request","timestamp":"2025-11-29T18:47:57.327Z","url":"/api/search-employee/U1007/details?system=ping-mfa"},"timestamp":"2025-11-29T18:47:57.327Z"}
{"level":"info","message":{"auth":"[REDACTED]","method":"GET","msg":"request","timestamp":"2025-11-29T18:48:01.139Z","url":"/api/ops-failures?system=ping-federate&minutes=10"},"timestamp":"2025-11-29T18:48:01.139Z"}
{"level":"info","message":{"auth":"[REDACTED]","method":"GET","msg":"request","timestamp":"2025-11-29T18:48:01.145Z","url":"/api/ops-failures?system=ping-mfa&minutes=10"},"timestamp":"2025-11-29T18:48:01.145Z"}
{"level":"info","message":{"auth":"[REDACTED]","method":"GET","msg":"request","timestamp":"2025-11-29T18:52:17.089Z","url":"/api/ops-failures?system=cyberark-pam&minutes=10"},"timestamp":"2025-11-29T18:52:17.089Z"}
{"level":"info","message":{"auth":"[REDACTED]","method":"GET","msg":"request","timestamp":"2025-11-29T18:52:17.113Z","url":"/api/ops-failures?system=cyberark-vault&minutes=10"},"timestamp":"2025-11-29T18:52:17.113Z"}
{"level":"info","message":{"auth":"[REDACTED]","method":"GET","msg":"request","timestamp":"2025-11-29T18:52:33.799Z","url":"/api/search-employee/u1007/details?system=ping-directory"},"timestamp":"2025-11-29T18:52:33.799Z"}
{"level":"info","message":{"auth":"[REDACTED]","method":"GET","msg":"request","timestamp":"2025-11-29T18:52:44.863Z","url":"/api/all-users"},"timestamp":"2025-11-29T18:52:44.863Z"}
{"level":"info","message":{"auth":"[REDACTED]","method":"GET","msg":"request","timestamp":"2025-11-29T18:52:44.895Z","url":"/api/search-employee/george.smith%40company.com/details?system=ping-directory"},"timestamp":"2025-11-29T18:52:44.895Z"}
{"level":"info","message":{"auth":"[REDACTED]","method":"GET","msg":"request","timestamp":"2025-11-29T18:52:44.905Z","url":"/api/search-employee/u1007/details?system=ping-directory"},"timestamp":"2025-11-29T18:52:44.905Z"}
{"level":"info","message":{"auth":"[REDACTED]","method":"GET","msg":"request","timestamp":"2025-11-29T18:52:44.911Z","url":"/api/search-employee/GEORGE.SMITH%40COMPANY.COM/details?system=ping-directory"},"timestamp":"2025-11-29T18:52:44.911Z"}
{"level":"info","message":{"auth":"[REDACTED]","method":"GET","msg":"request","timestamp":"2025-11-29T18:52:44.917Z","url":"/api/search-employee/U1007/details?system=ping-directory"},"timestamp":"2025-11-29T18:52:44.917Z"}
{"level":"info","message":{"auth":"[REDACTED]","method":"GET","msg":"request","timestamp":"2025-11-29T18:52:44.927Z","url":"/api/search-employee/george.smith%40company.com/details?system=ping-mfa"},"timestamp":"2025-11-29T18:52:44.927Z"}
{"level":"info","message":{"auth":"[REDACTED]","method":"GET","msg":"request","timestamp":"2025-11-29T18:52:44.934Z","url":"/api/search-employee/u1007/details?system=ping-mfa"},"timestamp":"2025-11-29T18:52:44.934Z"}
{"level":"info","message":{"auth":"[REDACTED]","method":"GET","msg":"request","timestamp":"2025-11-29T18:52:44.942Z","url":"/api/search-employee/GEORGE.SMITH%40COMPANY.COM/details?system=ping-mfa"},"timestamp":"2025-11-29T18:52:44.942Z"}
{"level":"info","message":{"auth":"[REDACTED]","method":"GET","msg":"request","timestamp":"2025-11-29T18:52:44.948Z","url":"/api/search-employee/U1007/details?system=ping-mfa"},"timestamp":"2025-11-29T18:52:44.948Z"}
{"level":"info","message":{"auth":"[REDACTED]","method":"GET","msg":"request","timestamp":"2025-11-29T18:52:55.601Z","url":"/api/all-users"},"timestamp":"2025-11-29T18:52:55.601Z"}
{"level":"info","message":{"auth":"[REDACTED]","method":"GET","msg":"request","timestamp":"2025-11-29T18:52:55.637Z","url":"/api/search-employee/george.smith%40company.com/details?system=ping-directory"},"timestamp":"2025-11-29T18:52:55.637Z"}
{"level":"info","message":{"auth":"[REDACTED]","method":"GET","msg":"request","timestamp":"2025-11-29T18:52:55.644Z","url":"/api/search-employee/u1007/details?system=ping-directory"},"timestamp":"2025-11-29T18:52:55.644Z"}
{"level":"info","message":{"auth":"[REDACTED]","method":"GET","msg":"request","timestamp":"2025-11-29T18:52:55.650Z","url":"/api/search-employee/GEORGE.SMITH%40COMPANY.COM/details?system=ping-directory"},"timestamp":"2025-11-29T18:52:55.650Z"}
{"level":"info","message":{"auth":"[REDACTED]","method":"GET","msg":"request","timestamp":"2025-11-29T18:52:55.660Z","url":"/api/search-employee/U1007/details?system=ping-directory"},"timestamp":"2025-11-29T18:52:55.660Z"}
{"level":"info","message":{"auth":"[REDACTED]","method":"GET","msg":"request","timestamp":"2025-11-29T18:52:55.671Z","url":"/api/search-employee/george.smith%40company.com/details?system=ping-mfa"},"timestamp":"2025-11-29T18:52:55.671Z"}
{"level":"info","message":{"auth":"[REDACTED]","method":"GET","msg":"request","timestamp":"2025-11-29T18:52:55.680Z","url":"/api/search-employee/u1007/details?system=ping-mfa"},"timestamp":"2025-11-29T18:52:55.680Z"}
{"level":"info","message":{"auth":"[REDACTED]","method":"GET","msg":"request","timestamp":"2025-11-29T18:52:55.692Z","url":"/api/search-employee/GEORGE.SMITH%40COMPANY.COM/details?system=ping-mfa"},"timestamp":"2025-11-29T18:52:55.692Z"}
{"level":"info","message":{"auth":"[REDACTED]","method":"GET","msg":"request","timestamp":"2025-11-29T18:52:55.699Z","url":"/api/search-employee/U1007/details?system=ping-mfa"},"timestamp":"2025-11-29T18:52:55.699Z"}
{"level":"info","message":{"auth":"[REDACTED]","method":"GET","msg":"request","timestamp":"2025-11-29T18:53:24.845Z","url":"/api/search-employee/u1007/details?system=ping-directory"},"timestamp":"2025-11-29T18:53:24.845Z"}
{"level":"info","message":{"auth":"[REDACTED]","method":"GET","msg":"request","timestamp":"2025-11-29T19:09:53.726Z","url":"/api/own-cyberark"},"timestamp":"2025-11-29T19:09:53.726Z"}
{"level":"info","message":{"auth":"[REDACTED]","method":"GET","msg":"request","timestamp":"2025-11-29T19:09:53.747Z","url":"/api/ops-failures?system=cyberark-pam&minutes=10"},"timestamp":"2025-11-29T19:09:53.747Z"}
{"level":"info","message":{"auth":"[REDACTED]","method":"GET","msg":"request","timestamp":"2025-11-29T19:09:53.758Z","url":"/api/ops-failures?system=cyberark-vault&minutes=10"},"timestamp":"2025-11-29T19:09:53.758Z"}
{"level":"info","message":{"auth":"[REDACTED]","method":"GET","msg":"request","timestamp":"2025-11-29T19:09:53.814Z","url":"/api/own-cyberark-epm"},"timestamp":"2025-11-29T19:09:53.814Z"}
{"level":"info","message":{"auth":"[REDACTED]","method":"GET","msg":"request","timestamp":"2025-11-29T19:09:53.827Z","url":"/api/own-cyberark-alero"},"timestamp":"2025-11-29T19:09:53.827Z"}
{"level":"info","message":{"auth":"[REDACTED]","method":"GET","msg":"request","timestamp":"2025-11-29T19:09:53.832Z","url":"/api/own-cyberark-conjur"},"timestamp":"2025-11-29T19:09:53.832Z"}
{"level":"info","message":{"auth":"[REDACTED]","method":"GET","msg":"request","timestamp":"2025-11-29T19:09:53.840Z","url":"/api/own-cyberark-dpa"},"timestamp":"2025-11-29T19:09:53.840Z"}
{"level":"info","message":{"auth":"[REDACTED]","method":"GET","msg":"request","timestamp":"2025-11-29T19:09:53.850Z","url":"/api/own-cyberark-identity"},"timestamp":"2025-11-29T19:09:53.850Z"}
{"level":"info","message":{"auth":"[REDACTED]","method":"GET","msg":"request","timestamp":"2025-11-29T19:09:57.713Z","url":"/api/own-cyberark"},"timestamp":"2025-11-29T19:09:57.713Z"}
{"level":"info","message":{"auth":"[REDACTED]","method":"GET","msg":"request","timestamp":"2025-11-29T19:09:57.724Z","url":"/api/ops-failures?system=cyberark-pam&minutes=10"},"timestamp":"2025-11-29T19:09:57.724Z"}
{"level":"info","message":{"auth":"[REDACTED]","method":"GET","msg":"request","timestamp":"2025-11-29T19:09:57.732Z","url":"/api/own-cyberark-epm"},"timestamp":"2025-11-29T19:09:57.732Z"}
{"level":"info","message":{"auth":"[REDACTED]","method":"GET","msg":"request","timestamp":"2025-11-29T19:09:57.736Z","url":"/api/own-cyberark-alero"},"timestamp":"2025-11-29T19:09:57.736Z"}
{"level":"info","message":{"auth":"[REDACTED]","method":"GET","msg":"request","timestamp":"2025-11-29T19:09:57.766Z","url":"/api/own-cyberark-conjur"},"timestamp":"2025-11-29T19:09:57.766Z"}
{"level":"info","message":{"auth":"[REDACTED]","method":"GET","msg":"request","timestamp":"2025-11-29T19:09:57.771Z","url":"/api/own-cyberark-dpa"},"timestamp":"2025-11-29T19:09:57.771Z"}
{"level":"info","message":{"auth":"[REDACTED]","method":"GET","msg":"request","timestamp":"2025-11-29T19:09:57.779Z","url":"/api/own-cyberark-identity"},"timestamp":"2025-11-29T19:09:57.779Z"}
{"level":"info","message":{"auth":"[REDACTED]","method":"GET","msg":"request","timestamp":"2025-11-29T19:09:57.788Z","url":"/api/ops-failures?system=cyberark-vault&minutes=10"},"timestamp":"2025-11-29T19:09:57.788Z"}
{"level":"info","message":{"auth":"[REDACTED]","method":"GET","msg":"request","timestamp":"2025-11-29T19:13:04.807Z","url":"/api/own-cyberark"},"timestamp":"2025-11-29T19:13:04.807Z"}
{"level":"info","message":{"auth":"[REDACTED]","method":"GET","msg":"request","timestamp":"2025-11-29T19:13:04.812Z","url":"/api/ops-failures?system=cyberark-pam&minutes=10"},"timestamp":"2025-11-29T19:13:04.812Z"}
{"level":"info","message":{"auth":"[REDACTED]","method":"GET","msg":"request","timestamp":"2025-11-29T19:13:04.851Z","url":"/api/ops-failures?system=cyberark-vault&minutes=10"},"timestamp":"2025-11-29T19:13:04.851Z"}
{"level":"info","message":{"auth":"[REDACTED]","method":"GET","msg":"request","timestamp":"2025-11-29T19:13:04.865Z","url":"/api/own-cyberark-epm"},"timestamp":"2025-11-29T19:13:04.865Z"}
{"level":"info","message":{"auth":"[REDACTED]","method":"GET","msg":"request","timestamp":"2025-11-29T19:13:04.881Z","url":"/api/own-cyberark-alero"},"timestamp":"2025-11-29T19:13:04.881Z"}
{"level":"info","message":{"auth":"[REDACTED]","method":"GET","msg":"request","timestamp":"2025-11-29T19:13:04.888Z","url":"/api/own-cyberark-conjur"},"timestamp":"2025-11-29T19:13:04.888Z"}
{"level":"info","message":{"auth":"[REDACTED]","method":"GET","msg":"request","timestamp":"2025-11-29T19:13:04.908Z","url":"/api/own-cyberark-dpa"},"timestamp":"2025-11-29T19:13:04.908Z"}
{"level":"info","message":{"auth":"[REDACTED]","method":"GET","msg":"request","timestamp":"2025-11-29T19:13:04.914Z","url":"/api/own-cyberark-identity"},"timestamp":"2025-11-29T19:13:04.914Z"}
{"level":"info","message":{"auth":"[REDACTED]","method":"GET","msg":"request","timestamp":"2025-11-29T19:13:14.202Z","url":"/api/own-cyberark"},"timestamp":"2025-11-29T19:13:14.202Z"}
{"level":"info","message":{"auth":"[REDACTED]","method":"GET","msg":"request","timestamp":"2025-11-29T19:13:14.215Z","url":"/api/own-cyberark-epm"},"timestamp":"2025-11-29T19:13:14.215Z"}
{"level":"info","message":{"auth":"[REDACTED]","method":"GET","msg":"request","timestamp":"2025-11-29T19:13:14.228Z","url":"/api/own-cyberark-alero"},"timestamp":"2025-11-29T19:13:14.228Z"}
{"level":"info","message":{"auth":"[REDACTED]","method":"GET","msg":"request","timestamp":"2025-11-29T19:13:14.244Z","url":"/api/own-cyberark-conjur"},"timestamp":"2025-11-29T19:13:14.244Z"}
{"level":"info","message":{"auth":"[REDACTED]","method":"GET","msg":"request","timestamp":"2025-11-29T19:13:14.249Z","url":"/api/own-cyberark-dpa"},"timestamp":"2025-11-29T19:13:14.249Z"}
{"level":"info","message":{"auth":"[REDACTED]","method":"GET","msg":"request","timestamp":"2025-11-29T19:13:14.261Z","url":"/api/own-cyberark-identity"},"timestamp":"2025-11-29T19:13:14.261Z"}
{"level":"info","message":{"auth":"[REDACTED]","method":"GET","msg":"request","timestamp":"2025-11-29T19:13:24.931Z","url":"/api/search-employee/u1008/details?system=ping-directory"},"timestamp":"2025-11-29T19:13:24.931Z"}
{"level":"info","message":{"auth":"[REDACTED]","method":"GET","msg":"request","timestamp":"2025-11-29T19:13:32.352Z","url":"/api/search-employee/u1008/details?system=ping-mfa"},"timestamp":"2025-11-29T19:13:32.352Z"}
{"level":"info","message":{"auth":"[REDACTED]","method":"GET","msg":"request","timestamp":"2025-11-29T19:13:35.930Z","url":"/api/all-users"},"timestamp":"2025-11-29T19:13:35.930Z"}
{"level":"info","message":{"auth":"[REDACTED]","method":"GET","msg":"request","timestamp":"2025-11-29T19:13:35.977Z","url":"/api/search-employee/hannah.park%40company.com/details?system=ping-directory"},"timestamp":"2025-11-29T19:13:35.977Z"}
{"level":"info","message":{"auth":"[REDACTED]","method":"GET","msg":"request","timestamp":"2025-11-29T19:13:35.984Z","url":"/api/search-employee/u1008/details?system=ping-directory"},"timestamp":"2025-11-29T19:13:35.984Z"}
{"level":"info","message":{"auth":"[REDACTED]","method":"GET","msg":"request","timestamp":"2025-11-29T19:13:35.990Z","url":"/api/search-employee/HANNAH.PARK%40COMPANY.COM/details?system=ping-directory"},"timestamp":"2025-11-29T19:13:35.990Z"}
{"level":"info","message":{"auth":"[REDACTED]","method":"GET","msg":"request","timestamp":"2025-11-29T19:13:35.995Z","url":"/api/search-employee/U1008/details?system=ping-directory"},"timestamp":"2025-11-29T19:13:35.995Z"}
{"level":"info","message":{"auth":"[REDACTED]","method":"GET","msg":"request","timestamp":"2025-11-29T19:13:36.002Z","url":"/api/search-employee/hannah.park%40company.com/details?system=ping-mfa"},"timestamp":"2025-11-29T19:13:36.002Z"}
{"level":"info","message":{"auth":"[REDACTED]","method":"GET","msg":"request","timestamp":"2025-11-29T19:13:36.009Z","url":"/api/search-employee/u1008/details?system=ping-mfa"},"timestamp":"2025-11-29T19:13:36.009Z"}
{"level":"info","message":{"auth":"[REDACTED]","method":"GET","msg":"request","timestamp":"2025-11-29T19:13:36.015Z","url":"/api/search-employee/HANNAH.PARK%40COMPANY.COM/details?system=ping-mfa"},"timestamp":"2025-11-29T19:13:36.015Z"}
{"level":"info","message":{"auth":"[REDACTED]","method":"GET","msg":"request","timestamp":"2025-11-29T19:13:36.026Z","url":"/api/search-employee/U1008/details?system=ping-mfa"},"timestamp":"2025-11-29T19:13:36.026Z"}
{"level":"info","message":{"auth":"[REDACTED]","method":"GET","msg":"request","timestamp":"2025-11-29T19:13:43.626Z","url":"/api/all-users"},"timestamp":"2025-11-29T19:13:43.626Z"}
{"level":"info","message":{"auth":"[REDACTED]","method":"GET","msg":"request","timestamp":"2025-11-29T19:13:43.661Z","url":"/api/search-employee/hannah.park%40company.com/details?system=ping-directory"},"timestamp":"2025-11-29T19:13:43.661Z"}
{"level":"info","message":{"auth":"[REDACTED]","method":"GET","msg":"request","timestamp":"2025-11-29T19:13:43.669Z","url":"/api/search-employee/u1008/details?system=ping-directory"},"timestamp":"2025-11-29T19:13:43.669Z"}
{"level":"info","message":{"auth":"[REDACTED]","method":"GET","msg":"request","timestamp":"2025-11-29T19:13:43.674Z","url":"/api/search-employee/HANNAH.PARK%40COMPANY.COM/details?system=ping-directory"},"timestamp":"2025-11-29T19:13:43.674Z"}
{"level":"info","message":{"auth":"[REDACTED]","method":"GET","msg":"request","timestamp":"2025-11-29T19:13:43.679Z","url":"/api/search-employee/U1008/details?system=ping-directory"},"timestamp":"2025-11-29T19:13:43.679Z"}
{"level":"info","message":{"auth":"[REDACTED]","method":"GET","msg":"request","timestamp":"2025-11-29T19:13:43.685Z","url":"/api/search-employee/hannah.park%40company.com/details?system=ping-mfa"},"timestamp":"2025-11-29T19:13:43.685Z"}
{"level":"info","message":{"auth":"[REDACTED]","method":"GET","msg":"request","timestamp":"2025-11-29T19:13:43.693Z","url":"/api/search-employee/u1008/details?system=ping-mfa"},"timestamp":"2025-11-29T19:13:43.693Z"}
{"level":"info","message":{"auth":"[REDACTED]","method":"GET","msg":"request","timestamp":"2025-11-29T19:13:43.700Z","url":"/api/search-employee/HANNAH.PARK%40COMPANY.COM/details?system=ping-mfa"},"timestamp":"2025-11-29T19:13:43.700Z"}
{"level":"info","message":{"auth":"[REDACTED]","method":"GET","msg":"request","timestamp":"2025-11-29T19:13:43.709Z","url":"/api/search-employee/U1008/details?system=ping-mfa"},"timestamp":"2025-11-29T19:13:43.709Z"}
{"level":"info","message":{"auth":"[REDACTED]","method":"GET","msg":"request","timestamp":"2025-11-29T19:17:08.716Z","url":"/api/own-cyberark"},"timestamp":"2025-11-29T19:17:08.716Z"}
{"level":"info","message":{"auth":"[REDACTED]","method":"GET","msg":"request","timestamp":"2025-11-29T19:17:08.725Z","url":"/api/own-cyberark"},"timestamp":"2025-11-29T19:17:08.726Z"}
{"level":"info","message":{"auth":"[REDACTED]","method":"GET","msg":"request","timestamp":"2025-11-29T19:17:08.731Z","url":"/api/ops-failures?system=cyberark-pam&minutes=10"},"timestamp":"2025-11-29T19:17:08.731Z"}
{"level":"info","message":{"auth":"[REDACTED]","method":"GET","msg":"request","timestamp":"2025-11-29T19:17:08.739Z","url":"/api/ops-failures?system=cyberark-vault&minutes=10"},"timestamp":"2025-11-29T19:17:08.739Z"}
{"level":"info","message":{"auth":"[REDACTED]","method":"GET","msg":"request","timestamp":"2025-11-29T19:17:09.938Z","url":"/api/own-cyberark-epm"},"timestamp":"2025-11-29T19:17:09.938Z"}
{"level":"info","message":{"auth":"[REDACTED]","method":"GET","msg":"request","timestamp":"2025-11-29T19:17:09.969Z","url":"/api/own-cyberark-epm"},"timestamp":"2025-11-29T19:17:09.969Z"}
{"level":"info","message":{"auth":"[REDACTED]","method":"GET","msg":"request","timestamp":"2025-11-29T19:17:09.999Z","url":"/api/own-cyberark-conjur"},"timestamp":"2025-11-29T19:17:09.999Z"}
{"level":"info","message":{"auth":"[REDACTED]","method":"GET","msg":"request","timestamp":"2025-11-29T19:17:10.002Z","url":"/api/own-cyberark-alero"},"timestamp":"2025-11-29T19:17:10.003Z"}
{"level":"info","message":{"auth":"[REDACTED]","method":"GET","msg":"request","timestamp":"2025-11-29T19:17:10.009Z","url":"/api/own-cyberark-dpa"},"timestamp":"2025-11-29T19:17:10.009Z"}
{"level":"info","message":{"auth":"[REDACTED]","method":"GET","msg":"request","timestamp":"2025-11-29T19:17:10.013Z","url":"/api/own-cyberark-identity"},"timestamp":"2025-11-29T19:17:10.013Z"}
{"level":"info","message":{"auth":"[REDACTED]","method":"GET","msg":"request","timestamp":"2025-11-29T19:17:10.018Z","url":"/api/own-cyberark-conjur"},"timestamp":"2025-11-29T19:17:10.018Z"}
{"level":"info","message":{"auth":"[REDACTED]","method":"GET","msg":"request","timestamp":"2025-11-29T19:17:10.023Z","url":"/api/own-cyberark-alero"},"timestamp":"2025-11-29T19:17:10.023Z"}
{"level":"info","message":{"auth":"[REDACTED]","method":"GET","msg":"request","timestamp":"2025-11-29T19:17:10.028Z","url":"/api/own-cyberark-dpa"},"timestamp":"2025-11-29T19:17:10.028Z"}
{"level":"info","message":{"auth":"[REDACTED]","method":"GET","msg":"request","timestamp":"2025-11-29T19:17:10.032Z","url":"/api/own-cyberark-identity"},"timestamp":"2025-11-29T19:17:10.032Z"}
{"level":"info","message":{"auth":"[REDACTED]","method":"GET","msg":"request","timestamp":"2025-11-29T19:17:17.208Z","url":"/api/own-cyberark"},"timestamp":"2025-11-29T19:17:17.208Z"}
{"level":"info","message":{"auth":"[REDACTED]","method":"GET","msg":"request","timestamp":"2025-11-29T19:17:17.233Z","url":"/api/own-cyberark-epm"},"timestamp":"2025-11-29T19:17:17.233Z"}
{"level":"info","message":{"auth":"[REDACTED]","method":"GET","msg":"request","timestamp":"2025-11-29T19:17:17.255Z","url":"/api/own-cyberark"},"timestamp":"2025-11-29T19:17:17.255Z"}
{"level":"info","message":{"auth":"[REDACTED]","method":"GET","msg":"request","timestamp":"2025-11-29T19:17:17.280Z","url":"/api/own-cyberark-epm"},"timestamp":"2025-11-29T19:17:17.280Z"}
{"level":"info","message":{"auth":"[REDACTED]","method":"GET","msg":"request","timestamp":"2025-11-29T19:17:17.287Z","url":"/api/own-cyberark-dpa"},"timestamp":"2025-11-29T19:17:17.287Z"}
{"level":"info","message":{"auth":"[REDACTED]","method":"GET","msg":"request","timestamp":"2025-11-29T19:17:17.318Z","url":"/api/own-cyberark-identity"},"timestamp":"2025-11-29T19:17:17.318Z"}
{"level":"info","message":{"auth":"[REDACTED]","method":"GET","msg":"request","timestamp":"2025-11-29T19:17:17.358Z","url":"/api/own-cyberark-alero"},"timestamp":"2025-11-29T19:17:17.358Z"}
{"level":"info","message":{"auth":"[REDACTED]","method":"GET","msg":"request","timestamp":"2025-11-29T19:17:17.391Z","url":"/api/own-cyberark-conjur"},"timestamp":"2025-11-29T19:17:17.391Z"}
{"level":"info","message":{"auth":"[REDACTED]","method":"GET","msg":"request","timestamp":"2025-11-29T19:17:17.467Z","url":"/api/own-cyberark-dpa"},"timestamp":"2025-11-29T19:17:17.467Z"}
{"level":"info","message":{"auth":"[REDACTED]","method":"GET","msg":"request","timestamp":"2025-11-29T19:17:17.491Z","url":"/api/own-cyberark-identity"},"timestamp":"2025-11-29T19:17:17.491Z"}
{"level":"info","message":{"auth":"[REDACTED]","method":"GET","msg":"request","timestamp":"2025-11-29T19:17:17.500Z","url":"/api/own-cyberark-alero"},"timestamp":"2025-11-29T19:17:17.500Z"}
{"level":"info","message":{"auth":"[REDACTED]","method":"GET","msg":"request","timestamp":"2025-11-29T19:17:17.508Z","url":"/api/own-cyberark-conjur"},"timestamp":"2025-11-29T19:17:17.508Z"}
{"level":"info","message":{"auth":"[REDACTED]","method":"GET","msg":"request","timestamp":"2025-11-29T19:17:28.771Z","url":"/api/search-employee/u1008/details?system=ping-directory"},"timestamp":"2025-11-29T19:17:28.771Z"}
{"level":"info","message":{"auth":"[REDACTED]","method":"GET","msg":"request","timestamp":"2025-11-29T19:18:11.314Z","url":"/api/search-employee/u1008/details?system=ping-mfa"},"timestamp":"2025-11-29T19:18:11.314Z"}
{"level":"info","message":{"auth":"[REDACTED]","method":"GET","msg":"request","timestamp":"2025-11-29T19:18:22.950Z","url":"/api/all-users"},"timestamp":"2025-11-29T19:18:22.950Z"}
{"level":"info","message":{"auth":"[REDACTED]","method":"GET","msg":"request","timestamp":"2025-11-29T19:18:23.015Z","url":"/api/search-employee/hannah.park%40company.com/details?system=ping-directory"},"timestamp":"2025-11-29T19:18:23.015Z"}
{"level":"info","message":{"auth":"[REDACTED]","method":"GET","msg":"request","timestamp":"2025-11-29T19:18:23.021Z","url":"/api/search-employee/u1008/details?system=ping-directory"},"timestamp":"2025-11-29T19:18:23.021Z"}
{"level":"info","message":{"auth":"[REDACTED]","method":"GET","msg":"request","timestamp":"2025-11-29T19:18:23.027Z","url":"/api/search-employee/HANNAH.PARK%40COMPANY.COM/details?system=ping-directory"},"timestamp":"2025-11-29T19:18:23.027Z"}
{"level":"info","message":{"auth":"[REDACTED]","method":"GET","msg":"request","timestamp":"2025-11-29T19:18:23.031Z","url":"/api/search-employee/U1008/details?system=ping-directory"},"timestamp":"2025-11-29T19:18:23.031Z"}
{"level":"info","message":{"auth":"[REDACTED]","method":"GET","msg":"request","timestamp":"2025-11-29T19:18:23.036Z","url":"/api/search-employee/hannah.park%40company.com/details?system=ping-mfa"},"timestamp":"2025-11-29T19:18:23.036Z"}
{"level":"info","message":{"auth":"[REDACTED]","method":"GET","msg":"request","timestamp":"2025-11-29T19:18:23.045Z","url":"/api/search-employee/u1008/details?system=ping-mfa"},"timestamp":"2025-11-29T19:18:23.045Z"}
{"level":"info","message":{"auth":"[REDACTED]","method":"GET","msg":"request","timestamp":"2025-11-29T19:18:23.050Z","url":"/api/search-employee/HANNAH.PARK%40COMPANY.COM/details?system=ping-mfa"},"timestamp":"2025-11-29T19:18:23.050Z"}
{"level":"info","message":{"auth":"[REDACTED]","method":"GET","msg":"request","timestamp":"2025-11-29T19:18:23.057Z","url":"/api/search-employee/U1008/details?system=ping-mfa"},"timestamp":"2025-11-29T19:18:23.057Z"}
{"level":"info","message":{"auth":"[REDACTED]","method":"GET","msg":"request","timestamp":"2025-11-29T19:18:41.417Z","url":"/api/all-users"},"timestamp":"2025-11-29T19:18:41.417Z"}
{"level":"info","message":{"auth":"[REDACTED]","method":"GET","msg":"request","timestamp":"2025-11-29T19:18:41.475Z","url":"/api/search-employee/hannah.park%40company.com/details?system=ping-directory"},"timestamp":"2025-11-29T19:18:41.475Z"}
{"level":"info","message":{"auth":"[REDACTED]","method":"GET","msg":"request","timestamp":"2025-11-29T19:18:41.481Z","url":"/api/search-employee/u1008/details?system=ping-directory"},"timestamp":"2025-11-29T19:18:41.481Z"}
{"level":"info","message":{"auth":"[REDACTED]","method":"GET","msg":"request","timestamp":"2025-11-29T19:18:41.487Z","url":"/api/search-employee/HANNAH.PARK%40COMPANY.COM/details?system=ping-directory"},"timestamp":"2025-11-29T19:18:41.487Z"}
{"level":"info","message":{"auth":"[REDACTED]","method":"GET","msg":"request","timestamp":"2025-11-29T19:18:41.493Z","url":"/api/search-employee/U1008/details?system=ping-directory"},"timestamp":"2025-11-29T19:18:41.493Z"}
{"level":"info","message":{"auth":"[REDACTED]","method":"GET","msg":"request","timestamp":"2025-11-29T19:18:41.497Z","url":"/api/search-employee/hannah.park%40company.com/details?system=ping-mfa"},"timestamp":"2025-11-29T19:18:41.497Z"}
{"level":"info","message":{"auth":"[REDACTED]","method":"GET","msg":"request","timestamp":"2025-11-29T19:18:41.504Z","url":"/api/search-employee/u1008/details?system=ping-mfa"},"timestamp":"2025-11-29T19:18:41.504Z"}
{"level":"info","message":{"auth":"[REDACTED]","method":"GET","msg":"request","timestamp":"2025-11-29T19:18:41.512Z","url":"/api/search-employee/HANNAH.PARK%40COMPANY.COM/details?system=ping-mfa"},"timestamp":"2025-11-29T19:18:41.512Z"}
{"level":"info","message":{"auth":"[REDACTED]","method":"GET","msg":"request","timestamp":"2025-11-29T19:18:41.517Z","url":"/api/search-employee/U1008/details?system=ping-mfa"},"timestamp":"2025-11-29T19:18:41.517Z"}
{"level":"info","message":{"auth":"[REDACTED]","method":"GET","msg":"request","timestamp":"2025-11-29T19:20:26.230Z","url":"/api/all-users"},"timestamp":"2025-11-29T19:20:26.230Z"}
{"level":"info","message":{"auth":"[REDACTED]","method":"GET","msg":"request","timestamp":"2025-11-29T19:20:26.280Z","url":"/api/search-employee/hannah.park%40company.com/details?system=ping-directory"},"timestamp":"2025-11-29T19:20:26.280Z"}
{"level":"info","message":{"auth":"[REDACTED]","method":"GET","msg":"request","timestamp":"2025-11-29T19:20:26.286Z","url":"/api/search-employee/u1008/details?system=ping-directory"},"timestamp":"2025-11-29T19:20:26.286Z"}
{"level":"info","message":{"auth":"[REDACTED]","method":"GET","msg":"request","timestamp":"2025-11-29T19:20:26.292Z","url":"/api/search-employee/HANNAH.PARK%40COMPANY.COM/details?system=ping-directory"},"timestamp":"2025-11-29T19:20:26.292Z"}
{"level":"info","message":{"auth":"[REDACTED]","method":"GET","msg":"request","timestamp":"2025-11-29T19:20:26.296Z","url":"/api/search-employee/U1008/details?system=ping-directory"},"timestamp":"2025-11-29T19:20:26.297Z"}
{"level":"info","message":{"auth":"[REDACTED]","method":"GET","msg":"request","timestamp":"2025-11-29T19:20:26.301Z","url":"/api/search-employee/hannah.park%40company.com/details?system=ping-mfa"},"timestamp":"2025-11-29T19:20:26.301Z"}
{"level":"info","message":{"auth":"[REDACTED]","method":"GET","msg":"request","timestamp":"2025-11-29T19:20:26.305Z","url":"/api/search-employee/u1008/details?system=ping-mfa"},"timestamp":"2025-11-29T19:20:26.305Z"}
{"level":"info","message":{"auth":"[REDACTED]","method":"GET","msg":"request","timestamp":"2025-11-29T19:20:26.313Z","url":"/api/search-employee/HANNAH.PARK%40COMPANY.COM/details?system=ping-mfa"},"timestamp":"2025-11-29T19:20:26.313Z"}
{"level":"info","message":{"auth":"[REDACTED]","method":"GET","msg":"request","timestamp":"2025-11-29T19:20:26.320Z","url":"/api/search-employee/U1008/details?system=ping-mfa"},"timestamp":"2025-11-29T19:20:26.320Z"}
{"level":"info","message":{"auth":"[REDACTED]","method":"GET","msg":"request","timestamp":"2025-11-29T19:20:38.563Z","url":"/api/all-users"},"timestamp":"2025-11-29T19:20:38.563Z"}
{"level":"info","message":{"auth":"[REDACTED]","method":"GET","msg":"request","timestamp":"2025-11-29T19:20:38.613Z","url":"/api/search-employee/hannah.park%40company.com/details?system=ping-directory"},"timestamp":"2025-11-29T19:20:38.613Z"}
{"level":"info","message":{"auth":"[REDACTED]","method":"GET","msg":"request","timestamp":"2025-11-29T19:20:38.618Z","url":"/api/search-employee/u1008/details?system=ping-directory"},"timestamp":"2025-11-29T19:20:38.618Z"}
{"level":"info","message":{"auth":"[REDACTED]","method":"GET","msg":"request","timestamp":"2025-11-29T19:20:38.625Z","url":"/api/search-employee/HANNAH.PARK%40COMPANY.COM/details?system=ping-directory"},"timestamp":"2025-11-29T19:20:38.625Z"}
{"level":"info","message":{"auth":"[REDACTED]","method":"GET","msg":"request","timestamp":"2025-11-29T19:20:38.630Z","url":"/api/search-employee/U1008/details?system=ping-directory"},"timestamp":"2025-11-29T19:20:38.630Z"}
{"level":"info","message":{"auth":"[REDACTED]","method":"GET","msg":"request","timestamp":"2025-11-29T19:20:38.633Z","url":"/api/search-employee/hannah.park%40company.com/details?system=ping-mfa"},"timestamp":"2025-11-29T19:20:38.633Z"}
{"level":"info","message":{"auth":"[REDACTED]","method":"GET","msg":"request","timestamp":"2025-11-29T19:20:38.639Z","url":"/api/search-employee/u1008/details?system=ping-mfa"},"timestamp":"2025-11-29T19:20:38.639Z"}
{"level":"info","message":{"auth":"[REDACTED]","method":"GET","msg":"request","timestamp":"2025-11-29T19:20:38.646Z","url":"/api/search-employee/HANNAH.PARK%40COMPANY.COM/details?system=ping-mfa"},"timestamp":"2025-11-29T19:20:38.646Z"}
{"level":"info","message":{"auth":"[REDACTED]","method":"GET","msg":"request","timestamp":"2025-11-29T19:20:38.652Z","url":"/api/search-employee/U1008/details?system=ping-mfa"},"timestamp":"2025-11-29T19:20:38.653Z"}
{"level":"info","message":{"auth":"[REDACTED]","method":"GET","msg":"request","timestamp":"2025-11-29T19:20:44.253Z","url":"/api/search-employee/u1008/details?system=ping-directory"},"timestamp":"2025-11-29T19:20:44.253Z"}
{"level":"info","message":{"auth":"[REDACTED]","method":"GET","msg":"request","timestamp":"2025-11-29T19:21:02.861Z","url":"/api/search-employee/u1008/details?system=ping-directory"},"timestamp":"2025-11-29T19:21:02.861Z"}
{"level":"info","message":{"auth":"[REDACTED]","method":"GET","msg":"request","timestamp":"2025-11-29T19:29:14.397Z","url":"/api/ops-failures?system=cyberark-pam&minutes=10"},"timestamp":"2025-11-29T19:29:14.397Z"}
{"level":"info","message":{"auth":"[REDACTED]","method":"GET","msg":"request","timestamp":"2025-11-29T19:29:14.467Z","url":"/api/ops-failures?system=cyberark-vault&minutes=10"},"timestamp":"2025-11-29T19:29:14.467Z"}
{"level":"info","message":{"auth":"[REDACTED]","method":"GET","msg":"request","timestamp":"2025-11-29T19:29:31.806Z","url":"/api/own-cyberark"},"timestamp":"2025-11-29T19:29:31.806Z"}
{"level":"info","message":{"auth":"[REDACTED]","method":"GET","msg":"request","timestamp":"2025-11-29T19:29:31.957Z","url":"/api/ops-failures?system=cyberark-pam&minutes=10"},"timestamp":"2025-11-29T19:29:31.957Z"}
{"level":"info","message":{"auth":"[REDACTED]","method":"GET","msg":"request","timestamp":"2025-11-29T19:29:32.144Z","url":"/api/ops-failures?system=cyberark-vault&minutes=10"},"timestamp":"2025-11-29T19:29:32.144Z"}
{"level":"info","message":{"auth":"[REDACTED]","method":"GET","msg":"request","timestamp":"2025-11-29T19:29:32.228Z","url":"/api/own-cyberark"},"timestamp":"2025-11-29T19:29:32.238Z"}
{"level":"info","message":{"auth":"[REDACTED]","method":"GET","msg":"request","timestamp":"2025-11-29T19:29:32.350Z","url":"/api/ops-failures?system=cyberark-pam&minutes=10"},"timestamp":"2025-11-29T19:29:32.350Z"}
{"level":"info","message":{"auth":"[REDACTED]","method":"GET","msg":"request","timestamp":"2025-11-29T19:29:32.453Z","url":"/api/ops-failures?system=cyberark-vault&minutes=10"},"timestamp":"2025-11-29T19:29:32.453Z"}
{"level":"info","message":{"auth":"[REDACTED]","method":"GET","msg":"request","timestamp":"2025-11-29T19:29:32.596Z","url":"/api/own-cyberark-epm"},"timestamp":"2025-11-29T19:29:32.596Z"}
{"level":"info","message":{"auth":"[REDACTED]","method":"GET","msg":"request","timestamp":"2025-11-29T19:29:32.662Z","url":"/api/own-cyberark-alero"},"timestamp":"2025-11-29T19:29:32.662Z"}
{"level":"info","message":{"auth":"[REDACTED]","method":"GET","msg":"request","timestamp":"2025-11-29T19:29:32.687Z","url":"/api/own-cyberark-conjur"},"timestamp":"2025-11-29T19:29:32.687Z"}
{"level":"info","message":{"auth":"[REDACTED]","method":"GET","msg":"request","timestamp":"2025-11-29T19:29:32.708Z","url":"/api/own-cyberark-dpa"},"timestamp":"2025-11-29T19:29:32.708Z"}
{"level":"info","message":{"auth":"[REDACTED]","method":"GET","msg":"request","timestamp":"2025-11-29T19:29:32.723Z","url":"/api/own-cyberark-identity"},"timestamp":"2025-11-29T19:29:32.723Z"}
{"level":"info","message":{"auth":"[REDACTED]","method":"GET","msg":"request","timestamp":"2025-11-29T19:29:32.807Z","url":"/api/own-cyberark-epm"},"timestamp":"2025-11-29T19:29:32.807Z"}
{"level":"info","message":{"auth":"[REDACTED]","method":"GET","msg":"request","timestamp":"2025-11-29T19:29:32.827Z","url":"/api/own-cyberark-alero"},"timestamp":"2025-11-29T19:29:32.827Z"}
{"level":"info","message":{"auth":"[REDACTED]","method":"GET","msg":"request","timestamp":"2025-11-29T19:29:32.864Z","url":"/api/own-cyberark-conjur"},"timestamp":"2025-11-29T19:29:32.864Z"}
{"level":"info","message":{"auth":"[REDACTED]","method":"GET","msg":"request","timestamp":"2025-11-29T19:29:32.930Z","url":"/api/own-cyberark-dpa"},"timestamp":"2025-11-29T19:29:32.930Z"}
{"level":"info","message":{"auth":"[REDACTED]","method":"GET","msg":"request","timestamp":"2025-11-29T19:29:32.994Z","url":"/api/own-cyberark-identity"},"timestamp":"2025-11-29T19:29:32.994Z"}
{"level":"info","message":{"auth":"[REDACTED]","method":"GET","msg":"request","timestamp":"2025-11-29T19:29:39.115Z","url":"/api/own-cyberark"},"timestamp":"2025-11-29T19:29:39.115Z"}
{"level":"info","message":{"auth":"[REDACTED]","method":"GET","msg":"request","timestamp":"2025-11-29T19:29:39.127Z","url":"/api/own-cyberark"},"timestamp":"2025-11-29T19:29:39.127Z"}
{"level":"info","message":{"auth":"[REDACTED]","method":"GET","msg":"request","timestamp":"2025-11-29T19:29:39.151Z","url":"/api/ops-failures?system=cyberark-pam&minutes=10"},"timestamp":"2025-11-29T19:29:39.151Z"}
{"level":"info","message":{"auth":"[REDACTED]","method":"GET","msg":"request","timestamp":"2025-11-29T19:29:39.173Z","url":"/api/ops-failures?system=cyberark-vault&minutes=10"},"timestamp":"2025-11-29T19:29:39.173Z"}
{"level":"info","message":{"auth":"[REDACTED]","method":"GET","msg":"request","timestamp":"2025-11-29T19:29:39.189Z","url":"/api/ops-failures?system=cyberark-pam&minutes=10"},"timestamp":"2025-11-29T19:29:39.189Z"}
{"level":"info","message":{"auth":"[REDACTED]","method":"GET","msg":"request","timestamp":"2025-11-29T19:29:39.198Z","url":"/api/ops-failures?system=cyberark-vault&minutes=10"},"timestamp":"2025-11-29T19:29:39.198Z"}
{"level":"info","message":{"auth":"[REDACTED]","method":"GET","msg":"request","timestamp":"2025-11-29T19:29:39.845Z","url":"/api/own-cyberark-epm"},"timestamp":"2025-11-29T19:29:39.845Z"}
{"level":"info","message":{"auth":"[REDACTED]","method":"GET","msg":"request","timestamp":"2025-11-29T19:29:39.852Z","url":"/api/own-cyberark-alero"},"timestamp":"2025-11-29T19:29:39.852Z"}
{"level":"info","message":{"auth":"[REDACTED]","method":"GET","msg":"request","timestamp":"2025-11-29T19:29:39.859Z","url":"/api/own-cyberark-epm"},"timestamp":"2025-11-29T19:29:39.859Z"}
{"level":"info","message":{"auth":"[REDACTED]","method":"GET","msg":"request","timestamp":"2025-11-29T19:29:39.868Z","url":"/api/own-cyberark-identity"},"timestamp":"2025-11-29T19:29:39.868Z"}
{"level":"info","message":{"auth":"[REDACTED]","method":"GET","msg":"request","timestamp":"2025-11-29T19:29:39.873Z","url":"/api/own-cyberark-alero"},"timestamp":"2025-11-29T19:29:39.873Z"}
{"level":"info","message":{"auth":"[REDACTED]","method":"GET","msg":"request","timestamp":"2025-11-29T19:29:39.879Z","url":"/api/own-cyberark-conjur"},"timestamp":"2025-11-29T19:29:39.879Z"}
{"level":"info","message":{"auth":"[REDACTED]","method":"GET","msg":"request","timestamp":"2025-11-29T19:29:39.883Z","url":"/api/own-cyberark-dpa"},"timestamp":"2025-11-29T19:29:39.883Z"}
{"level":"info","message":{"auth":"[REDACTED]","method":"GET","msg":"request","timestamp":"2025-11-29T19:29:39.887Z","url":"/api/own-cyberark-identity"},"timestamp":"2025-11-29T19:29:39.887Z"}
{"level":"info","message":{"auth":"[REDACTED]","method":"GET","msg":"request","timestamp":"2025-11-29T19:29:39.892Z","url":"/api/own-cyberark-conjur"},"timestamp":"2025-11-29T19:29:39.892Z"}
{"level":"info","message":{"auth":"[REDACTED]","method":"GET","msg":"request","timestamp":"2025-11-29T19:29:39.904Z","url":"/api/own-cyberark-dpa"},"timestamp":"2025-11-29T19:29:39.904Z"}
{"level":"info","message":{"auth":"[REDACTED]","method":"GET","msg":"request","timestamp":"2025-11-29T19:29:47.560Z","url":"/api/own-cyberark"},"timestamp":"2025-11-29T19:29:47.560Z"}
{"level":"info","message":{"auth":"[REDACTED]","method":"GET","msg":"request","timestamp":"2025-11-29T19:29:47.568Z","url":"/api/own-cyberark-epm"},"timestamp":"2025-11-29T19:29:47.568Z"}
{"level":"info","message":{"auth":"[REDACTED]","method":"GET","msg":"request","timestamp":"2025-11-29T19:29:47.593Z","url":"/api/own-cyberark-alero"},"timestamp":"2025-11-29T19:29:47.593Z"}
{"level":"info","message":{"auth":"[REDACTED]","method":"GET","msg":"request","timestamp":"2025-11-29T19:29:47.601Z","url":"/api/own-cyberark"},"timestamp":"2025-11-29T19:29:47.601Z"}
{"level":"info","message":{"auth":"[REDACTED]","method":"GET","msg":"request","timestamp":"2025-11-29T19:29:47.622Z","url":"/api/ops-failures?system=cyberark-pam&minutes=10"},"timestamp":"2025-11-29T19:29:47.622Z"}
{"level":"info","message":{"auth":"[REDACTED]","method":"GET","msg":"request","timestamp":"2025-11-29T19:29:47.648Z","url":"/api/own-cyberark-epm"},"timestamp":"2025-11-29T19:29:47.648Z"}
{"level":"info","message":{"auth":"[REDACTED]","method":"GET","msg":"request","timestamp":"2025-11-29T19:29:47.659Z","url":"/api/own-cyberark-dpa"},"timestamp":"2025-11-29T19:29:47.659Z"}
{"level":"info","message":{"auth":"[REDACTED]","method":"GET","msg":"request","timestamp":"2025-11-29T19:29:47.678Z","url":"/api/own-cyberark-alero"},"timestamp":"2025-11-29T19:29:47.678Z"}
{"level":"info","message":{"auth":"[REDACTED]","method":"GET","msg":"request","timestamp":"2025-11-29T19:29:47.684Z","url":"/api/own-cyberark-conjur"},"timestamp":"2025-11-29T19:29:47.685Z"}
{"level":"info","message":{"auth":"[REDACTED]","method":"GET","msg":"request","timestamp":"2025-11-29T19:29:47.690Z","url":"/api/own-cyberark-identity"},"timestamp":"2025-11-29T19:29:47.690Z"}
{"level":"info","message":{"auth":"[REDACTED]","method":"GET","msg":"request","timestamp":"2025-11-29T19:29:47.698Z","url":"/api/ops-failures?system=cyberark-vault&minutes=10"},"timestamp":"2025-11-29T19:29:47.698Z"}
{"level":"info","message":{"auth":"[REDACTED]","method":"GET","msg":"request","timestamp":"2025-11-29T19:29:47.703Z","url":"/api/own-cyberark-dpa"},"timestamp":"2025-11-29T19:29:47.703Z"}
{"level":"info","message":{"auth":"[REDACTED]","method":"GET","msg":"request","timestamp":"2025-11-29T19:29:47.710Z","url":"/api/own-cyberark-conjur"},"timestamp":"2025-11-29T19:29:47.710Z"}
{"level":"info","message":{"auth":"[REDACTED]","method":"GET","msg":"request","timestamp":"2025-11-29T19:29:47.715Z","url":"/api/own-cyberark-identity"},"timestamp":"2025-11-29T19:29:47.715Z"}
{"level":"info","message":{"auth":"[REDACTED]","method":"GET","msg":"request","timestamp":"2025-11-29T19:29:57.487Z","url":"/api/own-cyberark-epm"},"timestamp":"2025-11-29T19:29:57.487Z"}
{"level":"info","message":{"auth":"[REDACTED]","method":"GET","msg":"request","timestamp":"2025-11-29T19:29:57.607Z","url":"/api/own-cyberark"},"timestamp":"2025-11-29T19:29:57.607Z"}
{"level":"info","message":{"auth":"[REDACTED]","method":"GET","msg":"request","timestamp":"2025-11-29T19:29:57.717Z","url":"/api/own-cyberark-conjur"},"timestamp":"2025-11-29T19:29:57.717Z"}
{"level":"info","message":{"auth":"[REDACTED]","method":"GET","msg":"request","timestamp":"2025-11-29T19:29:57.821Z","url":"/api/own-cyberark"},"timestamp":"2025-11-29T19:29:57.821Z"}
{"level":"info","message":{"auth":"[REDACTED]","method":"GET","msg":"request","timestamp":"2025-11-29T19:29:57.884Z","url":"/api/own-cyberark-identity"},"timestamp":"2025-11-29T19:29:57.884Z"}
{"level":"info","message":{"auth":"[REDACTED]","method":"GET","msg":"request","timestamp":"2025-11-29T19:29:57.990Z","url":"/api/own-cyberark-epm"},"timestamp":"2025-11-29T19:29:57.990Z"}
{"level":"info","message":{"auth":"[REDACTED]","method":"GET","msg":"request","timestamp":"2025-11-29T19:29:58.091Z","url":"/api/own-cyberark-alero"},"timestamp":"2025-11-29T19:29:58.091Z"}
{"level":"info","message":{"auth":"[REDACTED]","method":"GET","msg":"request","timestamp":"2025-11-29T19:29:58.268Z","url":"/api/own-cyberark-dpa"},"timestamp":"2025-11-29T19:29:58.268Z"}
{"level":"info","message":{"auth":"[REDACTED]","method":"GET","msg":"request","timestamp":"2025-11-29T19:29:58.406Z","url":"/api/own-cyberark-conjur"},"timestamp":"2025-11-29T19:29:58.406Z"}
{"level":"info","message":{"auth":"[REDACTED]","method":"GET","msg":"request","timestamp":"2025-11-29T19:29:58.497Z","url":"/api/own-cyberark-identity"},"timestamp":"2025-11-29T19:29:58.497Z"}
{"level":"info","message":{"auth":"[REDACTED]","method":"GET","msg":"request","timestamp":"2025-11-29T19:29:58.654Z","url":"/api/own-cyberark-alero"},"timestamp":"2025-11-29T19:29:58.654Z"}
{"level":"info","message":{"auth":"[REDACTED]","method":"GET","msg":"request","timestamp":"2025-11-29T19:29:58.766Z","url":"/api/own-cyberark-dpa"},"timestamp":"2025-11-29T19:29:58.766Z"}
{"level":"info","message":{"auth":"[REDACTED]","method":"GET","msg":"request","timestamp":"2025-11-29T19:30:09.848Z","url":"/api/all-users"},"timestamp":"2025-11-29T19:30:09.848Z"}
{"level":"info","message":{"auth":"[REDACTED]","method":"GET","msg":"request","timestamp":"2025-11-29T19:30:09.916Z","url":"/api/search-employee/george.smith%40company.com/details?system=ping-directory"},"timestamp":"2025-11-29T19:30:09.916Z"}
{"level":"info","message":{"auth":"[REDACTED]","method":"GET","msg":"request","timestamp":"2025-11-29T19:30:09.921Z","url":"/api/search-employee/u1007/details?system=ping-directory"},"timestamp":"2025-11-29T19:30:09.921Z"}
{"level":"info","message":{"auth":"[REDACTED]","method":"GET","msg":"request","timestamp":"2025-11-29T19:30:09.927Z","url":"/api/search-employee/GEORGE.SMITH%40COMPANY.COM/details?system=ping-directory"},"timestamp":"2025-11-29T19:30:09.927Z"}
{"level":"info","message":{"auth":"[REDACTED]","method":"GET","msg":"request","timestamp":"2025-11-29T19:30:09.934Z","url":"/api/search-employee/U1007/details?system=ping-directory"},"timestamp":"2025-11-29T19:30:09.934Z"}
{"level":"info","message":{"auth":"[REDACTED]","method":"GET","msg":"request","timestamp":"2025-11-29T19:30:09.940Z","url":"/api/search-employee/george.smith%40company.com/details?system=ping-mfa"},"timestamp":"2025-11-29T19:30:09.940Z"}
{"level":"info","message":{"auth":"[REDACTED]","method":"GET","msg":"request","timestamp":"2025-11-29T19:30:09.944Z","url":"/api/search-employee/u1007/details?system=ping-mfa"},"timestamp":"2025-11-29T19:30:09.944Z"}
{"level":"info","message":{"auth":"[REDACTED]","method":"GET","msg":"request","timestamp":"2025-11-29T19:30:09.952Z","url":"/api/search-employee/GEORGE.SMITH%40COMPANY.COM/details?system=ping-mfa"},"timestamp":"2025-11-29T19:30:09.952Z"}
{"level":"info","message":{"auth":"[REDACTED]","method":"GET","msg":"request","timestamp":"2025-11-29T19:30:09.957Z","url":"/api/search-employee/U1007/details?system=ping-mfa"},"timestamp":"2025-11-29T19:30:09.957Z"}
{"level":"info","message":{"auth":"[REDACTED]","method":"GET","msg":"request","timestamp":"2025-11-29T19:30:22.020Z","url":"/api/search-employee/u1007/details?system=ping-directory"},"timestamp":"2025-11-29T19:30:22.020Z"}
{"level":"info","message":{"auth":"[REDACTED]","method":"GET","msg":"request","timestamp":"2025-11-29T19:31:04.850Z","url":"/api/own-cyberark"},"timestamp":"2025-11-29T19:31:04.850Z"}
{"level":"info","message":{"auth":"[REDACTED]","method":"GET","msg":"request","timestamp":"2025-11-29T19:31:04.914Z","url":"/api/ops-failures?system=cyberark-pam&minutes=10"},"timestamp":"2025-11-29T19:31:04.914Z"}
{"level":"info","message":{"auth":"[REDACTED]","method":"GET","msg":"request","timestamp":"2025-11-29T19:31:04.955Z","url":"/api/ops-failures?system=cyberark-vault&minutes=10"},"timestamp":"2025-11-29T19:31:04.955Z"}
{"level":"info","message":{"auth":"[REDACTED]","method":"GET","msg":"request","timestamp":"2025-11-29T19:31:04.970Z","url":"/api/own-cyberark"},"timestamp":"2025-11-29T19:31:04.970Z"}
{"level":"info","message":{"auth":"[REDACTED]","method":"GET","msg":"request","timestamp":"2025-11-29T19:31:05.008Z","url":"/api/ops-failures?system=cyberark-pam&minutes=10"},"timestamp":"2025-11-29T19:31:05.008Z"}
{"level":"info","message":{"auth":"[REDACTED]","method":"GET","msg":"request","timestamp":"2025-11-29T19:31:05.077Z","url":"/api/ops-failures?system=cyberark-vault&minutes=10"},"timestamp":"2025-11-29T19:31:05.077Z"}
{"level":"info","message":{"auth":"[REDACTED]","method":"GET","msg":"request","timestamp":"2025-11-29T19:31:05.275Z","url":"/api/own-cyberark-epm"},"timestamp":"2025-11-29T19:31:05.275Z"}
{"level":"info","message":{"auth":"[REDACTED]","method":"GET","msg":"request","timestamp":"2025-11-29T19:31:05.286Z","url":"/api/own-cyberark-epm"},"timestamp":"2025-11-29T19:31:05.286Z"}
{"level":"info","message":{"auth":"[REDACTED]","method":"GET","msg":"request","timestamp":"2025-11-29T19:31:05.295Z","url":"/api/own-cyberark-alero"},"timestamp":"2025-11-29T19:31:05.295Z"}
{"level":"info","message":{"auth":"[REDACTED]","method":"GET","msg":"request","timestamp":"2025-11-29T19:31:05.299Z","url":"/api/own-cyberark-conjur"},"timestamp":"2025-11-29T19:31:05.299Z"}
{"level":"info","message":{"auth":"[REDACTED]","method":"GET","msg":"request","timestamp":"2025-11-29T19:31:05.304Z","url":"/api/own-cyberark-dpa"},"timestamp":"2025-11-29T19:31:05.304Z"}
{"level":"info","message":{"auth":"[REDACTED]","method":"GET","msg":"request","timestamp":"2025-11-29T19:31:05.309Z","url":"/api/own-cyberark-identity"},"timestamp":"2025-11-29T19:31:05.309Z"}
{"level":"info","message":{"auth":"[REDACTED]","method":"GET","msg":"request","timestamp":"2025-11-29T19:31:05.314Z","url":"/api/own-cyberark-alero"},"timestamp":"2025-11-29T19:31:05.314Z"}
{"level":"info","message":{"auth":"[REDACTED]","method":"GET","msg":"request","timestamp":"2025-11-29T19:31:05.318Z","url":"/api/own-cyberark-conjur"},"timestamp":"2025-11-29T19:31:05.318Z"}
{"level":"info","message":{"auth":"[REDACTED]","method":"GET","msg":"request","timestamp":"2025-11-29T19:31:05.325Z","url":"/api/own-cyberark-dpa"},"timestamp":"2025-11-29T19:31:05.325Z"}
{"level":"info","message":{"auth":"[REDACTED]","method":"GET","msg":"request","timestamp":"2025-11-29T19:31:05.329Z","url":"/api/own-cyberark-identity"},"timestamp":"2025-11-29T19:31:05.329Z"}
{"level":"info","message":{"auth":"[REDACTED]","method":"GET","msg":"request","timestamp":"2025-11-29T19:31:08.521Z","url":"/api/own-cyberark"},"timestamp":"2025-11-29T19:31:08.521Z"}
{"level":"info","message":{"auth":"[REDACTED]","method":"GET","msg":"request","timestamp":"2025-11-29T19:33:54.423Z","url":"/api/own-cyberark"},"timestamp":"2025-11-29T19:33:54.423Z"}
{"level":"info","message":{"auth":"[REDACTED]","method":"GET","msg":"request","timestamp":"2025-11-29T19:33:54.516Z","url":"/api/own-cyberark"},"timestamp":"2025-11-29T19:33:54.516Z"}
{"level":"info","message":{"auth":"[REDACTED]","method":"GET","msg":"request","timestamp":"2025-11-29T19:33:54.588Z","url":"/api/own-cyberark-epm"},"timestamp":"2025-11-29T19:33:54.588Z"}
{"level":"info","message":{"auth":"[REDACTED]","method":"GET","msg":"request","timestamp":"2025-11-29T19:33:54.610Z","url":"/api/own-cyberark-alero"},"timestamp":"2025-11-29T19:33:54.610Z"}
{"level":"info","message":{"auth":"[REDACTED]","method":"GET","msg":"request","timestamp":"2025-11-29T19:33:54.619Z","url":"/api/own-cyberark-conjur"},"timestamp":"2025-11-29T19:33:54.619Z"}
{"level":"info","message":{"auth":"[REDACTED]","method":"GET","msg":"request","timestamp":"2025-11-29T19:33:54.627Z","url":"/api/own-cyberark-dpa"},"timestamp":"2025-11-29T19:33:54.627Z"}
{"level":"info","message":{"auth":"[REDACTED]","method":"GET","msg":"request","timestamp":"2025-11-29T19:33:54.631Z","url":"/api/own-cyberark-identity"},"timestamp":"2025-11-29T19:33:54.631Z"}
{"level":"info","message":{"auth":"[REDACTED]","method":"GET","msg":"request","timestamp":"2025-11-29T19:33:54.639Z","url":"/api/own-cyberark-epm"},"timestamp":"2025-11-29T19:33:54.639Z"}
{"level":"info","message":{"auth":"[REDACTED]","method":"GET","msg":"request","timestamp":"2025-11-29T19:33:54.646Z","url":"/api/own-cyberark-alero"},"timestamp":"2025-11-29T19:33:54.646Z"}
{"level":"info","message":{"auth":"[REDACTED]","method":"GET","msg":"request","timestamp":"2025-11-29T19:33:54.654Z","url":"/api/own-cyberark-conjur"},"timestamp":"2025-11-29T19:33:54.654Z"}
{"level":"info","message":{"auth":"[REDACTED]","method":"GET","msg":"request","timestamp":"2025-11-29T19:33:54.667Z","url":"/api/own-cyberark-dpa"},"timestamp":"2025-11-29T19:33:54.667Z"}
{"level":"info","message":{"auth":"[REDACTED]","method":"GET","msg":"request","timestamp":"2025-11-29T19:33:54.686Z","url":"/api/own-cyberark-identity"},"timestamp":"2025-11-29T19:33:54.687Z"}
{"level":"info","message":{"auth":"[REDACTED]","method":"GET","msg":"request","timestamp":"2025-11-29T19:33:56.757Z","url":"/api/search-employee/u1009/details?system=ping-directory"},"timestamp":"2025-11-29T19:33:56.757Z"}
{"level":"info","message":{"auth":"[REDACTED]","method":"GET","msg":"request","timestamp":"2025-11-29T19:40:21.843Z","url":"/api/own-cyberark"},"timestamp":"2025-11-29T19:40:21.843Z"}
{"level":"info","message":{"auth":"[REDACTED]","method":"GET","msg":"request","timestamp":"2025-11-29T19:40:21.904Z","url":"/api/ops-failures?system=cyberark-pam&minutes=10"},"timestamp":"2025-11-29T19:40:21.904Z"}
{"level":"info","message":{"auth":"[REDACTED]","method":"GET","msg":"request","timestamp":"2025-11-29T19:40:21.914Z","url":"/api/own-cyberark"},"timestamp":"2025-11-29T19:40:21.914Z"}
{"level":"info","message":{"auth":"[REDACTED]","method":"GET","msg":"request","timestamp":"2025-11-29T19:40:21.955Z","url":"/api/ops-failures?system=cyberark-vault&minutes=10"},"timestamp":"2025-11-29T19:40:21.955Z"}
{"level":"info","message":{"auth":"[REDACTED]","method":"GET","msg":"request","timestamp":"2025-11-29T19:40:21.968Z","url":"/api/ops-failures?system=cyberark-pam&minutes=10"},"timestamp":"2025-11-29T19:40:21.968Z"}
{"level":"info","message":{"auth":"[REDACTED]","method":"GET","msg":"request","timestamp":"2025-11-29T19:40:21.990Z","url":"/api/ops-failures?system=cyberark-vault&minutes=10"},"timestamp":"2025-11-29T19:40:21.990Z"}
{"level":"info","message":{"auth":"[REDACTED]","method":"GET","msg":"request","timestamp":"2025-11-29T19:40:29.180Z","url":"/api/own-cyberark"},"timestamp":"2025-11-29T19:40:29.180Z"}
{"level":"info","message":{"auth":"[REDACTED]","method":"GET","msg":"request","timestamp":"2025-11-29T19:40:29.188Z","url":"/api/ops-failures?system=cyberark-pam&minutes=10"},"timestamp":"2025-11-29T19:40:29.188Z"}
{"level":"info","message":{"auth":"[REDACTED]","method":"GET","msg":"request","timestamp":"2025-11-29T19:40:29.283Z","url":"/api/ops-failures?system=cyberark-vault&minutes=10"},"timestamp":"2025-11-29T19:40:29.283Z"}
{"level":"info","message":{"auth":"[REDACTED]","method":"GET","msg":"request","timestamp":"2025-11-29T19:40:29.305Z","url":"/api/own-cyberark"},"timestamp":"2025-11-29T19:40:29.305Z"}
{"level":"info","message":{"auth":"[REDACTED]","method":"GET","msg":"request","timestamp":"2025-11-29T19:40:29.322Z","url":"/api/ops-failures?system=cyberark-pam&minutes=10"},"timestamp":"2025-11-29T19:40:29.322Z"}
{"level":"info","message":{"auth":"[REDACTED]","method":"GET","msg":"request","timestamp":"2025-11-29T19:40:29.375Z","url":"/api/ops-failures?system=cyberark-vault&minutes=10"},"timestamp":"2025-11-29T19:40:29.375Z"}
{"level":"info","message":{"auth":"[REDACTED]","method":"GET","msg":"request","timestamp":"2025-11-29T19:40:29.825Z","url":"/api/own-cyberark-epm"},"timestamp":"2025-11-29T19:40:29.825Z"}
{"level":"info","message":{"auth":"[REDACTED]","method":"GET","msg":"request","timestamp":"2025-11-29T19:40:29.829Z","url":"/api/own-cyberark-alero"},"timestamp":"2025-11-29T19:40:29.829Z"}
{"level":"info","message":{"auth":"[REDACTED]","method":"GET","msg":"request","timestamp":"2025-11-29T19:40:29.836Z","url":"/api/own-cyberark-conjur"},"timestamp":"2025-11-29T19:40:29.836Z"}
{"level":"info","message":{"auth":"[REDACTED]","method":"GET","msg":"request","timestamp":"2025-11-29T19:40:29.840Z","url":"/api/own-cyberark-dpa"},"timestamp":"2025-11-29T19:40:29.840Z"}
{"level":"info","message":{"auth":"[REDACTED]","method":"GET","msg":"request","timestamp":"2025-11-29T19:40:29.846Z","url":"/api/own-cyberark-epm"},"timestamp":"2025-11-29T19:40:29.846Z"}
{"level":"info","message":{"auth":"[REDACTED]","method":"GET","msg":"request","timestamp":"2025-11-29T19:40:29.851Z","url":"/api/own-cyberark-dpa"},"timestamp":"2025-11-29T19:40:29.851Z"}
{"level":"info","message":{"auth":"[REDACTED]","method":"GET","msg":"request","timestamp":"2025-11-29T19:40:29.856Z","url":"/api/own-cyberark-identity"},"timestamp":"2025-11-29T19:40:29.856Z"}
{"level":"info","message":{"auth":"[REDACTED]","method":"GET","msg":"request","timestamp":"2025-11-29T19:40:29.860Z","url":"/api/own-cyberark-alero"},"timestamp":"2025-11-29T19:40:29.860Z"}
{"level":"info","message":{"auth":"[REDACTED]","method":"GET","msg":"request","timestamp":"2025-11-29T19:40:29.865Z","url":"/api/own-cyberark-conjur"},"timestamp":"2025-11-29T19:40:29.865Z"}
{"level":"info","message":{"auth":"[REDACTED]","method":"GET","msg":"request","timestamp":"2025-11-29T19:40:29.869Z","url":"/api/own-cyberark-identity"},"timestamp":"2025-11-29T19:40:29.869Z"}
{"level":"info","message":{"auth":"[REDACTED]","method":"GET","msg":"request","timestamp":"2025-11-29T19:40:39.214Z","url":"/api/own-cyberark"},"timestamp":"2025-11-29T19:40:39.214Z"}
{"level":"info","message":{"auth":"[REDACTED]","method":"GET","msg":"request","timestamp":"2025-11-29T19:40:39.230Z","url":"/api/own-cyberark-epm"},"timestamp":"2025-11-29T19:40:39.230Z"}
{"level":"info","message":{"auth":"[REDACTED]","method":"GET","msg":"request","timestamp":"2025-11-29T19:40:39.242Z","url":"/api/own-cyberark"},"timestamp":"2025-11-29T19:40:39.242Z"}
{"level":"info","message":{"auth":"[REDACTED]","method":"GET","msg":"request","timestamp":"2025-11-29T19:40:39.282Z","url":"/api/own-cyberark-epm"},"timestamp":"2025-11-29T19:40:39.282Z"}
{"level":"info","message":{"auth":"[REDACTED]","method":"GET","msg":"request","timestamp":"2025-11-29T19:40:39.292Z","url":"/api/own-cyberark-dpa"},"timestamp":"2025-11-29T19:40:39.292Z"}
{"level":"info","message":{"auth":"[REDACTED]","method":"GET","msg":"request","timestamp":"2025-11-29T19:40:39.301Z","url":"/api/own-cyberark-identity"},"timestamp":"2025-11-29T19:40:39.301Z"}
{"level":"info","message":{"auth":"[REDACTED]","method":"GET","msg":"request","timestamp":"2025-11-29T19:40:39.309Z","url":"/api/ops-failures?system=cyberark-vault&minutes=10"},"timestamp":"2025-11-29T19:40:39.310Z"}
{"level":"info","message":{"auth":"[REDACTED]","method":"GET","msg":"request","timestamp":"2025-11-29T19:40:39.319Z","url":"/api/ops-failures?system=cyberark-pam&minutes=10"},"timestamp":"2025-11-29T19:40:39.319Z"}
{"level":"info","message":{"auth":"[REDACTED]","method":"GET","msg":"request","timestamp":"2025-11-29T19:40:39.398Z","url":"/api/own-cyberark-alero"},"timestamp":"2025-11-29T19:40:39.398Z"}
{"level":"info","message":{"auth":"[REDACTED]","method":"GET","msg":"request","timestamp":"2025-11-29T19:40:39.407Z","url":"/api/own-cyberark-conjur"},"timestamp":"2025-11-29T19:40:39.407Z"}
{"level":"info","message":{"auth":"[REDACTED]","method":"GET","msg":"request","timestamp":"2025-11-29T19:40:39.417Z","url":"/api/own-cyberark-dpa"},"timestamp":"2025-11-29T19:40:39.417Z"}
{"level":"info","message":{"auth":"[REDACTED]","method":"GET","msg":"request","timestamp":"2025-11-29T19:40:39.426Z","url":"/api/own-cyberark-identity"},"timestamp":"2025-11-29T19:40:39.426Z"}
{"level":"info","message":{"auth":"[REDACTED]","method":"GET","msg":"request","timestamp":"2025-11-29T19:40:39.440Z","url":"/api/own-cyberark-alero"},"timestamp":"2025-11-29T19:40:39.440Z"}
{"level":"info","message":{"auth":"[REDACTED]","method":"GET","msg":"request","timestamp":"2025-11-29T19:40:39.446Z","url":"/api/own-cyberark-conjur"},"timestamp":"2025-11-29T19:40:39.446Z"}
{"level":"info","message":{"auth":"[REDACTED]","method":"GET","msg":"request","timestamp":"2025-11-29T19:40:49.412Z","url":"/api/ops-failures?system=ping-federate&minutes=10"},"timestamp":"2025-11-29T19:40:49.412Z"}
{"level":"info","message":{"auth":"[REDACTED]","method":"GET","msg":"request","timestamp":"2025-11-29T19:40:49.417Z","url":"/api/ops-failures?system=ping-mfa&minutes=10"},"timestamp":"2025-11-29T19:40:49.417Z"}
{"level":"info","message":{"auth":"[REDACTED]","method":"GET","msg":"request","timestamp":"2025-11-29T19:41:17.511Z","url":"/api/search-employee/u1004/details?system=ping-directory"},"timestamp":"2025-11-29T19:41:17.511Z"}
{"level":"info","message":{"auth":"[REDACTED]","method":"GET","msg":"request","timestamp":"2025-11-29T19:41:37.583Z","url":"/api/all-users"},"timestamp":"2025-11-29T19:41:37.583Z"}
{"level":"info","message":{"auth":"[REDACTED]","method":"GET","msg":"request","timestamp":"2025-11-29T19:41:37.641Z","url":"/api/search-employee/dana.lee%40company.com/details?system=ping-directory"},"timestamp":"2025-11-29T19:41:37.641Z"}
{"level":"info","message":{"auth":"[REDACTED]","method":"GET","msg":"request","timestamp":"2025-11-29T19:41:37.646Z","url":"/api/search-employee/u1004/details?system=ping-directory"},"timestamp":"2025-11-29T19:41:37.646Z"}
{"level":"info","message":{"auth":"[REDACTED]","method":"GET","msg":"request","timestamp":"2025-11-29T19:41:37.654Z","url":"/api/search-employee/DANA.LEE%40COMPANY.COM/details?system=ping-directory"},"timestamp":"2025-11-29T19:41:37.654Z"}
{"level":"info","message":{"auth":"[REDACTED]","method":"GET","msg":"request","timestamp":"2025-11-29T19:41:37.658Z","url":"/api/search-employee/U1004/details?system=ping-directory"},"timestamp":"2025-11-29T19:41:37.658Z"}
{"level":"info","message":{"auth":"[REDACTED]","method":"GET","msg":"request","timestamp":"2025-11-29T19:41:37.663Z","url":"/api/search-employee/dana.lee%40company.com/details?system=ping-mfa"},"timestamp":"2025-11-29T19:41:37.663Z"}
{"level":"info","message":{"auth":"[REDACTED]","method":"GET","msg":"request","timestamp":"2025-11-29T19:41:37.671Z","url":"/api/search-employee/u1004/details?system=ping-mfa"},"timestamp":"2025-11-29T19:41:37.671Z"}
{"level":"info","message":{"auth":"[REDACTED]","method":"GET","msg":"request","timestamp":"2025-11-29T19:41:37.678Z","url":"/api/search-employee/DANA.LEE%40COMPANY.COM/details?system=ping-mfa"},"timestamp":"2025-11-29T19:41:37.678Z"}
{"level":"info","message":{"auth":"[REDACTED]","method":"GET","msg":"request","timestamp":"2025-11-29T19:41:37.685Z","url":"/api/search-employee/U1004/details?system=ping-mfa"},"timestamp":"2025-11-29T19:41:37.685Z"}
{"level":"info","message":{"auth":"[REDACTED]","method":"GET","msg":"request","timestamp":"2025-11-29T19:41:49.730Z","url":"/api/all-users"},"timestamp":"2025-11-29T19:41:49.730Z"}
{"level":"info","message":{"auth":"[REDACTED]","method":"GET","msg":"request","timestamp":"2025-11-29T19:41:49.796Z","url":"/api/search-employee/dana.lee%40company.com/details?system=ping-directory"},"timestamp":"2025-11-29T19:41:49.796Z"}
{"level":"info","message":{"auth":"[REDACTED]","method":"GET","msg":"request","timestamp":"2025-11-29T19:41:49.803Z","url":"/api/search-employee/u1004/details?system=ping-directory"},"timestamp":"2025-11-29T19:41:49.803Z"}
{"level":"info","message":{"auth":"[REDACTED]","method":"GET","msg":"request","timestamp":"2025-11-29T19:41:49.809Z","url":"/api/search-employee/DANA.LEE%40COMPANY.COM/details?system=ping-directory"},"timestamp":"2025-11-29T19:41:49.809Z"}
{"level":"info","message":{"auth":"[REDACTED]","method":"GET","msg":"request","timestamp":"2025-11-29T19:41:49.814Z","url":"/api/search-employee/U1004/details?system=ping-directory"},"timestamp":"2025-11-29T19:41:49.814Z"}
{"level":"info","message":{"auth":"[REDACTED]","method":"GET","msg":"request","timestamp":"2025-11-29T19:41:49.819Z","url":"/api/search-employee/dana.lee%40company.com/details?system=ping-mfa"},"timestamp":"2025-11-29T19:41:49.819Z"}
{"level":"info","message":{"auth":"[REDACTED]","method":"GET","msg":"request","timestamp":"2025-11-29T19:41:49.824Z","url":"/api/search-employee/u1004/details?system=ping-mfa"},"timestamp":"2025-11-29T19:41:49.824Z"}
{"level":"info","message":{"auth":"[REDACTED]","method":"GET","msg":"request","timestamp":"2025-11-29T19:41:49.833Z","url":"/api/search-employee/DANA.LEE%40COMPANY.COM/details?system=ping-mfa"},"timestamp":"2025-11-29T19:41:49.833Z"}
{"level":"info","message":{"auth":"[REDACTED]","method":"GET","msg":"request","timestamp":"2025-11-29T19:41:49.838Z","url":"/api/search-employee/U1004/details?system=ping-mfa"},"timestamp":"2025-11-29T19:41:49.838Z"}
{"level":"info","message":{"auth":"[REDACTED]","method":"GET","msg":"request","timestamp":"2025-11-29T19:41:57.788Z","url":"/api/search-employee/u1004/details?system=ping-mfa"},"timestamp":"2025-11-29T19:41:57.788Z"}
{"level":"info","message":{"auth":"[REDACTED]","method":"GET","msg":"request","timestamp":"2025-11-29T19:47:08.595Z","url":"/api/own-cyberark"},"timestamp":"2025-11-29T19:47:08.595Z"}
{"level":"info","message":{"auth":"[REDACTED]","method":"GET","msg":"request","timestamp":"2025-11-29T19:47:08.634Z","url":"/api/own-cyberark"},"timestamp":"2025-11-29T19:47:08.634Z"}
{"level":"info","message":{"auth":"[REDACTED]","method":"GET","msg":"request","timestamp":"2025-11-29T19:47:08.654Z","url":"/api/ops-failures?system=cyberark-pam&minutes=10"},"timestamp":"2025-11-29T19:47:08.654Z"}
{"level":"info","message":{"auth":"[REDACTED]","method":"GET","msg":"request","timestamp":"2025-11-29T19:47:08.666Z","url":"/api/ops-failures?system=cyberark-vault&minutes=10"},"timestamp":"2025-11-29T19:47:08.666Z"}
{"level":"info","message":{"auth":"[REDACTED]","method":"GET","msg":"request","timestamp":"2025-11-29T19:47:08.675Z","url":"/api/ops-failures?system=cyberark-pam&minutes=10"},"timestamp":"2025-11-29T19:47:08.675Z"}
{"level":"info","message":{"auth":"[REDACTED]","method":"GET","msg":"request","timestamp":"2025-11-29T19:47:08.702Z","url":"/api/ops-failures?system=cyberark-vault&minutes=10"},"timestamp":"2025-11-29T19:47:08.702Z"}
{"level":"info","message":{"auth":"[REDACTED]","method":"GET","msg":"request","timestamp":"2025-11-29T19:47:09.947Z","url":"/api/own-cyberark"},"timestamp":"2025-11-29T19:47:09.947Z"}
{"level":"info","message":{"auth":"[REDACTED]","method":"GET","msg":"request","timestamp":"2025-11-29T19:47:09.974Z","url":"/api/ops-failures?system=cyberark-pam&minutes=10"},"timestamp":"2025-11-29T19:47:09.974Z"}
{"level":"info","message":{"auth":"[REDACTED]","method":"GET","msg":"request","timestamp":"2025-11-29T19:47:09.985Z","url":"/api/ops-failures?system=cyberark-vault&minutes=10"},"timestamp":"2025-11-29T19:47:09.985Z"}
{"level":"info","message":{"auth":"[REDACTED]","method":"GET","msg":"request","timestamp":"2025-11-29T19:47:10.011Z","url":"/api/own-cyberark"},"timestamp":"2025-11-29T19:47:10.011Z"}
{"level":"info","message":{"auth":"[REDACTED]","method":"GET","msg":"request","timestamp":"2025-11-29T19:47:10.030Z","url":"/api/ops-failures?system=cyberark-pam&minutes=10"},"timestamp":"2025-11-29T19:47:10.030Z"}
{"level":"info","message":{"auth":"[REDACTED]","method":"GET","msg":"request","timestamp":"2025-11-29T19:47:10.059Z","url":"/api/ops-failures?system=cyberark-vault&minutes=10"},"timestamp":"2025-11-29T19:47:10.059Z"}
{"level":"info","message":{"auth":"[REDACTED]","method":"GET","msg":"request","timestamp":"2025-11-29T19:47:11.851Z","url":"/api/own-cyberark-epm"},"timestamp":"2025-11-29T19:47:11.851Z"}
{"level":"info","message":{"auth":"[REDACTED]","method":"GET","msg":"request","timestamp":"2025-11-29T19:47:11.860Z","url":"/api/own-cyberark-epm"},"timestamp":"2025-11-29T19:47:11.860Z"}
{"level":"info","message":{"auth":"[REDACTED]","method":"GET","msg":"request","timestamp":"2025-11-29T19:47:11.867Z","url":"/api/own-cyberark-alero"},"timestamp":"2025-11-29T19:47:11.867Z"}
{"level":"info","message":{"auth":"[REDACTED]","method":"GET","msg":"request","timestamp":"2025-11-29T19:47:11.879Z","url":"/api/own-cyberark-dpa"},"timestamp":"2025-11-29T19:47:11.879Z"}
{"level":"info","message":{"auth":"[REDACTED]","method":"GET","msg":"request","timestamp":"2025-11-29T19:47:11.924Z","url":"/api/own-cyberark-alero"},"timestamp":"2025-11-29T19:47:11.924Z"}
{"level":"info","message":{"auth":"[REDACTED]","method":"GET","msg":"request","timestamp":"2025-11-29T19:47:11.940Z","url":"/api/own-cyberark-conjur"},"timestamp":"2025-11-29T19:47:11.940Z"}
{"level":"info","message":{"auth":"[REDACTED]","method":"GET","msg":"request","timestamp":"2025-11-29T19:47:11.964Z","url":"/api/own-cyberark-identity"},"timestamp":"2025-11-29T19:47:11.964Z"}
{"level":"info","message":{"auth":"[REDACTED]","method":"GET","msg":"request","timestamp":"2025-11-29T19:47:11.970Z","url":"/api/own-cyberark-dpa"},"timestamp":"2025-11-29T19:47:11.970Z"}
{"level":"info","message":{"auth":"[REDACTED]","method":"GET","msg":"request","timestamp":"2025-11-29T19:47:11.977Z","url":"/api/own-cyberark-conjur"},"timestamp":"2025-11-29T19:47:11.977Z"}
{"level":"info","message":{"auth":"[REDACTED]","method":"GET","msg":"request","timestamp":"2025-11-29T19:47:11.983Z","url":"/api/own-cyberark-identity"},"timestamp":"2025-11-29T19:47:11.983Z"}
{"level":"info","message":{"auth":"[REDACTED]","method":"GET","msg":"request","timestamp":"2025-11-29T19:47:33.598Z","url":"/api/own-cyberark"},"timestamp":"2025-11-29T19:47:33.598Z"}
{"level":"info","message":{"auth":"[REDACTED]","method":"GET","msg":"request","timestamp":"2025-11-29T19:47:33.620Z","url":"/api/own-cyberark"},"timestamp":"2025-11-29T19:47:33.620Z"}
{"level":"info","message":{"auth":"[REDACTED]","method":"GET","msg":"request","timestamp":"2025-11-29T19:47:33.676Z","url":"/api/ops-failures?system=cyberark-pam&minutes=10"},"timestamp":"2025-11-29T19:47:33.676Z"}
{"level":"info","message":{"auth":"[REDACTED]","method":"GET","msg":"request","timestamp":"2025-11-29T19:47:33.685Z","url":"/api/ops-failures?system=cyberark-vault&minutes=10"},"timestamp":"2025-11-29T19:47:33.685Z"}
{"level":"info","message":{"auth":"[REDACTED]","method":"GET","msg":"request","timestamp":"2025-11-29T19:47:33.781Z","url":"/api/ops-failures?system=cyberark-pam&minutes=10"},"timestamp":"2025-11-29T19:47:33.781Z"}
{"level":"info","message":{"auth":"[REDACTED]","method":"GET","msg":"request","timestamp":"2025-11-29T19:47:33.911Z","url":"/api/ops-failures?system=cyberark-vault&minutes=10"},"timestamp":"2025-11-29T19:47:33.911Z"}
{"level":"info","message":{"auth":"[REDACTED]","method":"GET","msg":"request","timestamp":"2025-11-29T19:47:34.036Z","url":"/api/own-cyberark-epm"},"timestamp":"2025-11-29T19:47:34.037Z"}
{"level":"info","message":{"auth":"[REDACTED]","method":"GET","msg":"request","timestamp":"2025-11-29T19:47:34.056Z","url":"/api/own-cyberark-alero"},"timestamp":"2025-11-29T19:47:34.056Z"}
{"level":"info","message":{"auth":"[REDACTED]","method":"GET","msg":"request","timestamp":"2025-11-29T19:47:34.071Z","url":"/api/own-cyberark-epm"},"timestamp":"2025-11-29T19:47:34.071Z"}
{"level":"info","message":{"auth":"[REDACTED]","method":"GET","msg":"request","timestamp":"2025-11-29T19:47:34.085Z","url":"/api/own-cyberark-dpa"},"timestamp":"2025-11-29T19:47:34.085Z"}
{"level":"info","message":{"auth":"[REDACTED]","method":"GET","msg":"request","timestamp":"2025-11-29T19:47:34.106Z","url":"/api/own-cyberark-alero"},"timestamp":"2025-11-29T19:47:34.106Z"}
{"level":"info","message":{"auth":"[REDACTED]","method":"GET","msg":"request","timestamp":"2025-11-29T19:47:34.114Z","url":"/api/own-cyberark-conjur"},"timestamp":"2025-11-29T19:47:34.114Z"}
{"level":"info","message":{"auth":"[REDACTED]","method":"GET","msg":"request","timestamp":"2025-11-29T19:47:34.123Z","url":"/api/own-cyberark-identity"},"timestamp":"2025-11-29T19:47:34.123Z"}
{"level":"info","message":{"auth":"[REDACTED]","method":"GET","msg":"request","timestamp":"2025-11-29T19:47:34.130Z","url":"/api/own-cyberark-dpa"},"timestamp":"2025-11-29T19:47:34.130Z"}
{"level":"info","message":{"auth":"[REDACTED]","method":"GET","msg":"request","timestamp":"2025-11-29T19:47:34.137Z","url":"/api/own-cyberark-conjur"},"timestamp":"2025-11-29T19:47:34.137Z"}
{"level":"info","message":{"auth":"[REDACTED]","method":"GET","msg":"request","timestamp":"2025-11-29T19:47:34.142Z","url":"/api/own-cyberark-identity"},"timestamp":"2025-11-29T19:47:34.142Z"}
{"level":"info","message":{"auth":"[REDACTED]","method":"GET","msg":"request","timestamp":"2025-11-29T19:47:47.736Z","url":"/api/own-ping-directory"},"timestamp":"2025-11-29T19:47:47.736Z"}
{"level":"info","message":{"auth":"[REDACTED]","method":"GET","msg":"request","timestamp":"2025-11-29T19:47:47.744Z","url":"/api/own-ping-federate"},"timestamp":"2025-11-29T19:47:47.744Z"}
{"level":"info","message":{"auth":"[REDACTED]","method":"GET","msg":"request","timestamp":"2025-11-29T19:47:47.754Z","url":"/api/own-ping-mfa"},"timestamp":"2025-11-29T19:47:47.754Z"}
{"level":"info","message":{"auth":"[REDACTED]","method":"GET","msg":"request","timestamp":"2025-11-29T19:47:47.822Z","url":"/api/own-ping-directory"},"timestamp":"2025-11-29T19:47:47.822Z"}
{"level":"info","message":{"auth":"[REDACTED]","method":"GET","msg":"request","timestamp":"2025-11-29T19:47:47.867Z","url":"/api/own-ping-federate"},"timestamp":"2025-11-29T19:47:47.867Z"}
{"level":"info","message":{"auth":"[REDACTED]","method":"GET","msg":"request","timestamp":"2025-11-29T19:47:47.879Z","url":"/api/own-ping-access"},"timestamp":"2025-11-29T19:47:47.879Z"}
{"level":"info","message":{"auth":"[REDACTED]","method":"GET","msg":"request","timestamp":"2025-11-29T19:47:47.885Z","url":"/api/own-ping-intelligence"},"timestamp":"2025-11-29T19:47:47.885Z"}
{"level":"info","message":{"auth":"[REDACTED]","method":"GET","msg":"request","timestamp":"2025-11-29T19:47:47.893Z","url":"/api/own-ping-access"},"timestamp":"2025-11-29T19:47:47.893Z"}
{"level":"info","message":{"auth":"[REDACTED]","method":"GET","msg":"request","timestamp":"2025-11-29T19:47:47.898Z","url":"/api/own-ping-intelligence"},"timestamp":"2025-11-29T19:47:47.898Z"}
{"level":"info","message":{"auth":"[REDACTED]","method":"GET","msg":"request","timestamp":"2025-11-29T19:47:47.905Z","url":"/api/ops-failures?system=ping-federate&minutes=10"},"timestamp":"2025-11-29T19:47:47.905Z"}
{"level":"info","message":{"auth":"[REDACTED]","method":"GET","msg":"request","timestamp":"2025-11-29T19:47:47.911Z","url":"/api/own-ping-mfa"},"timestamp":"2025-11-29T19:47:47.911Z"}
{"level":"info","message":{"auth":"[REDACTED]","method":"GET","msg":"request","timestamp":"2025-11-29T19:47:47.914Z","url":"/api/own-ping-authorize"},"timestamp":"2025-11-29T19:47:47.914Z"}
{"level":"info","message":{"auth":"[REDACTED]","method":"GET","msg":"request","timestamp":"2025-11-29T19:47:47.921Z","url":"/api/ops-failures?system=ping-mfa&minutes=10"},"timestamp":"2025-11-29T19:47:47.921Z"}
{"level":"info","message":{"auth":"[REDACTED]","method":"GET","msg":"request","timestamp":"2025-11-29T19:47:47.925Z","url":"/api/own-ping-authorize"},"timestamp":"2025-11-29T19:47:47.925Z"}
{"level":"info","message":{"auth":"[REDACTED]","method":"GET","msg":"request","timestamp":"2025-11-29T19:48:09.967Z","url":"/api/own-ping-directory"},"timestamp":"2025-11-29T19:48:09.967Z"}
{"level":"info","message":{"auth":"[REDACTED]","method":"GET","msg":"request","timestamp":"2025-11-29T19:48:09.987Z","url":"/api/own-ping-federate"},"timestamp":"2025-11-29T19:48:09.987Z"}
{"level":"info","message":{"auth":"[REDACTED]","method":"GET","msg":"request","timestamp":"2025-11-29T19:48:10.009Z","url":"/api/own-ping-mfa"},"timestamp":"2025-11-29T19:48:10.009Z"}
{"level":"info","message":{"auth":"[REDACTED]","method":"GET","msg":"request","timestamp":"2025-11-29T19:48:10.018Z","url":"/api/own-ping-access"},"timestamp":"2025-11-29T19:48:10.018Z"}
{"level":"info","message":{"auth":"[REDACTED]","method":"GET","msg":"request","timestamp":"2025-11-29T19:48:10.024Z","url":"/api/own-ping-authorize"},"timestamp":"2025-11-29T19:48:10.024Z"}
{"level":"info","message":{"auth":"[REDACTED]","method":"GET","msg":"request","timestamp":"2025-11-29T19:48:10.031Z","url":"/api/own-ping-federate"},"timestamp":"2025-11-29T19:48:10.031Z"}
{"level":"info","message":{"auth":"[REDACTED]","method":"GET","msg":"request","timestamp":"2025-11-29T19:48:10.036Z","url":"/api/own-ping-mfa"},"timestamp":"2025-11-29T19:48:10.036Z"}
{"level":"info","message":{"auth":"[REDACTED]","method":"GET","msg":"request","timestamp":"2025-11-29T19:48:10.041Z","url":"/api/own-ping-access"},"timestamp":"2025-11-29T19:48:10.042Z"}
{"level":"info","message":{"auth":"[REDACTED]","method":"GET","msg":"request","timestamp":"2025-11-29T19:48:10.045Z","url":"/api/own-ping-authorize"},"timestamp":"2025-11-29T19:48:10.045Z"}
{"level":"info","message":{"auth":"[REDACTED]","method":"GET","msg":"request","timestamp":"2025-11-29T19:48:10.053Z","url":"/api/own-ping-directory"},"timestamp":"2025-11-29T19:48:10.053Z"}
{"level":"info","message":{"auth":"[REDACTED]","method":"GET","msg":"request","timestamp":"2025-11-29T19:48:10.059Z","url":"/api/own-ping-intelligence"},"timestamp":"2025-11-29T19:48:10.059Z"}
{"level":"info","message":{"auth":"[REDACTED]","method":"GET","msg":"request","timestamp":"2025-11-29T19:48:10.079Z","url":"/api/own-ping-intelligence"},"timestamp":"2025-11-29T19:48:10.079Z"}
{"level":"info","message":{"auth":"[REDACTED]","method":"GET","msg":"request","timestamp":"2025-11-29T19:48:45.122Z","url":"/api/search-employee/u1007/details?system=ping-directory"},"timestamp":"2025-11-29T19:48:45.122Z"}
{"level":"info","message":{"auth":"[REDACTED]","method":"GET","msg":"request","timestamp":"2025-11-29T19:49:03.555Z","url":"/api/search-employee/u1007/details?system=ping-mfa"},"timestamp":"2025-11-29T19:49:03.555Z"}
{"level":"info","message":{"auth":"[REDACTED]","method":"GET","msg":"request","timestamp":"2025-11-29T19:49:10.882Z","url":"/api/all-users"},"timestamp":"2025-11-29T19:49:10.882Z"}
{"level":"info","message":{"auth":"[REDACTED]","method":"GET","msg":"request","timestamp":"2025-11-29T19:49:10.944Z","url":"/api/search-employee/george.smith%40company.com/details?system=ping-directory"},"timestamp":"2025-11-29T19:49:10.944Z"}
{"level":"info","message":{"auth":"[REDACTED]","method":"GET","msg":"request","timestamp":"2025-11-29T19:49:10.952Z","url":"/api/search-employee/u1007/details?system=ping-directory"},"timestamp":"2025-11-29T19:49:10.952Z"}
{"level":"info","message":{"auth":"[REDACTED]","method":"GET","msg":"request","timestamp":"2025-11-29T19:49:10.957Z","url":"/api/search-employee/GEORGE.SMITH%40COMPANY.COM/details?system=ping-directory"},"timestamp":"2025-11-29T19:49:10.957Z"}
{"level":"info","message":{"auth":"[REDACTED]","method":"GET","msg":"request","timestamp":"2025-11-29T19:49:10.969Z","url":"/api/search-employee/U1007/details?system=ping-directory"},"timestamp":"2025-11-29T19:49:10.969Z"}
{"level":"info","message":{"auth":"[REDACTED]","method":"GET","msg":"request","timestamp":"2025-11-29T19:49:10.976Z","url":"/api/search-employee/george.smith%40company.com/details?system=ping-mfa"},"timestamp":"2025-11-29T19:49:10.976Z"}
{"level":"info","message":{"auth":"[REDACTED]","method":"GET","msg":"request","timestamp":"2025-11-29T19:49:10.985Z","url":"/api/search-employee/u1007/details?system=ping-mfa"},"timestamp":"2025-11-29T19:49:10.985Z"}
{"level":"info","message":{"auth":"[REDACTED]","method":"GET","msg":"request","timestamp":"2025-11-29T19:49:10.990Z","url":"/api/search-employee/GEORGE.SMITH%40COMPANY.COM/details?system=ping-mfa"},"timestamp":"2025-11-29T19:49:10.990Z"}
{"level":"info","message":{"auth":"[REDACTED]","method":"GET","msg":"request","timestamp":"2025-11-29T19:49:10.999Z","url":"/api/search-employee/U1007/details?system=ping-mfa"},"timestamp":"2025-11-29T19:49:10.999Z"}
{"level":"info","message":{"auth":"[REDACTED]","method":"GET","msg":"request","timestamp":"2025-11-29T19:49:19.042Z","url":"/api/all-users"},"timestamp":"2025-11-29T19:49:19.042Z"}
{"level":"info","message":{"auth":"[REDACTED]","method":"GET","msg":"request","timestamp":"2025-11-29T19:49:19.096Z","url":"/api/search-employee/george.smith%40company.com/details?system=ping-directory"},"timestamp":"2025-11-29T19:49:19.096Z"}
{"level":"info","message":{"auth":"[REDACTED]","method":"GET","msg":"request","timestamp":"2025-11-29T19:49:19.119Z","url":"/api/search-employee/u1007/details?system=ping-directory"},"timestamp":"2025-11-29T19:49:19.119Z"}
{"level":"info","message":{"auth":"[REDACTED]","method":"GET","msg":"request","timestamp":"2025-11-29T19:49:19.123Z","url":"/api/search-employee/GEORGE.SMITH%40COMPANY.COM/details?system=ping-directory"},"timestamp":"2025-11-29T19:49:19.123Z"}
{"level":"info","message":{"auth":"[REDACTED]","method":"GET","msg":"request","timestamp":"2025-11-29T19:49:19.132Z","url":"/api/search-employee/U1007/details?system=ping-directory"},"timestamp":"2025-11-29T19:49:19.132Z"}
{"level":"info","message":{"auth":"[REDACTED]","method":"GET","msg":"request","timestamp":"2025-11-29T19:49:19.138Z","url":"/api/search-employee/george.smith%40company.com/details?system=ping-mfa"},"timestamp":"2025-11-29T19:49:19.138Z"}
{"level":"info","message":{"auth":"[REDACTED]","method":"GET","msg":"request","timestamp":"2025-11-29T19:49:19.143Z","url":"/api/search-employee/u1007/details?system=ping-mfa"},"timestamp":"2025-11-29T19:49:19.143Z"}
{"level":"info","message":{"auth":"[REDACTED]","method":"GET","msg":"request","timestamp":"2025-11-29T19:49:19.150Z","url":"/api/search-employee/GEORGE.SMITH%40COMPANY.COM/details?system=ping-mfa"},"timestamp":"2025-11-29T19:49:19.150Z"}
{"level":"info","message":{"auth":"[REDACTED]","method":"GET","msg":"request","timestamp":"2025-11-29T19:49:19.155Z","url":"/api/search-employee/U1007/details?system=ping-mfa"},"timestamp":"2025-11-29T19:49:19.155Z"}
{"level":"info","message":{"auth":"[REDACTED]","method":"GET","msg":"request","timestamp":"2025-11-29T20:11:37.841Z","url":"/api/own-ping-directory"},"timestamp":"2025-11-29T20:11:37.841Z"}
{"level":"info","message":{"auth":"[REDACTED]","method":"GET","msg":"request","timestamp":"2025-11-29T20:11:37.893Z","url":"/api/own-ping-directory"},"timestamp":"2025-11-29T20:11:37.893Z"}
{"level":"info","message":{"auth":"[REDACTED]","method":"GET","msg":"request","timestamp":"2025-11-29T20:11:37.924Z","url":"/api/own-ping-intelligence"},"timestamp":"2025-11-29T20:11:37.924Z"}
{"level":"info","message":{"auth":"[REDACTED]","method":"GET","msg":"request","timestamp":"2025-11-29T20:11:38.001Z","url":"/api/ops-failures?system=ping-mfa&minutes=10"},"timestamp":"2025-11-29T20:11:38.001Z"}
{"level":"info","message":{"auth":"[REDACTED]","method":"GET","msg":"request","timestamp":"2025-11-29T20:11:38.074Z","url":"/api/own-ping-intelligence"},"timestamp":"2025-11-29T20:11:38.074Z"}
{"level":"info","message":{"auth":"[REDACTED]","method":"GET","msg":"request","timestamp":"2025-11-29T20:11:38.207Z","url":"/api/ops-failures?system=ping-mfa&minutes=10"},"timestamp":"2025-11-29T20:11:38.207Z"}
{"level":"info","message":{"auth":"[REDACTED]","method":"GET","msg":"request","timestamp":"2025-11-29T20:11:38.302Z","url":"/api/ops-failures?system=ping-federate&minutes=10"},"timestamp":"2025-11-29T20:11:38.302Z"}
{"level":"info","message":{"auth":"[REDACTED]","method":"GET","msg":"request","timestamp":"2025-11-29T20:11:38.347Z","url":"/api/own-ping-federate"},"timestamp":"2025-11-29T20:11:38.347Z"}
{"level":"info","message":{"auth":"[REDACTED]","method":"GET","msg":"request","timestamp":"2025-11-29T20:11:38.429Z","url":"/api/own-ping-mfa"},"timestamp":"2025-11-29T20:11:38.429Z"}
{"level":"info","message":{"auth":"[REDACTED]","method":"GET","msg":"request","timestamp":"2025-11-29T20:11:38.451Z","url":"/api/own-ping-access"},"timestamp":"2025-11-29T20:11:38.451Z"}
{"level":"info","message":{"auth":"[REDACTED]","method":"GET","msg":"request","timestamp":"2025-11-29T20:11:38.482Z","url":"/api/own-ping-authorize"},"timestamp":"2025-11-29T20:11:38.482Z"}
{"level":"info","message":{"auth":"[REDACTED]","method":"GET","msg":"request","timestamp":"2025-11-29T20:11:38.550Z","url":"/api/ops-failures?system=ping-federate&minutes=10"},"timestamp":"2025-11-29T20:11:38.550Z"}
{"level":"info","message":{"auth":"[REDACTED]","method":"GET","msg":"request","timestamp":"2025-11-29T20:11:38.583Z","url":"/api/own-ping-federate"},"timestamp":"2025-11-29T20:11:38.583Z"}
{"level":"info","message":{"auth":"[REDACTED]","method":"GET","msg":"request","timestamp":"2025-11-29T20:11:38.592Z","url":"/api/own-ping-mfa"},"timestamp":"2025-11-29T20:11:38.592Z"}
{"level":"info","message":{"auth":"[REDACTED]","method":"GET","msg":"request","timestamp":"2025-11-29T20:11:38.610Z","url":"/api/own-ping-access"},"timestamp":"2025-11-29T20:11:38.610Z"}
{"level":"info","message":{"auth":"[REDACTED]","method":"GET","msg":"request","timestamp":"2025-11-29T20:11:38.627Z","url":"/api/own-ping-authorize"},"timestamp":"2025-11-29T20:11:38.628Z"}
{"level":"info","message":{"auth":"[REDACTED]","method":"GET","msg":"request","timestamp":"2025-11-29T20:12:04.780Z","url":"/api/own-ping-federate"},"timestamp":"2025-11-29T20:12:04.780Z"}
{"level":"info","message":{"auth":"[REDACTED]","method":"GET","msg":"request","timestamp":"2025-11-29T20:12:04.803Z","url":"/api/own-ping-access"},"timestamp":"2025-11-29T20:12:04.803Z"}
{"level":"info","message":{"auth":"[REDACTED]","method":"GET","msg":"request","timestamp":"2025-11-29T20:12:04.811Z","url":"/api/own-ping-directory"},"timestamp":"2025-11-29T20:12:04.811Z"}
{"level":"info","message":{"auth":"[REDACTED]","method":"GET","msg":"request","timestamp":"2025-11-29T20:12:04.897Z","url":"/api/own-ping-mfa"},"timestamp":"2025-11-29T20:12:04.897Z"}
{"level":"info","message":{"auth":"[REDACTED]","method":"GET","msg":"request","timestamp":"2025-11-29T20:12:04.940Z","url":"/api/own-ping-federate"},"timestamp":"2025-11-29T20:12:04.940Z"}
{"level":"info","message":{"auth":"[REDACTED]","method":"GET","msg":"request","timestamp":"2025-11-29T20:12:04.997Z","url":"/api/own-ping-intelligence"},"timestamp":"2025-11-29T20:12:04.997Z"}
{"level":"info","message":{"auth":"[REDACTED]","method":"GET","msg":"request","timestamp":"2025-11-29T20:12:05.026Z","url":"/api/own-ping-access"},"timestamp":"2025-11-29T20:12:05.026Z"}
{"level":"info","message":{"auth":"[REDACTED]","method":"GET","msg":"request","timestamp":"2025-11-29T20:12:05.043Z","url":"/api/own-ping-directory"},"timestamp":"2025-11-29T20:12:05.043Z"}
{"level":"info","message":{"auth":"[REDACTED]","method":"GET","msg":"request","timestamp":"2025-11-29T20:12:05.079Z","url":"/api/ops-failures?system=ping-mfa&minutes=10"},"timestamp":"2025-11-29T20:12:05.079Z"}
{"level":"info","message":{"auth":"[REDACTED]","method":"GET","msg":"request","timestamp":"2025-11-29T20:12:05.167Z","url":"/api/own-ping-mfa"},"timestamp":"2025-11-29T20:12:05.167Z"}
{"level":"info","message":{"auth":"[REDACTED]","method":"GET","msg":"request","timestamp":"2025-11-29T20:12:05.188Z","url":"/api/own-ping-intelligence"},"timestamp":"2025-11-29T20:12:05.188Z"}
{"level":"info","message":{"auth":"[REDACTED]","method":"GET","msg":"request","timestamp":"2025-11-29T20:12:05.237Z","url":"/api/own-ping-authorize"},"timestamp":"2025-11-29T20:12:05.237Z"}
{"level":"info","message":{"auth":"[REDACTED]","method":"GET","msg":"request","timestamp":"2025-11-29T20:12:05.332Z","url":"/api/ops-failures?system=ping-federate&minutes=10"},"timestamp":"2025-11-29T20:12:05.333Z"}
{"level":"info","message":{"auth":"[REDACTED]","method":"GET","msg":"request","timestamp":"2025-11-29T20:12:05.463Z","url":"/api/ops-failures?system=ping-mfa&minutes=10"},"timestamp":"2025-11-29T20:12:05.463Z"}
{"level":"info","message":{"auth":"[REDACTED]","method":"GET","msg":"request","timestamp":"2025-11-29T20:12:05.482Z","url":"/api/own-ping-authorize"},"timestamp":"2025-11-29T20:12:05.482Z"}
{"level":"info","message":{"auth":"[REDACTED]","method":"GET","msg":"request","timestamp":"2025-11-29T20:12:05.498Z","url":"/api/ops-failures?system=ping-federate&minutes=10"},"timestamp":"2025-11-29T20:12:05.498Z"}
{"level":"info","message":{"auth":"[REDACTED]","method":"GET","msg":"request","timestamp":"2025-11-29T20:12:15.390Z","url":"/api/own-cyberark-epm"},"timestamp":"2025-11-29T20:12:15.390Z"}
{"level":"info","message":{"auth":"[REDACTED]","method":"GET","msg":"request","timestamp":"2025-11-29T20:12:15.401Z","url":"/api/own-cyberark"},"timestamp":"2025-11-29T20:12:15.401Z"}
{"level":"info","message":{"auth":"[REDACTED]","method":"GET","msg":"request","timestamp":"2025-11-29T20:12:15.407Z","url":"/api/own-cyberark-alero"},"timestamp":"2025-11-29T20:12:15.407Z"}
{"level":"info","message":{"auth":"[REDACTED]","method":"GET","msg":"request","timestamp":"2025-11-29T20:12:15.412Z","url":"/api/own-cyberark-conjur"},"timestamp":"2025-11-29T20:12:15.412Z"}
{"level":"info","message":{"auth":"[REDACTED]","method":"GET","msg":"request","timestamp":"2025-11-29T20:12:15.419Z","url":"/api/own-cyberark-epm"},"timestamp":"2025-11-29T20:12:15.419Z"}
{"level":"info","message":{"auth":"[REDACTED]","method":"GET","msg":"request","timestamp":"2025-11-29T20:12:15.432Z","url":"/api/own-cyberark"},"timestamp":"2025-11-29T20:12:15.432Z"}
{"level":"info","message":{"auth":"[REDACTED]","method":"GET","msg":"request","timestamp":"2025-11-29T20:12:15.439Z","url":"/api/own-cyberark-identity"},"timestamp":"2025-11-29T20:12:15.439Z"}
{"level":"info","message":{"auth":"[REDACTED]","method":"GET","msg":"request","timestamp":"2025-11-29T20:12:15.444Z","url":"/api/own-cyberark-identity"},"timestamp":"2025-11-29T20:12:15.444Z"}
{"level":"info","message":{"auth":"[REDACTED]","method":"GET","msg":"request","timestamp":"2025-11-29T20:12:15.450Z","url":"/api/ops-failures?system=cyberark-pam&minutes=10"},"timestamp":"2025-11-29T20:12:15.450Z"}
{"level":"info","message":{"auth":"[REDACTED]","method":"GET","msg":"request","timestamp":"2025-11-29T20:12:15.456Z","url":"/api/own-cyberark-alero"},"timestamp":"2025-11-29T20:12:15.456Z"}
{"level":"info","message":{"auth":"[REDACTED]","method":"GET","msg":"request","timestamp":"2025-11-29T20:12:15.460Z","url":"/api/own-cyberark-conjur"},"timestamp":"2025-11-29T20:12:15.460Z"}
{"level":"info","message":{"auth":"[REDACTED]","method":"GET","msg":"request","timestamp":"2025-11-29T20:12:15.464Z","url":"/api/own-cyberark-dpa"},"timestamp":"2025-11-29T20:12:15.464Z"}
{"level":"info","message":{"auth":"[REDACTED]","method":"GET","msg":"request","timestamp":"2025-11-29T20:12:15.469Z","url":"/api/ops-failures?system=cyberark-vault&minutes=10"},"timestamp":"2025-11-29T20:12:15.469Z"}
{"level":"info","message":{"auth":"[REDACTED]","method":"GET","msg":"request","timestamp":"2025-11-29T20:12:15.473Z","url":"/api/own-cyberark-dpa"},"timestamp":"2025-11-29T20:12:15.473Z"}
{"level":"info","message":{"auth":"[REDACTED]","method":"GET","msg":"request","timestamp":"2025-11-29T20:13:31.398Z","url":"/api/search-employee/u1005/details?system=ping-directory"},"timestamp":"2025-11-29T20:13:31.398Z"}
{"level":"info","message":{"auth":"[REDACTED]","method":"GET","msg":"request","timestamp":"2025-11-29T20:13:46.375Z","url":"/api/search-employee/u1005/details?system=ping-mfa"},"timestamp":"2025-11-29T20:13:46.375Z"}
{"level":"info","message":{"auth":"[REDACTED]","method":"GET","msg":"request","timestamp":"2025-11-29T20:13:53.330Z","url":"/api/all-users"},"timestamp":"2025-11-29T20:13:53.330Z"}
{"level":"info","message":{"auth":"[REDACTED]","method":"GET","msg":"request","timestamp":"2025-11-29T20:13:53.396Z","url":"/api/search-employee/evan.torres%40company.com/details?system=ping-directory"},"timestamp":"2025-11-29T20:13:53.396Z"}
{"level":"info","message":{"auth":"[REDACTED]","method":"GET","msg":"request","timestamp":"2025-11-29T20:13:53.419Z","url":"/api/search-employee/u1005/details?system=ping-directory"},"timestamp":"2025-11-29T20:13:53.419Z"}
{"level":"info","message":{"auth":"[REDACTED]","method":"GET","msg":"request","timestamp":"2025-11-29T20:13:53.427Z","url":"/api/search-employee/EVAN.TORRES%40COMPANY.COM/details?system=ping-directory"},"timestamp":"2025-11-29T20:13:53.427Z"}
{"level":"info","message":{"auth":"[REDACTED]","method":"GET","msg":"request","timestamp":"2025-11-29T20:13:53.434Z","url":"/api/search-employee/U1005/details?system=ping-directory"},"timestamp":"2025-11-29T20:13:53.434Z"}
{"level":"info","message":{"auth":"[REDACTED]","method":"GET","msg":"request","timestamp":"2025-11-29T20:13:53.439Z","url":"/api/search-employee/evan.torres%40company.com/details?system=ping-mfa"},"timestamp":"2025-11-29T20:13:53.439Z"}
{"level":"info","message":{"auth":"[REDACTED]","method":"GET","msg":"request","timestamp":"2025-11-29T20:13:53.447Z","url":"/api/search-employee/u1005/details?system=ping-mfa"},"timestamp":"2025-11-29T20:13:53.447Z"}
{"level":"info","message":{"auth":"[REDACTED]","method":"GET","msg":"request","timestamp":"2025-11-29T20:13:53.452Z","url":"/api/search-employee/EVAN.TORRES%40COMPANY.COM/details?system=ping-mfa"},"timestamp":"2025-11-29T20:13:53.452Z"}
{"level":"info","message":{"auth":"[REDACTED]","method":"GET","msg":"request","timestamp":"2025-11-29T20:13:53.456Z","url":"/api/search-employee/U1005/details?system=ping-mfa"},"timestamp":"2025-11-29T20:13:53.456Z"}
{"level":"info","message":{"auth":"[REDACTED]","method":"GET","msg":"request","timestamp":"2025-11-29T20:21:35.398Z","url":"/api/search-employee/u1005/details?system=ping-directory"},"timestamp":"2025-11-29T20:21:35.398Z"}
{"level":"info","message":{"auth":"[REDACTED]","method":"GET","msg":"request","timestamp":"2025-11-29T20:26:01.895Z","url":"/api/own-cyberark"},"timestamp":"2025-11-29T20:26:01.895Z"}
{"level":"info","message":{"auth":"[REDACTED]","method":"GET","msg":"request","timestamp":"2025-11-29T20:26:01.915Z","url":"/api/ops-failures?system=cyberark-pam&minutes=10"},"timestamp":"2025-11-29T20:26:01.915Z"}
{"level":"info","message":{"auth":"[REDACTED]","method":"GET","msg":"request","timestamp":"2025-11-29T20:26:01.924Z","url":"/api/ops-failures?system=cyberark-vault&minutes=10"},"timestamp":"2025-11-29T20:26:01.924Z"}
{"level":"info","message":{"auth":"[REDACTED]","method":"GET","msg":"request","timestamp":"2025-11-29T20:26:01.995Z","url":"/api/own-cyberark-epm"},"timestamp":"2025-11-29T20:26:01.995Z"}
{"level":"info","message":{"auth":"[REDACTED]","method":"GET","msg":"request","timestamp":"2025-11-29T20:26:02.009Z","url":"/api/own-cyberark-alero"},"timestamp":"2025-11-29T20:26:02.009Z"}
{"level":"info","message":{"auth":"[REDACTED]","method":"GET","msg":"request","timestamp":"2025-11-29T20:26:02.019Z","url":"/api/own-cyberark-conjur"},"timestamp":"2025-11-29T20:26:02.019Z"}
{"level":"info","message":{"auth":"[REDACTED]","method":"GET","msg":"request","timestamp":"2025-11-29T20:26:02.025Z","url":"/api/own-cyberark-dpa"},"timestamp":"2025-11-29T20:26:02.025Z"}
{"level":"info","message":{"auth":"[REDACTED]","method":"GET","msg":"request","timestamp":"2025-11-29T20:26:02.030Z","url":"/api/own-cyberark-identity"},"timestamp":"2025-11-29T20:26:02.030Z"}
{"level":"info","message":{"auth":"[REDACTED]","method":"GET","msg":"request","timestamp":"2025-11-29T20:26:16.666Z","url":"/api/search-employee/u1011/details?system=ping-directory"},"timestamp":"2025-11-29T20:26:16.666Z"}
{"level":"info","message":{"auth":"[REDACTED]","method":"GET","msg":"request","timestamp":"2025-11-29T20:26:26.524Z","url":"/api/search-employee/u1011/details?system=ping-directory"},"timestamp":"2025-11-29T20:26:26.524Z"}
{"level":"info","message":{"auth":"[REDACTED]","method":"GET","msg":"request","timestamp":"2025-11-29T20:26:34.565Z","url":"/api/search-employee/u1011/details?system=ping-mfa"},"timestamp":"2025-11-29T20:26:34.565Z"}
{"level":"info","message":{"auth":"[REDACTED]","method":"GET","msg":"request","timestamp":"2025-11-29T20:26:37.961Z","url":"/api/all-users"},"timestamp":"2025-11-29T20:26:37.961Z"}
{"level":"info","message":{"auth":"[REDACTED]","method":"GET","msg":"request","timestamp":"2025-11-29T20:26:37.997Z","url":"/api/search-employee/kevin.patel%40company.com/details?system=ping-directory"},"timestamp":"2025-11-29T20:26:37.997Z"}
{"level":"info","message":{"auth":"[REDACTED]","method":"GET","msg":"request","timestamp":"2025-11-29T20:26:38.009Z","url":"/api/search-employee/u1011/details?system=ping-directory"},"timestamp":"2025-11-29T20:26:38.009Z"}
{"level":"info","message":{"auth":"[REDACTED]","method":"GET","msg":"request","timestamp":"2025-11-29T20:26:38.014Z","url":"/api/search-employee/KEVIN.PATEL%40COMPANY.COM/details?system=ping-directory"},"timestamp":"2025-11-29T20:26:38.014Z"}
{"level":"info","message":{"auth":"[REDACTED]","method":"GET","msg":"request","timestamp":"2025-11-29T20:26:38.023Z","url":"/api/search-employee/U1011/details?system=ping-directory"},"timestamp":"2025-11-29T20:26:38.023Z"}
{"level":"info","message":{"auth":"[REDACTED]","method":"GET","msg":"request","timestamp":"2025-11-29T20:26:38.031Z","url":"/api/search-employee/kevin.patel%40company.com/details?system=ping-mfa"},"timestamp":"2025-11-29T20:26:38.031Z"}
{"level":"info","message":{"auth":"[REDACTED]","method":"GET","msg":"request","timestamp":"2025-11-29T20:26:38.040Z","url":"/api/search-employee/u1011/details?system=ping-mfa"},"timestamp":"2025-11-29T20:26:38.040Z"}
{"level":"info","message":{"auth":"[REDACTED]","method":"GET","msg":"request","timestamp":"2025-11-29T20:26:38.045Z","url":"/api/search-employee/KEVIN.PATEL%40COMPANY.COM/details?system=ping-mfa"},"timestamp":"2025-11-29T20:26:38.045Z"}
{"level":"info","message":{"auth":"[REDACTED]","method":"GET","msg":"request","timestamp":"2025-11-29T20:26:38.055Z","url":"/api/search-employee/U1011/details?system=ping-mfa"},"timestamp":"2025-11-29T20:26:38.055Z"}
{"level":"info","message":{"auth":"[REDACTED]","method":"GET","msg":"request","timestamp":"2025-11-29T20:26:48.610Z","url":"/api/all-users"},"timestamp":"2025-11-29T20:26:48.610Z"}
{"level":"info","message":{"auth":"[REDACTED]","method":"GET","msg":"request","timestamp":"2025-11-29T20:26:48.636Z","url":"/api/search-employee/kevin.patel%40company.com/details?system=ping-directory"},"timestamp":"2025-11-29T20:26:48.636Z"}
{"level":"info","message":{"auth":"[REDACTED]","method":"GET","msg":"request","timestamp":"2025-11-29T20:26:48.646Z","url":"/api/search-employee/u1011/details?system=ping-directory"},"timestamp":"2025-11-29T20:26:48.646Z"}
{"level":"info","message":{"auth":"[REDACTED]","method":"GET","msg":"request","timestamp":"2025-11-29T20:26:48.652Z","url":"/api/search-employee/KEVIN.PATEL%40COMPANY.COM/details?system=ping-directory"},"timestamp":"2025-11-29T20:26:48.652Z"}
{"level":"info","message":{"auth":"[REDACTED]","method":"GET","msg":"request","timestamp":"2025-11-29T20:26:48.656Z","url":"/api/search-employee/U1011/details?system=ping-directory"},"timestamp":"2025-11-29T20:26:48.656Z"}
{"level":"info","message":{"auth":"[REDACTED]","method":"GET","msg":"request","timestamp":"2025-11-29T20:26:48.661Z","url":"/api/search-employee/kevin.patel%40company.com/details?system=ping-mfa"},"timestamp":"2025-11-29T20:26:48.661Z"}
{"level":"info","message":{"auth":"[REDACTED]","method":"GET","msg":"request","timestamp":"2025-11-29T20:26:48.671Z","url":"/api/search-employee/u1011/details?system=ping-mfa"},"timestamp":"2025-11-29T20:26:48.671Z"}
{"level":"info","message":{"auth":"[REDACTED]","method":"GET","msg":"request","timestamp":"2025-11-29T20:26:48.677Z","url":"/api/search-employee/KEVIN.PATEL%40COMPANY.COM/details?system=ping-mfa"},"timestamp":"2025-11-29T20:26:48.677Z"}
{"level":"info","message":{"auth":"[REDACTED]","method":"GET","msg":"request","timestamp":"2025-11-29T20:26:48.701Z","url":"/api/search-employee/U1011/details?system=ping-mfa"},"timestamp":"2025-11-29T20:26:48.701Z"}
{"level":"info","message":{"auth":"[REDACTED]","method":"GET","msg":"request","timestamp":"2025-11-29T20:33:12.500Z","url":"/api/own-cyberark"},"timestamp":"2025-11-29T20:33:12.500Z"}
{"level":"info","message":{"auth":"[REDACTED]","method":"GET","msg":"request","timestamp":"2025-11-29T20:33:12.542Z","url":"/api/own-cyberark"},"timestamp":"2025-11-29T20:33:12.542Z"}
{"level":"info","message":{"auth":"[REDACTED]","method":"GET","msg":"request","timestamp":"2025-11-29T20:33:12.557Z","url":"/api/ops-failures?system=cyberark-pam&minutes=10"},"timestamp":"2025-11-29T20:33:12.557Z"}
{"level":"info","message":{"auth":"[REDACTED]","method":"GET","msg":"request","timestamp":"2025-11-29T20:33:12.566Z","url":"/api/ops-failures?system=cyberark-vault&minutes=10"},"timestamp":"2025-11-29T20:33:12.566Z"}
{"level":"info","message":{"auth":"[REDACTED]","method":"GET","msg":"request","timestamp":"2025-11-29T20:33:12.577Z","url":"/api/ops-failures?system=cyberark-pam&minutes=10"},"timestamp":"2025-11-29T20:33:12.577Z"}
{"level":"info","message":{"auth":"[REDACTED]","method":"GET","msg":"request","timestamp":"2025-11-29T20:33:12.587Z","url":"/api/ops-failures?system=cyberark-vault&minutes=10"},"timestamp":"2025-11-29T20:33:12.587Z"}
{"level":"info","message":{"auth":"[REDACTED]","method":"GET","msg":"request","timestamp":"2025-11-29T20:33:15.615Z","url":"/api/own-cyberark-epm"},"timestamp":"2025-11-29T20:33:15.615Z"}
{"level":"info","message":{"auth":"[REDACTED]","method":"GET","msg":"request","timestamp":"2025-11-29T20:33:15.786Z","url":"/api/own-cyberark-alero"},"timestamp":"2025-11-29T20:33:15.786Z"}
{"level":"info","message":{"auth":"[REDACTED]","method":"GET","msg":"request","timestamp":"2025-11-29T20:33:16.042Z","url":"/api/own-cyberark-epm"},"timestamp":"2025-11-29T20:33:16.042Z"}
{"level":"info","message":{"auth":"[REDACTED]","method":"GET","msg":"request","timestamp":"2025-11-29T20:33:16.182Z","url":"/api/own-cyberark-identity"},"timestamp":"2025-11-29T20:33:16.182Z"}
{"level":"info","message":{"auth":"[REDACTED]","method":"GET","msg":"request","timestamp":"2025-11-29T20:33:16.540Z","url":"/api/own-cyberark-dpa"},"timestamp":"2025-11-29T20:33:16.540Z"}
{"level":"info","message":{"auth":"[REDACTED]","method":"GET","msg":"request","timestamp":"2025-11-29T20:33:16.634Z","url":"/api/own-cyberark-alero"},"timestamp":"2025-11-29T20:33:16.634Z"}
{"level":"info","message":{"auth":"[REDACTED]","method":"GET","msg":"request","timestamp":"2025-11-29T20:33:16.644Z","url":"/api/own-cyberark-conjur"},"timestamp":"2025-11-29T20:33:16.644Z"}
{"level":"info","message":{"auth":"[REDACTED]","method":"GET","msg":"request","timestamp":"2025-11-29T20:33:16.652Z","url":"/api/own-cyberark-identity"},"timestamp":"2025-11-29T20:33:16.652Z"}
{"level":"info","message":{"auth":"[REDACTED]","method":"GET","msg":"request","timestamp":"2025-11-29T20:33:16.660Z","url":"/api/own-cyberark-dpa"},"timestamp":"2025-11-29T20:33:16.660Z"}
{"level":"info","message":{"auth":"[REDACTED]","method":"GET","msg":"request","timestamp":"2025-11-29T20:33:16.667Z","url":"/api/own-cyberark-conjur"},"timestamp":"2025-11-29T20:33:16.667Z"}
{"level":"info","message":{"auth":"[REDACTED]","method":"GET","msg":"request","timestamp":"2025-11-29T20:35:00.042Z","url":"/api/search-employee/u1011/details?system=ping-mfa"},"timestamp":"2025-11-29T20:35:00.042Z"}
{"level":"info","message":{"auth":"[REDACTED]","method":"GET","msg":"request","timestamp":"2025-11-29T20:35:10.349Z","url":"/api/search-employee/u1011/details?system=ping-directory"},"timestamp":"2025-11-29T20:35:10.349Z"}
{"level":"info","message":{"auth":"[REDACTED]","method":"GET","msg":"request","timestamp":"2025-11-29T20:35:14.593Z","url":"/api/all-users"},"timestamp":"2025-11-29T20:35:14.593Z"}
{"level":"info","message":{"auth":"[REDACTED]","method":"GET","msg":"request","timestamp":"2025-11-29T20:35:14.653Z","url":"/api/search-employee/kevin.patel%40company.com/details?system=ping-directory"},"timestamp":"2025-11-29T20:35:14.653Z"}
{"level":"info","message":{"auth":"[REDACTED]","method":"GET","msg":"request","timestamp":"2025-11-29T20:35:14.657Z","url":"/api/search-employee/u1011/details?system=ping-directory"},"timestamp":"2025-11-29T20:35:14.657Z"}
{"level":"info","message":{"auth":"[REDACTED]","method":"GET","msg":"request","timestamp":"2025-11-29T20:35:14.664Z","url":"/api/search-employee/KEVIN.PATEL%40COMPANY.COM/details?system=ping-directory"},"timestamp":"2025-11-29T20:35:14.664Z"}
{"level":"info","message":{"auth":"[REDACTED]","method":"GET","msg":"request","timestamp":"2025-11-29T20:35:14.669Z","url":"/api/search-employee/U1011/details?system=ping-directory"},"timestamp":"2025-11-29T20:35:14.669Z"}
{"level":"info","message":{"auth":"[REDACTED]","method":"GET","msg":"request","timestamp":"2025-11-29T20:35:14.673Z","url":"/api/search-employee/kevin.patel%40company.com/details?system=ping-mfa"},"timestamp":"2025-11-29T20:35:14.673Z"}
{"level":"info","message":{"auth":"[REDACTED]","method":"GET","msg":"request","timestamp":"2025-11-29T20:35:14.680Z","url":"/api/search-employee/u1011/details?system=ping-mfa"},"timestamp":"2025-11-29T20:35:14.680Z"}
{"level":"info","message":{"auth":"[REDACTED]","method":"GET","msg":"request","timestamp":"2025-11-29T20:35:14.688Z","url":"/api/search-employee/KEVIN.PATEL%40COMPANY.COM/details?system=ping-mfa"},"timestamp":"2025-11-29T20:35:14.688Z"}
{"level":"info","message":{"auth":"[REDACTED]","method":"GET","msg":"request","timestamp":"2025-11-29T20:35:14.692Z","url":"/api/search-employee/U1011/details?system=ping-mfa"},"timestamp":"2025-11-29T20:35:14.692Z"}
{"level":"info","message":{"auth":"[REDACTED]","method":"GET","msg":"request","timestamp":"2025-11-29T20:35:21.095Z","url":"/api/all-users"},"timestamp":"2025-11-29T20:35:21.095Z"}
{"level":"info","message":{"auth":"[REDACTED]","method":"GET","msg":"request","timestamp":"2025-11-29T20:35:21.147Z","url":"/api/search-employee/kevin.patel%40company.com/details?system=ping-directory"},"timestamp":"2025-11-29T20:35:21.147Z"}
{"level":"info","message":{"auth":"[REDACTED]","method":"GET","msg":"request","timestamp":"2025-11-29T20:35:21.154Z","url":"/api/search-employee/u1011/details?system=ping-directory"},"timestamp":"2025-11-29T20:35:21.154Z"}
{"level":"info","message":{"auth":"[REDACTED]","method":"GET","msg":"request","timestamp":"2025-11-29T20:35:21.159Z","url":"/api/search-employee/KEVIN.PATEL%40COMPANY.COM/details?system=ping-directory"},"timestamp":"2025-11-29T20:35:21.159Z"}
{"level":"info","message":{"auth":"[REDACTED]","method":"GET","msg":"request","timestamp":"2025-11-29T20:35:21.165Z","url":"/api/search-employee/U1011/details?system=ping-directory"},"timestamp":"2025-11-29T20:35:21.165Z"}
{"level":"info","message":{"auth":"[REDACTED]","method":"GET","msg":"request","timestamp":"2025-11-29T20:35:21.169Z","url":"/api/search-employee/kevin.patel%40company.com/details?system=ping-mfa"},"timestamp":"2025-11-29T20:35:21.169Z"}
{"level":"info","message":{"auth":"[REDACTED]","method":"GET","msg":"request","timestamp":"2025-11-29T20:35:21.174Z","url":"/api/search-employee/u1011/details?system=ping-mfa"},"timestamp":"2025-11-29T20:35:21.174Z"}
{"level":"info","message":{"auth":"[REDACTED]","method":"GET","msg":"request","timestamp":"2025-11-29T20:35:21.182Z","url":"/api/search-employee/KEVIN.PATEL%40COMPANY.COM/details?system=ping-mfa"},"timestamp":"2025-11-29T20:35:21.182Z"}
{"level":"info","message":{"auth":"[REDACTED]","method":"GET","msg":"request","timestamp":"2025-11-29T20:35:21.188Z","url":"/api/search-employee/U1011/details?system=ping-mfa"},"timestamp":"2025-11-29T20:35:21.188Z"}
{"level":"info","message":{"auth":"[REDACTED]","method":"GET","msg":"request","timestamp":"2025-11-30T05:42:57.513Z","url":"/api/own-cyberark"},"timestamp":"2025-11-30T05:42:57.513Z"}
{"level":"info","message":{"auth":"[REDACTED]","method":"GET","msg":"request","timestamp":"2025-11-30T05:42:57.654Z","url":"/api/ops-failures?system=cyberark-pam&minutes=10"},"timestamp":"2025-11-30T05:42:57.654Z"}
{"level":"info","message":{"auth":"[REDACTED]","method":"GET","msg":"request","timestamp":"2025-11-30T05:42:57.996Z","url":"/api/ops-failures?system=cyberark-vault&minutes=10"},"timestamp":"2025-11-30T05:42:57.996Z"}
{"level":"info","message":{"auth":"[REDACTED]","method":"GET","msg":"request","timestamp":"2025-11-30T05:42:58.234Z","url":"/api/own-cyberark"},"timestamp":"2025-11-30T05:42:58.234Z"}
{"level":"info","message":{"auth":"[REDACTED]","method":"GET","msg":"request","timestamp":"2025-11-30T05:42:58.606Z","url":"/api/ops-failures?system=cyberark-pam&minutes=10"},"timestamp":"2025-11-30T05:42:58.606Z"}
{"level":"info","message":{"auth":"[REDACTED]","method":"GET","msg":"request","timestamp":"2025-11-30T05:42:58.869Z","url":"/api/ops-failures?system=cyberark-vault&minutes=10"},"timestamp":"2025-11-30T05:42:58.869Z"}
{"level":"info","message":{"auth":"[REDACTED]","method":"GET","msg":"request","timestamp":"2025-11-30T05:42:59.211Z","url":"/api/own-cyberark-epm"},"timestamp":"2025-11-30T05:42:59.211Z"}
{"level":"info","message":{"auth":"[REDACTED]","method":"GET","msg":"request","timestamp":"2025-11-30T05:42:59.384Z","url":"/api/own-cyberark-alero"},"timestamp":"2025-11-30T05:42:59.384Z"}
{"level":"info","message":{"auth":"[REDACTED]","method":"GET","msg":"request","timestamp":"2025-11-30T05:42:59.466Z","url":"/api/own-cyberark-conjur"},"timestamp":"2025-11-30T05:42:59.466Z"}
{"level":"info","message":{"auth":"[REDACTED]","method":"GET","msg":"request","timestamp":"2025-11-30T05:42:59.551Z","url":"/api/own-cyberark-identity"},"timestamp":"2025-11-30T05:42:59.551Z"}
{"level":"info","message":{"auth":"[REDACTED]","method":"GET","msg":"request","timestamp":"2025-11-30T05:42:59.622Z","url":"/api/own-cyberark-dpa"},"timestamp":"2025-11-30T05:42:59.622Z"}
{"level":"info","message":{"auth":"[REDACTED]","method":"GET","msg":"request","timestamp":"2025-11-30T05:42:59.647Z","url":"/api/own-cyberark-epm"},"timestamp":"2025-11-30T05:42:59.647Z"}
{"level":"info","message":{"auth":"[REDACTED]","method":"GET","msg":"request","timestamp":"2025-11-30T05:42:59.675Z","url":"/api/own-cyberark-alero"},"timestamp":"2025-11-30T05:42:59.675Z"}
{"level":"info","message":{"auth":"[REDACTED]","method":"GET","msg":"request","timestamp":"2025-11-30T05:42:59.726Z","url":"/api/own-cyberark-conjur"},"timestamp":"2025-11-30T05:42:59.726Z"}
{"level":"info","message":{"auth":"[REDACTED]","method":"GET","msg":"request","timestamp":"2025-11-30T05:42:59.748Z","url":"/api/own-cyberark-identity"},"timestamp":"2025-11-30T05:42:59.748Z"}
{"level":"info","message":{"auth":"[REDACTED]","method":"GET","msg":"request","timestamp":"2025-11-30T05:42:59.769Z","url":"/api/own-cyberark-dpa"},"timestamp":"2025-11-30T05:42:59.769Z"}
{"level":"info","message":{"auth":"[REDACTED]","method":"GET","msg":"request","timestamp":"2025-11-30T05:43:02.112Z","url":"/api/own-cyberark"},"timestamp":"2025-11-30T05:43:02.112Z"}
{"level":"info","message":{"auth":"[REDACTED]","method":"GET","msg":"request","timestamp":"2025-11-30T05:43:02.184Z","url":"/api/ops-failures?system=cyberark-pam&minutes=10"},"timestamp":"2025-11-30T05:43:02.184Z"}
{"level":"info","message":{"auth":"[REDACTED]","method":"GET","msg":"request","timestamp":"2025-11-30T05:43:02.214Z","url":"/api/ops-failures?system=cyberark-vault&minutes=10"},"timestamp":"2025-11-30T05:43:02.214Z"}
{"level":"info","message":{"auth":"[REDACTED]","method":"GET","msg":"request","timestamp":"2025-11-30T05:43:02.232Z","url":"/api/own-cyberark"},"timestamp":"2025-11-30T05:43:02.232Z"}
{"level":"info","message":{"auth":"[REDACTED]","method":"GET","msg":"request","timestamp":"2025-11-30T05:43:02.246Z","url":"/api/ops-failures?system=cyberark-pam&minutes=10"},"timestamp":"2025-11-30T05:43:02.246Z"}
{"level":"info","message":{"auth":"[REDACTED]","method":"GET","msg":"request","timestamp":"2025-11-30T05:43:02.276Z","url":"/api/ops-failures?system=cyberark-vault&minutes=10"},"timestamp":"2025-11-30T05:43:02.276Z"}
{"level":"info","message":{"auth":"[REDACTED]","method":"GET","msg":"request","timestamp":"2025-11-30T05:43:02.561Z","url":"/api/own-cyberark-epm"},"timestamp":"2025-11-30T05:43:02.561Z"}
{"level":"info","message":{"auth":"[REDACTED]","method":"GET","msg":"request","timestamp":"2025-11-30T05:43:02.598Z","url":"/api/own-cyberark-alero"},"timestamp":"2025-11-30T05:43:02.598Z"}
{"level":"info","message":{"auth":"[REDACTED]","method":"GET","msg":"request","timestamp":"2025-11-30T05:43:02.610Z","url":"/api/own-cyberark-conjur"},"timestamp":"2025-11-30T05:43:02.610Z"}
{"level":"info","message":{"auth":"[REDACTED]","method":"GET","msg":"request","timestamp":"2025-11-30T05:43:02.618Z","url":"/api/own-cyberark-dpa"},"timestamp":"2025-11-30T05:43:02.618Z"}
{"level":"info","message":{"auth":"[REDACTED]","method":"GET","msg":"request","timestamp":"2025-11-30T05:43:02.630Z","url":"/api/own-cyberark-identity"},"timestamp":"2025-11-30T05:43:02.630Z"}
{"level":"info","message":{"auth":"[REDACTED]","method":"GET","msg":"request","timestamp":"2025-11-30T05:43:02.638Z","url":"/api/own-cyberark-epm"},"timestamp":"2025-11-30T05:43:02.638Z"}
{"level":"info","message":{"auth":"[REDACTED]","method":"GET","msg":"request","timestamp":"2025-11-30T05:43:02.647Z","url":"/api/own-cyberark-alero"},"timestamp":"2025-11-30T05:43:02.648Z"}
{"level":"info","message":{"auth":"[REDACTED]","method":"GET","msg":"request","timestamp":"2025-11-30T05:43:02.661Z","url":"/api/own-cyberark-conjur"},"timestamp":"2025-11-30T05:43:02.661Z"}
{"level":"info","message":{"auth":"[REDACTED]","method":"GET","msg":"request","timestamp":"2025-11-30T05:43:02.676Z","url":"/api/own-cyberark-dpa"},"timestamp":"2025-11-30T05:43:02.676Z"}
{"level":"info","message":{"auth":"[REDACTED]","method":"GET","msg":"request","timestamp":"2025-11-30T05:43:02.689Z","url":"/api/own-cyberark-identity"},"timestamp":"2025-11-30T05:43:02.689Z"}
{"level":"info","message":{"auth":"[REDACTED]","method":"GET","msg":"request","timestamp":"2025-11-30T05:43:04.096Z","url":"/api/ops-failures?system=ping-federate&minutes=10"},"timestamp":"2025-11-30T05:43:04.096Z"}
{"level":"info","message":{"auth":"[REDACTED]","method":"GET","msg":"request","timestamp":"2025-11-30T05:43:04.103Z","url":"/api/ops-failures?system=ping-mfa&minutes=10"},"timestamp":"2025-11-30T05:43:04.103Z"}
{"level":"info","message":{"auth":"[REDACTED]","method":"GET","msg":"request","timestamp":"2025-11-30T05:43:04.116Z","url":"/api/ops-failures?system=ping-federate&minutes=10"},"timestamp":"2025-11-30T05:43:04.116Z"}
{"level":"info","message":{"auth":"[REDACTED]","method":"GET","msg":"request","timestamp":"2025-11-30T05:43:04.122Z","url":"/api/ops-failures?system=ping-mfa&minutes=10"},"timestamp":"2025-11-30T05:43:04.122Z"}
{"level":"info","message":{"auth":"[REDACTED]","method":"GET","msg":"request","timestamp":"2025-11-30T05:43:08.019Z","url":"/api/own-cyberark"},"timestamp":"2025-11-30T05:43:08.019Z"}
{"level":"info","message":{"auth":"[REDACTED]","method":"GET","msg":"request","timestamp":"2025-11-30T05:43:08.030Z","url":"/api/own-cyberark-epm"},"timestamp":"2025-11-30T05:43:08.030Z"}
{"level":"info","message":{"auth":"[REDACTED]","method":"GET","msg":"request","timestamp":"2025-11-30T05:43:08.040Z","url":"/api/own-cyberark"},"timestamp":"2025-11-30T05:43:08.040Z"}
{"level":"info","message":{"auth":"[REDACTED]","method":"GET","msg":"request","timestamp":"2025-11-30T05:43:08.108Z","url":"/api/ops-failures?system=cyberark-pam&minutes=10"},"timestamp":"2025-11-30T05:43:08.108Z"}
{"level":"info","message":{"auth":"[REDACTED]","method":"GET","msg":"request","timestamp":"2025-11-30T05:43:08.169Z","url":"/api/own-cyberark-identity"},"timestamp":"2025-11-30T05:43:08.169Z"}
{"level":"info","message":{"auth":"[REDACTED]","method":"GET","msg":"request","timestamp":"2025-11-30T05:43:08.188Z","url":"/api/ops-failures?system=cyberark-vault&minutes=10"},"timestamp":"2025-11-30T05:43:08.188Z"}
{"level":"info","message":{"auth":"[REDACTED]","method":"GET","msg":"request","timestamp":"2025-11-30T05:43:08.212Z","url":"/api/own-cyberark-identity"},"timestamp":"2025-11-30T05:43:08.212Z"}
{"level":"info","message":{"auth":"[REDACTED]","method":"GET","msg":"request","timestamp":"2025-11-30T05:43:08.220Z","url":"/api/own-cyberark-epm"},"timestamp":"2025-11-30T05:43:08.220Z"}
{"level":"info","message":{"auth":"[REDACTED]","method":"GET","msg":"request","timestamp":"2025-11-30T05:43:08.224Z","url":"/api/own-cyberark-alero"},"timestamp":"2025-11-30T05:43:08.224Z"}
{"level":"info","message":{"auth":"[REDACTED]","method":"GET","msg":"request","timestamp":"2025-11-30T05:43:08.230Z","url":"/api/own-cyberark-conjur"},"timestamp":"2025-11-30T05:43:08.230Z"}
{"level":"info","message":{"auth":"[REDACTED]","method":"GET","msg":"request","timestamp":"2025-11-30T05:43:08.236Z","url":"/api/own-cyberark-dpa"},"timestamp":"2025-11-30T05:43:08.236Z"}
{"level":"info","message":{"auth":"[REDACTED]","method":"GET","msg":"request","timestamp":"2025-11-30T05:43:08.240Z","url":"/api/own-cyberark-alero"},"timestamp":"2025-11-30T05:43:08.240Z"}
{"level":"info","message":{"auth":"[REDACTED]","method":"GET","msg":"request","timestamp":"2025-11-30T05:43:08.245Z","url":"/api/own-cyberark-conjur"},"timestamp":"2025-11-30T05:43:08.245Z"}
{"level":"info","message":{"auth":"[REDACTED]","method":"GET","msg":"request","timestamp":"2025-11-30T05:43:08.249Z","url":"/api/own-cyberark-dpa"},"timestamp":"2025-11-30T05:43:08.249Z"}
{"level":"info","message":{"auth":"[REDACTED]","method":"GET","msg":"request","timestamp":"2025-11-30T05:43:22.933Z","url":"/api/search-employee/u1009/details?system=ping-directory"},"timestamp":"2025-11-30T05:43:22.933Z"}
{"level":"info","message":{"auth":"[REDACTED]","method":"GET","msg":"request","timestamp":"2025-11-30T05:43:30.373Z","url":"/api/search-employee/u1009/details?system=ping-mfa"},"timestamp":"2025-11-30T05:43:30.373Z"}
{"level":"info","message":{"auth":"[REDACTED]","method":"GET","msg":"request","timestamp":"2025-11-30T05:43:37.582Z","url":"/api/all-users"},"timestamp":"2025-11-30T05:43:37.582Z"}
{"level":"info","message":{"auth":"[REDACTED]","method":"GET","msg":"request","timestamp":"2025-11-30T05:43:37.643Z","url":"/api/search-employee/ian.chen%40company.com/details?system=ping-directory"},"timestamp":"2025-11-30T05:43:37.643Z"}
{"level":"info","message":{"auth":"[REDACTED]","method":"GET","msg":"request","timestamp":"2025-11-30T05:43:37.649Z","url":"/api/search-employee/u1009/details?system=ping-directory"},"timestamp":"2025-11-30T05:43:37.649Z"}
{"level":"info","message":{"auth":"[REDACTED]","method":"GET","msg":"request","timestamp":"2025-11-30T05:43:37.656Z","url":"/api/search-employee/IAN.CHEN%40COMPANY.COM/details?system=ping-directory"},"timestamp":"2025-11-30T05:43:37.656Z"}
{"level":"info","message":{"auth":"[REDACTED]","method":"GET","msg":"request","timestamp":"2025-11-30T05:43:37.661Z","url":"/api/search-employee/U1009/details?system=ping-directory"},"timestamp":"2025-11-30T05:43:37.661Z"}
{"level":"info","message":{"auth":"[REDACTED]","method":"GET","msg":"request","timestamp":"2025-11-30T05:43:37.665Z","url":"/api/search-employee/ian.chen%40company.com/details?system=ping-mfa"},"timestamp":"2025-11-30T05:43:37.665Z"}
{"level":"info","message":{"auth":"[REDACTED]","method":"GET","msg":"request","timestamp":"2025-11-30T05:43:37.673Z","url":"/api/search-employee/u1009/details?system=ping-mfa"},"timestamp":"2025-11-30T05:43:37.673Z"}
{"level":"info","message":{"auth":"[REDACTED]","method":"GET","msg":"request","timestamp":"2025-11-30T05:43:37.679Z","url":"/api/search-employee/IAN.CHEN%40COMPANY.COM/details?system=ping-mfa"},"timestamp":"2025-11-30T05:43:37.679Z"}
{"level":"info","message":{"auth":"[REDACTED]","method":"GET","msg":"request","timestamp":"2025-11-30T05:43:37.685Z","url":"/api/search-employee/U1009/details?system=ping-mfa"},"timestamp":"2025-11-30T05:43:37.686Z"}
{"level":"info","message":{"msg":"backend listening on http://localhost:3001"},"timestamp":"2025-11-30T05:54:16.548Z"}
{"level":"info","message":{"auth":"[REDACTED]","method":"GET","msg":"request","timestamp":"2025-11-30T06:20:19.621Z","url":"/api/own-cyberark"},"timestamp":"2025-11-30T06:20:19.621Z"}
{"level":"info","message":{"auth":"[REDACTED]","method":"GET","msg":"request","timestamp":"2025-11-30T06:20:19.640Z","url":"/api/ops-failures?system=cyberark-pam&minutes=10"},"timestamp":"2025-11-30T06:20:19.641Z"}
{"level":"info","message":{"auth":"[REDACTED]","method":"GET","msg":"request","timestamp":"2025-11-30T06:20:19.645Z","url":"/api/ops-failures?system=cyberark-vault&minutes=10"},"timestamp":"2025-11-30T06:20:19.645Z"}
{"level":"info","message":{"auth":"[REDACTED]","method":"GET","msg":"request","timestamp":"2025-11-30T06:20:19.682Z","url":"/api/own-cyberark-epm"},"timestamp":"2025-11-30T06:20:19.682Z"}
{"level":"info","message":{"auth":"[REDACTED]","method":"GET","msg":"request","timestamp":"2025-11-30T06:20:19.686Z","url":"/api/own-cyberark-alero"},"timestamp":"2025-11-30T06:20:19.686Z"}
{"level":"info","message":{"auth":"[REDACTED]","method":"GET","msg":"request","timestamp":"2025-11-30T06:20:19.693Z","url":"/api/own-cyberark-conjur"},"timestamp":"2025-11-30T06:20:19.693Z"}
{"level":"info","message":{"auth":"[REDACTED]","method":"GET","msg":"request","timestamp":"2025-11-30T06:20:19.698Z","url":"/api/own-cyberark-dpa"},"timestamp":"2025-11-30T06:20:19.698Z"}
{"level":"info","message":{"auth":"[REDACTED]","method":"GET","msg":"request","timestamp":"2025-11-30T06:20:19.704Z","url":"/api/own-cyberark-identity"},"timestamp":"2025-11-30T06:20:19.704Z"}
{"level":"info","message":{"auth":"[REDACTED]","method":"GET","msg":"request","timestamp":"2025-11-30T06:20:25.175Z","url":"/api/own-cyberark"},"timestamp":"2025-11-30T06:20:25.175Z"}
{"level":"info","message":{"auth":"[REDACTED]","method":"GET","msg":"request","timestamp":"2025-11-30T06:20:25.182Z","url":"/api/own-cyberark-epm"},"timestamp":"2025-11-30T06:20:25.182Z"}
{"level":"info","message":{"auth":"[REDACTED]","method":"GET","msg":"request","timestamp":"2025-11-30T06:20:25.191Z","url":"/api/own-cyberark-alero"},"timestamp":"2025-11-30T06:20:25.191Z"}
{"level":"info","message":{"auth":"[REDACTED]","method":"GET","msg":"request","timestamp":"2025-11-30T06:20:25.197Z","url":"/api/own-cyberark-identity"},"timestamp":"2025-11-30T06:20:25.197Z"}
{"level":"info","message":{"auth":"[REDACTED]","method":"GET","msg":"request","timestamp":"2025-11-30T06:20:25.209Z","url":"/api/own-cyberark-conjur"},"timestamp":"2025-11-30T06:20:25.209Z"}
{"level":"info","message":{"auth":"[REDACTED]","method":"GET","msg":"request","timestamp":"2025-11-30T06:20:25.226Z","url":"/api/own-cyberark-dpa"},"timestamp":"2025-11-30T06:20:25.226Z"}
{"level":"info","message":{"auth":"[REDACTED]","method":"GET","msg":"request","timestamp":"2025-11-30T06:20:25.233Z","url":"/api/ops-failures?system=cyberark-vault&minutes=10"},"timestamp":"2025-11-30T06:20:25.233Z"}
{"level":"info","message":{"auth":"[REDACTED]","method":"GET","msg":"request","timestamp":"2025-11-30T06:20:25.240Z","url":"/api/ops-failures?system=cyberark-pam&minutes=10"},"timestamp":"2025-11-30T06:20:25.240Z"}
{"level":"info","message":{"auth":"[REDACTED]","method":"GET","msg":"request","timestamp":"2025-11-30T06:36:39.149Z","url":"/api/ops-failures?system=cyberark-pam&minutes=10"},"timestamp":"2025-11-30T06:36:39.149Z"}
{"level":"info","message":{"auth":"[REDACTED]","method":"GET","msg":"request","timestamp":"2025-11-30T06:36:39.161Z","url":"/api/ops-failures?system=cyberark-vault&minutes=10"},"timestamp":"2025-11-30T06:36:39.161Z"}
{"level":"info","message":{"auth":"[REDACTED]","method":"GET","msg":"request","timestamp":"2025-11-30T06:36:40.331Z","url":"/api/search-employee/u1007/details?system=ping-directory"},"timestamp":"2025-11-30T06:36:40.331Z"}
{"level":"info","message":{"auth":"[REDACTED]","method":"GET","msg":"request","timestamp":"2025-11-30T06:36:49.942Z","url":"/api/search-employee/u1007/details?system=ping-directory"},"timestamp":"2025-11-30T06:36:49.942Z"}
{"level":"info","message":{"auth":"[REDACTED]","method":"GET","msg":"request","timestamp":"2025-11-30T06:38:13.842Z","url":"/api/search-employee/u1007/details?system=ping-directory"},"timestamp":"2025-11-30T06:38:13.842Z"}
{"level":"info","message":{"auth":"[REDACTED]","method":"GET","msg":"request","timestamp":"2025-11-30T06:44:05.364Z","url":"/api/own-cyberark"},"timestamp":"2025-11-30T06:44:05.364Z"}
{"level":"info","message":{"auth":"[REDACTED]","method":"GET","msg":"request","timestamp":"2025-11-30T06:44:05.371Z","url":"/api/ops-failures?system=cyberark-pam&minutes=10"},"timestamp":"2025-11-30T06:44:05.371Z"}
{"level":"info","message":{"auth":"[REDACTED]","method":"GET","msg":"request","timestamp":"2025-11-30T06:44:05.377Z","url":"/api/ops-failures?system=cyberark-vault&minutes=10"},"timestamp":"2025-11-30T06:44:05.377Z"}
{"level":"info","message":{"auth":"[REDACTED]","method":"GET","msg":"request","timestamp":"2025-11-30T06:44:05.438Z","url":"/api/own-cyberark-epm"},"timestamp":"2025-11-30T06:44:05.438Z"}
{"level":"info","message":{"auth":"[REDACTED]","method":"GET","msg":"request","timestamp":"2025-11-30T06:44:05.447Z","url":"/api/own-cyberark-alero"},"timestamp":"2025-11-30T06:44:05.447Z"}
{"level":"info","message":{"auth":"[REDACTED]","method":"GET","msg":"request","timestamp":"2025-11-30T06:44:05.451Z","url":"/api/own-cyberark-conjur"},"timestamp":"2025-11-30T06:44:05.451Z"}
{"level":"info","message":{"auth":"[REDACTED]","method":"GET","msg":"request","timestamp":"2025-11-30T06:44:05.458Z","url":"/api/own-cyberark-dpa"},"timestamp":"2025-11-30T06:44:05.458Z"}
{"level":"info","message":{"auth":"[REDACTED]","method":"GET","msg":"request","timestamp":"2025-11-30T06:44:05.478Z","url":"/api/own-cyberark-identity"},"timestamp":"2025-11-30T06:44:05.478Z"}
{"level":"info","message":{"auth":"[REDACTED]","method":"GET","msg":"request","timestamp":"2025-11-30T06:44:06.412Z","url":"/api/own-cyberark"},"timestamp":"2025-11-30T06:44:06.412Z"}
{"level":"info","message":{"auth":"[REDACTED]","method":"GET","msg":"request","timestamp":"2025-11-30T06:44:06.421Z","url":"/api/ops-failures?system=cyberark-pam&minutes=10"},"timestamp":"2025-11-30T06:44:06.421Z"}
{"level":"info","message":{"auth":"[REDACTED]","method":"GET","msg":"request","timestamp":"2025-11-30T06:44:06.429Z","url":"/api/ops-failures?system=cyberark-vault&minutes=10"},"timestamp":"2025-11-30T06:44:06.429Z"}
{"level":"info","message":{"auth":"[REDACTED]","method":"GET","msg":"request","timestamp":"2025-11-30T06:44:06.521Z","url":"/api/own-cyberark-epm"},"timestamp":"2025-11-30T06:44:06.521Z"}
{"level":"info","message":{"auth":"[REDACTED]","method":"GET","msg":"request","timestamp":"2025-11-30T06:44:06.584Z","url":"/api/own-cyberark-alero"},"timestamp":"2025-11-30T06:44:06.584Z"}
{"level":"info","message":{"auth":"[REDACTED]","method":"GET","msg":"request","timestamp":"2025-11-30T06:44:06.654Z","url":"/api/own-cyberark-conjur"},"timestamp":"2025-11-30T06:44:06.654Z"}
{"level":"info","message":{"auth":"[REDACTED]","method":"GET","msg":"request","timestamp":"2025-11-30T06:44:06.679Z","url":"/api/own-cyberark-dpa"},"timestamp":"2025-11-30T06:44:06.679Z"}
{"level":"info","message":{"auth":"[REDACTED]","method":"GET","msg":"request","timestamp":"2025-11-30T06:44:06.688Z","url":"/api/own-cyberark-identity"},"timestamp":"2025-11-30T06:44:06.688Z"}
{"level":"info","message":{"auth":"[REDACTED]","method":"GET","msg":"request","timestamp":"2025-11-30T06:44:15.105Z","url":"/api/search-employee/u1001/details?system=ping-directory"},"timestamp":"2025-11-30T06:44:15.105Z"}
{"level":"info","message":{"auth":"[REDACTED]","method":"GET","msg":"request","timestamp":"2025-11-30T06:44:18.975Z","url":"/api/own-cyberark"},"timestamp":"2025-11-30T06:44:18.975Z"}
{"level":"info","message":{"auth":"[REDACTED]","method":"GET","msg":"request","timestamp":"2025-11-30T06:44:18.983Z","url":"/api/ops-failures?system=cyberark-pam&minutes=10"},"timestamp":"2025-11-30T06:44:18.983Z"}
{"level":"info","message":{"auth":"[REDACTED]","method":"GET","msg":"request","timestamp":"2025-11-30T06:44:19.008Z","url":"/api/ops-failures?system=cyberark-vault&minutes=10"},"timestamp":"2025-11-30T06:44:19.008Z"}
{"level":"info","message":{"auth":"[REDACTED]","method":"GET","msg":"request","timestamp":"2025-11-30T06:44:19.040Z","url":"/api/own-cyberark-epm"},"timestamp":"2025-11-30T06:44:19.040Z"}
{"level":"info","message":{"auth":"[REDACTED]","method":"GET","msg":"request","timestamp":"2025-11-30T06:44:19.046Z","url":"/api/own-cyberark-alero"},"timestamp":"2025-11-30T06:44:19.046Z"}
{"level":"info","message":{"auth":"[REDACTED]","method":"GET","msg":"request","timestamp":"2025-11-30T06:44:19.054Z","url":"/api/own-cyberark-conjur"},"timestamp":"2025-11-30T06:44:19.054Z"}
{"level":"info","message":{"auth":"[REDACTED]","method":"GET","msg":"request","timestamp":"2025-11-30T06:44:19.076Z","url":"/api/own-cyberark-dpa"},"timestamp":"2025-11-30T06:44:19.076Z"}
{"level":"info","message":{"auth":"[REDACTED]","method":"GET","msg":"request","timestamp":"2025-11-30T06:44:19.082Z","url":"/api/own-cyberark-identity"},"timestamp":"2025-11-30T06:44:19.082Z"}
{"level":"info","message":{"auth":"[REDACTED]","method":"GET","msg":"request","timestamp":"2025-11-30T06:44:22.180Z","url":"/api/own-cyberark"},"timestamp":"2025-11-30T06:44:22.180Z"}
{"level":"info","message":{"auth":"[REDACTED]","method":"GET","msg":"request","timestamp":"2025-11-30T06:44:22.188Z","url":"/api/ops-failures?system=cyberark-pam&minutes=10"},"timestamp":"2025-11-30T06:44:22.188Z"}
{"level":"info","message":{"auth":"[REDACTED]","method":"GET","msg":"request","timestamp":"2025-11-30T06:44:22.195Z","url":"/api/ops-failures?system=cyberark-vault&minutes=10"},"timestamp":"2025-11-30T06:44:22.195Z"}
{"level":"info","message":{"auth":"[REDACTED]","method":"GET","msg":"request","timestamp":"2025-11-30T06:44:22.199Z","url":"/api/own-cyberark-epm"},"timestamp":"2025-11-30T06:44:22.199Z"}
{"level":"info","message":{"auth":"[REDACTED]","method":"GET","msg":"request","timestamp":"2025-11-30T06:44:22.208Z","url":"/api/own-cyberark-alero"},"timestamp":"2025-11-30T06:44:22.208Z"}
{"level":"info","message":{"auth":"[REDACTED]","method":"GET","msg":"request","timestamp":"2025-11-30T06:44:22.220Z","url":"/api/own-cyberark-conjur"},"timestamp":"2025-11-30T06:44:22.221Z"}
{"level":"info","message":{"auth":"[REDACTED]","method":"GET","msg":"request","timestamp":"2025-11-30T06:44:22.234Z","url":"/api/own-cyberark-dpa"},"timestamp":"2025-11-30T06:44:22.234Z"}
{"level":"info","message":{"auth":"[REDACTED]","method":"GET","msg":"request","timestamp":"2025-11-30T06:44:22.239Z","url":"/api/own-cyberark-identity"},"timestamp":"2025-11-30T06:44:22.239Z"}
{"level":"info","message":{"auth":"[REDACTED]","method":"GET","msg":"request","timestamp":"2025-11-30T06:45:08.201Z","url":"/api/ops-failures?system=cyberark-pam&minutes=10"},"timestamp":"2025-11-30T06:45:08.201Z"}
{"level":"info","message":{"auth":"[REDACTED]","method":"GET","msg":"request","timestamp":"2025-11-30T06:45:08.205Z","url":"/api/ops-failures?system=cyberark-vault&minutes=10"},"timestamp":"2025-11-30T06:45:08.205Z"}
{"level":"info","message":{"auth":"[REDACTED]","method":"GET","msg":"request","timestamp":"2025-11-30T06:45:08.864Z","url":"/api/ops-failures?system=cyberark-pam&minutes=10"},"timestamp":"2025-11-30T06:45:08.864Z"}
{"level":"info","message":{"auth":"[REDACTED]","method":"GET","msg":"request","timestamp":"2025-11-30T06:45:08.880Z","url":"/api/ops-failures?system=cyberark-vault&minutes=10"},"timestamp":"2025-11-30T06:45:08.880Z"}
{"level":"info","message":{"auth":"[REDACTED]","method":"GET","msg":"request","timestamp":"2025-11-30T06:45:10.434Z","url":"/api/ops-failures?system=cyberark-pam&minutes=1"},"timestamp":"2025-11-30T06:45:10.434Z"}
{"level":"info","message":{"auth":"[REDACTED]","method":"GET","msg":"request","timestamp":"2025-11-30T06:45:10.461Z","url":"/api/ops-failures?system=cyberark-vault&minutes=1"},"timestamp":"2025-11-30T06:45:10.461Z"}
{"level":"info","message":{"auth":"[REDACTED]","method":"GET","msg":"request","timestamp":"2025-11-30T06:45:11.206Z","url":"/api/ops-failures?system=cyberark-pam&minutes=15"},"timestamp":"2025-11-30T06:45:11.206Z"}
{"level":"info","message":{"auth":"[REDACTED]","method":"GET","msg":"request","timestamp":"2025-11-30T06:45:11.213Z","url":"/api/ops-failures?system=cyberark-vault&minutes=15"},"timestamp":"2025-11-30T06:45:11.213Z"}
{"level":"info","message":{"auth":"[REDACTED]","method":"GET","msg":"request","timestamp":"2025-11-30T06:45:12.987Z","url":"/api/ops-failures?system=cyberark-pam&minutes=15"},"timestamp":"2025-11-30T06:45:12.987Z"}
{"level":"info","message":{"auth":"[REDACTED]","method":"GET","msg":"request","timestamp":"2025-11-30T06:45:13.006Z","url":"/api/ops-failures?system=cyberark-vault&minutes=15"},"timestamp":"2025-11-30T06:45:13.006Z"}
{"level":"info","message":{"auth":"[REDACTED]","method":"GET","msg":"request","timestamp":"2025-11-30T06:45:15.162Z","url":"/api/ops-failures?system=cyberark-pam&minutes=15"},"timestamp":"2025-11-30T06:45:15.162Z"}
{"level":"info","message":{"auth":"[REDACTED]","method":"GET","msg":"request","timestamp":"2025-11-30T06:45:15.171Z","url":"/api/ops-failures?system=cyberark-vault&minutes=15"},"timestamp":"2025-11-30T06:45:15.171Z"}
{"level":"info","message":{"auth":"[REDACTED]","method":"GET","msg":"request","timestamp":"2025-11-30T06:45:15.763Z","url":"/api/ops-failures?system=cyberark-pam&minutes=15"},"timestamp":"2025-11-30T06:45:15.763Z"}
{"level":"info","message":{"auth":"[REDACTED]","method":"GET","msg":"request","timestamp":"2025-11-30T06:45:15.770Z","url":"/api/ops-failures?system=cyberark-vault&minutes=15"},"timestamp":"2025-11-30T06:45:15.770Z"}
{"level":"info","message":{"auth":"[REDACTED]","method":"GET","msg":"request","timestamp":"2025-11-30T06:45:41.071Z","url":"/api/own-cyberark"},"timestamp":"2025-11-30T06:45:41.071Z"}
{"level":"info","message":{"auth":"[REDACTED]","method":"GET","msg":"request","timestamp":"2025-11-30T06:45:41.079Z","url":"/api/ops-failures?system=cyberark-pam&minutes=10"},"timestamp":"2025-11-30T06:45:41.079Z"}
{"level":"info","message":{"auth":"[REDACTED]","method":"GET","msg":"request","timestamp":"2025-11-30T06:45:41.088Z","url":"/api/ops-failures?system=cyberark-vault&minutes=10"},"timestamp":"2025-11-30T06:45:41.088Z"}
{"level":"info","message":{"auth":"[REDACTED]","method":"GET","msg":"request","timestamp":"2025-11-30T06:45:41.179Z","url":"/api/own-cyberark-epm"},"timestamp":"2025-11-30T06:45:41.179Z"}
{"level":"info","message":{"auth":"[REDACTED]","method":"GET","msg":"request","timestamp":"2025-11-30T06:45:41.184Z","url":"/api/own-cyberark-alero"},"timestamp":"2025-11-30T06:45:41.184Z"}
{"level":"info","message":{"auth":"[REDACTED]","method":"GET","msg":"request","timestamp":"2025-11-30T06:45:41.195Z","url":"/api/own-cyberark-conjur"},"timestamp":"2025-11-30T06:45:41.195Z"}
{"level":"info","message":{"auth":"[REDACTED]","method":"GET","msg":"request","timestamp":"2025-11-30T06:45:41.200Z","url":"/api/own-cyberark-dpa"},"timestamp":"2025-11-30T06:45:41.200Z"}
{"level":"info","message":{"auth":"[REDACTED]","method":"GET","msg":"request","timestamp":"2025-11-30T06:45:41.206Z","url":"/api/own-cyberark-identity"},"timestamp":"2025-11-30T06:45:41.206Z"}
{"level":"info","message":{"auth":"[REDACTED]","method":"GET","msg":"request","timestamp":"2025-11-30T06:45:46.332Z","url":"/api/own-cyberark"},"timestamp":"2025-11-30T06:45:46.332Z"}
{"level":"info","message":{"auth":"[REDACTED]","method":"GET","msg":"request","timestamp":"2025-11-30T06:45:46.338Z","url":"/api/ops-failures?system=cyberark-pam&minutes=10"},"timestamp":"2025-11-30T06:45:46.338Z"}
{"level":"info","message":{"auth":"[REDACTED]","method":"GET","msg":"request","timestamp":"2025-11-30T06:45:46.343Z","url":"/api/ops-failures?system=cyberark-vault&minutes=10"},"timestamp":"2025-11-30T06:45:46.343Z"}
{"level":"info","message":{"auth":"[REDACTED]","method":"GET","msg":"request","timestamp":"2025-11-30T06:45:46.414Z","url":"/api/own-cyberark-epm"},"timestamp":"2025-11-30T06:45:46.414Z"}
{"level":"info","message":{"auth":"[REDACTED]","method":"GET","msg":"request","timestamp":"2025-11-30T06:45:46.418Z","url":"/api/own-cyberark-alero"},"timestamp":"2025-11-30T06:45:46.418Z"}
{"level":"info","message":{"auth":"[REDACTED]","method":"GET","msg":"request","timestamp":"2025-11-30T06:45:46.421Z","url":"/api/own-cyberark-conjur"},"timestamp":"2025-11-30T06:45:46.421Z"}
{"level":"info","message":{"auth":"[REDACTED]","method":"GET","msg":"request","timestamp":"2025-11-30T06:45:46.427Z","url":"/api/own-cyberark-dpa"},"timestamp":"2025-11-30T06:45:46.427Z"}
{"level":"info","message":{"auth":"[REDACTED]","method":"GET","msg":"request","timestamp":"2025-11-30T06:45:46.430Z","url":"/api/own-cyberark-identity"},"timestamp":"2025-11-30T06:45:46.430Z"}
{"level":"info","message":{"auth":"[REDACTED]","method":"GET","msg":"request","timestamp":"2025-11-30T06:45:52.256Z","url":"/api/own-cyberark"},"timestamp":"2025-11-30T06:45:52.256Z"}
{"level":"info","message":{"auth":"[REDACTED]","method":"GET","msg":"request","timestamp":"2025-11-30T06:45:52.264Z","url":"/api/ops-failures?system=cyberark-pam&minutes=10"},"timestamp":"2025-11-30T06:45:52.264Z"}
{"level":"info","message":{"auth":"[REDACTED]","method":"GET","msg":"request","timestamp":"2025-11-30T06:45:52.270Z","url":"/api/ops-failures?system=cyberark-vault&minutes=10"},"timestamp":"2025-11-30T06:45:52.270Z"}
{"level":"info","message":{"auth":"[REDACTED]","method":"GET","msg":"request","timestamp":"2025-11-30T06:45:52.277Z","url":"/api/own-cyberark-epm"},"timestamp":"2025-11-30T06:45:52.277Z"}
{"level":"info","message":{"auth":"[REDACTED]","method":"GET","msg":"request","timestamp":"2025-11-30T06:45:52.293Z","url":"/api/own-cyberark-alero"},"timestamp":"2025-11-30T06:45:52.293Z"}
{"level":"info","message":{"auth":"[REDACTED]","method":"GET","msg":"request","timestamp":"2025-11-30T06:45:52.306Z","url":"/api/own-cyberark-conjur"},"timestamp":"2025-11-30T06:45:52.306Z"}
{"level":"info","message":{"auth":"[REDACTED]","method":"GET","msg":"request","timestamp":"2025-11-30T06:45:52.310Z","url":"/api/own-cyberark-dpa"},"timestamp":"2025-11-30T06:45:52.310Z"}
{"level":"info","message":{"auth":"[REDACTED]","method":"GET","msg":"request","timestamp":"2025-11-30T06:45:52.322Z","url":"/api/own-cyberark-identity"},"timestamp":"2025-11-30T06:45:52.322Z"}
{"level":"info","message":{"auth":"[REDACTED]","method":"GET","msg":"request","timestamp":"2025-11-30T06:45:59.705Z","url":"/api/search-employee/u1008/details?system=ping-directory"},"timestamp":"2025-11-30T06:45:59.705Z"}
{"level":"info","message":{"auth":"[REDACTED]","method":"GET","msg":"request","timestamp":"2025-11-30T06:46:24.397Z","url":"/api/search-employee/u1008/details?system=ping-mfa"},"timestamp":"2025-11-30T06:46:24.397Z"}
{"level":"info","message":{"auth":"[REDACTED]","method":"GET","msg":"request","timestamp":"2025-11-30T06:46:40.534Z","url":"/api/own-cyberark"},"timestamp":"2025-11-30T06:46:40.534Z"}
{"level":"info","message":{"auth":"[REDACTED]","method":"GET","msg":"request","timestamp":"2025-11-30T06:46:40.546Z","url":"/api/ops-failures?system=cyberark-pam&minutes=10"},"timestamp":"2025-11-30T06:46:40.546Z"}
{"level":"info","message":{"auth":"[REDACTED]","method":"GET","msg":"request","timestamp":"2025-11-30T06:46:40.550Z","url":"/api/ops-failures?system=cyberark-vault&minutes=10"},"timestamp":"2025-11-30T06:46:40.550Z"}
{"level":"info","message":{"auth":"[REDACTED]","method":"GET","msg":"request","timestamp":"2025-11-30T06:46:40.605Z","url":"/api/own-cyberark-epm"},"timestamp":"2025-11-30T06:46:40.605Z"}
{"level":"info","message":{"auth":"[REDACTED]","method":"GET","msg":"request","timestamp":"2025-11-30T06:46:40.613Z","url":"/api/own-cyberark-alero"},"timestamp":"2025-11-30T06:46:40.613Z"}
{"level":"info","message":{"auth":"[REDACTED]","method":"GET","msg":"request","timestamp":"2025-11-30T06:46:40.616Z","url":"/api/own-cyberark-conjur"},"timestamp":"2025-11-30T06:46:40.616Z"}
{"level":"info","message":{"auth":"[REDACTED]","method":"GET","msg":"request","timestamp":"2025-11-30T06:46:40.622Z","url":"/api/own-cyberark-dpa"},"timestamp":"2025-11-30T06:46:40.622Z"}
{"level":"info","message":{"auth":"[REDACTED]","method":"GET","msg":"request","timestamp":"2025-11-30T06:46:40.627Z","url":"/api/own-cyberark-identity"},"timestamp":"2025-11-30T06:46:40.627Z"}
{"level":"info","message":{"auth":"[REDACTED]","method":"GET","msg":"request","timestamp":"2025-11-30T06:46:43.544Z","url":"/api/own-cyberark-conjur/details"},"timestamp":"2025-11-30T06:46:43.544Z"}
{"level":"info","message":{"auth":"[REDACTED]","method":"GET","msg":"request","timestamp":"2025-11-30T06:46:44.243Z","url":"/api/own-cyberark-conjur/details"},"timestamp":"2025-11-30T06:46:44.243Z"}
{"level":"info","message":{"auth":"[REDACTED]","method":"GET","msg":"request","timestamp":"2025-11-30T06:49:50.780Z","url":"/api/own-cyberark"},"timestamp":"2025-11-30T06:49:50.780Z"}
{"level":"info","message":{"auth":"[REDACTED]","method":"GET","msg":"request","timestamp":"2025-11-30T06:49:50.804Z","url":"/api/ops-failures?system=cyberark-pam&minutes=10"},"timestamp":"2025-11-30T06:49:50.804Z"}
{"level":"info","message":{"auth":"[REDACTED]","method":"GET","msg":"request","timestamp":"2025-11-30T06:49:50.827Z","url":"/api/ops-failures?system=cyberark-vault&minutes=10"},"timestamp":"2025-11-30T06:49:50.827Z"}
{"level":"info","message":{"auth":"[REDACTED]","method":"GET","msg":"request","timestamp":"2025-11-30T06:49:50.845Z","url":"/api/own-cyberark-epm"},"timestamp":"2025-11-30T06:49:50.845Z"}
{"level":"info","message":{"auth":"[REDACTED]","method":"GET","msg":"request","timestamp":"2025-11-30T06:49:50.867Z","url":"/api/own-cyberark-alero"},"timestamp":"2025-11-30T06:49:50.867Z"}
{"level":"info","message":{"auth":"[REDACTED]","method":"GET","msg":"request","timestamp":"2025-11-30T06:49:50.895Z","url":"/api/own-cyberark-conjur"},"timestamp":"2025-11-30T06:49:50.895Z"}
{"level":"info","message":{"auth":"[REDACTED]","method":"GET","msg":"request","timestamp":"2025-11-30T06:49:50.931Z","url":"/api/own-cyberark-dpa"},"timestamp":"2025-11-30T06:49:50.931Z"}
{"level":"info","message":{"auth":"[REDACTED]","method":"GET","msg":"request","timestamp":"2025-11-30T06:49:50.993Z","url":"/api/own-cyberark-identity"},"timestamp":"2025-11-30T06:49:50.993Z"}
{"level":"info","message":{"auth":"[REDACTED]","method":"GET","msg":"request","timestamp":"2025-11-30T06:49:51.641Z","url":"/api/own-cyberark"},"timestamp":"2025-11-30T06:49:51.641Z"}
{"level":"info","message":{"auth":"[REDACTED]","method":"GET","msg":"request","timestamp":"2025-11-30T06:49:51.769Z","url":"/api/own-cyberark-epm"},"timestamp":"2025-11-30T06:49:51.769Z"}
{"level":"info","message":{"auth":"[REDACTED]","method":"GET","msg":"request","timestamp":"2025-11-30T06:49:51.850Z","url":"/api/own-cyberark-identity"},"timestamp":"2025-11-30T06:49:51.850Z"}
{"level":"info","message":{"auth":"[REDACTED]","method":"GET","msg":"request","timestamp":"2025-11-30T06:49:51.862Z","url":"/api/ops-failures?system=cyberark-pam&minutes=10"},"timestamp":"2025-11-30T06:49:51.862Z"}
{"level":"info","message":{"auth":"[REDACTED]","method":"GET","msg":"request","timestamp":"2025-11-30T06:49:51.866Z","url":"/api/ops-failures?system=cyberark-vault&minutes=10"},"timestamp":"2025-11-30T06:49:51.866Z"}
{"level":"info","message":{"auth":"[REDACTED]","method":"GET","msg":"request","timestamp":"2025-11-30T06:49:51.882Z","url":"/api/own-cyberark-alero"},"timestamp":"2025-11-30T06:49:51.882Z"}
{"level":"info","message":{"auth":"[REDACTED]","method":"GET","msg":"request","timestamp":"2025-11-30T06:49:51.919Z","url":"/api/own-cyberark-conjur"},"timestamp":"2025-11-30T06:49:51.919Z"}
{"level":"info","message":{"auth":"[REDACTED]","method":"GET","msg":"request","timestamp":"2025-11-30T06:49:51.948Z","url":"/api/own-cyberark-dpa"},"timestamp":"2025-11-30T06:49:51.948Z"}
{"level":"info","message":{"auth":"[REDACTED]","method":"GET","msg":"request","timestamp":"2025-11-30T06:50:10.909Z","url":"/api/search-employee/u1009/details?system=ping-directory"},"timestamp":"2025-11-30T06:50:10.909Z"}
{"level":"info","message":{"auth":"[REDACTED]","method":"GET","msg":"request","timestamp":"2025-11-30T06:50:15.848Z","url":"/api/all-users"},"timestamp":"2025-11-30T06:50:15.848Z"}
{"level":"info","message":{"auth":"[REDACTED]","method":"GET","msg":"request","timestamp":"2025-11-30T06:50:15.879Z","url":"/api/search-employee/ian.chen%40company.com/details?system=ping-directory"},"timestamp":"2025-11-30T06:50:15.879Z"}
{"level":"info","message":{"auth":"[REDACTED]","method":"GET","msg":"request","timestamp":"2025-11-30T06:50:15.884Z","url":"/api/search-employee/u1009/details?system=ping-directory"},"timestamp":"2025-11-30T06:50:15.884Z"}
{"level":"info","message":{"auth":"[REDACTED]","method":"GET","msg":"request","timestamp":"2025-11-30T06:50:15.893Z","url":"/api/search-employee/IAN.CHEN%40COMPANY.COM/details?system=ping-directory"},"timestamp":"2025-11-30T06:50:15.893Z"}
{"level":"info","message":{"auth":"[REDACTED]","method":"GET","msg":"request","timestamp":"2025-11-30T06:50:15.898Z","url":"/api/search-employee/U1009/details?system=ping-directory"},"timestamp":"2025-11-30T06:50:15.898Z"}
{"level":"info","message":{"auth":"[REDACTED]","method":"GET","msg":"request","timestamp":"2025-11-30T06:50:15.905Z","url":"/api/search-employee/ian.chen%40company.com/details?system=ping-mfa"},"timestamp":"2025-11-30T06:50:15.905Z"}
{"level":"info","message":{"auth":"[REDACTED]","method":"GET","msg":"request","timestamp":"2025-11-30T06:50:15.916Z","url":"/api/search-employee/u1009/details?system=ping-mfa"},"timestamp":"2025-11-30T06:50:15.916Z"}
{"level":"info","message":{"auth":"[REDACTED]","method":"GET","msg":"request","timestamp":"2025-11-30T06:50:15.922Z","url":"/api/search-employee/IAN.CHEN%40COMPANY.COM/details?system=ping-mfa"},"timestamp":"2025-11-30T06:50:15.923Z"}
{"level":"info","message":{"auth":"[REDACTED]","method":"GET","msg":"request","timestamp":"2025-11-30T06:50:15.930Z","url":"/api/search-employee/U1009/details?system=ping-mfa"},"timestamp":"2025-11-30T06:50:15.930Z"}
{"level":"info","message":{"auth":"[REDACTED]","method":"GET","msg":"request","timestamp":"2025-11-30T06:50:20.155Z","url":"/api/all-users"},"timestamp":"2025-11-30T06:50:20.155Z"}
{"level":"info","message":{"auth":"[REDACTED]","method":"GET","msg":"request","timestamp":"2025-11-30T06:50:20.185Z","url":"/api/search-employee/ian.chen%40company.com/details?system=ping-directory"},"timestamp":"2025-11-30T06:50:20.185Z"}
{"level":"info","message":{"auth":"[REDACTED]","method":"GET","msg":"request","timestamp":"2025-11-30T06:50:20.193Z","url":"/api/search-employee/u1009/details?system=ping-directory"},"timestamp":"2025-11-30T06:50:20.193Z"}
{"level":"info","message":{"auth":"[REDACTED]","method":"GET","msg":"request","timestamp":"2025-11-30T06:50:20.198Z","url":"/api/search-employee/IAN.CHEN%40COMPANY.COM/details?system=ping-directory"},"timestamp":"2025-11-30T06:50:20.198Z"}
{"level":"info","message":{"auth":"[REDACTED]","method":"GET","msg":"request","timestamp":"2025-11-30T06:50:20.203Z","url":"/api/search-employee/U1009/details?system=ping-directory"},"timestamp":"2025-11-30T06:50:20.203Z"}
{"level":"info","message":{"auth":"[REDACTED]","method":"GET","msg":"request","timestamp":"2025-11-30T06:50:20.210Z","url":"/api/search-employee/ian.chen%40company.com/details?system=ping-mfa"},"timestamp":"2025-11-30T06:50:20.210Z"}
{"level":"info","message":{"auth":"[REDACTED]","method":"GET","msg":"request","timestamp":"2025-11-30T06:50:20.215Z","url":"/api/search-employee/u1009/details?system=ping-mfa"},"timestamp":"2025-11-30T06:50:20.215Z"}
{"level":"info","message":{"auth":"[REDACTED]","method":"GET","msg":"request","timestamp":"2025-11-30T06:50:20.218Z","url":"/api/search-employee/IAN.CHEN%40COMPANY.COM/details?system=ping-mfa"},"timestamp":"2025-11-30T06:50:20.218Z"}
{"level":"info","message":{"auth":"[REDACTED]","method":"GET","msg":"request","timestamp":"2025-11-30T06:50:20.226Z","url":"/api/search-employee/U1009/details?system=ping-mfa"},"timestamp":"2025-11-30T06:50:20.226Z"}
{"level":"info","message":{"auth":"[REDACTED]","method":"GET","msg":"request","timestamp":"2025-11-30T06:50:34.051Z","url":"/api/ops-failures?system=cyberark-vault&minutes=10"},"timestamp":"2025-11-30T06:50:34.051Z"}
{"level":"info","message":{"auth":"[REDACTED]","method":"GET","msg":"request","timestamp":"2025-11-30T06:50:34.062Z","url":"/api/ops-failures?system=cyberark-pam&minutes=10"},"timestamp":"2025-11-30T06:50:34.062Z"}
{"level":"info","message":{"auth":"[REDACTED]","method":"GET","msg":"request","timestamp":"2025-11-30T06:50:34.068Z","url":"/api/own-cyberark"},"timestamp":"2025-11-30T06:50:34.068Z"}
{"level":"info","message":{"auth":"[REDACTED]","method":"GET","msg":"request","timestamp":"2025-11-30T06:50:34.105Z","url":"/api/own-cyberark-epm"},"timestamp":"2025-11-30T06:50:34.105Z"}
{"level":"info","message":{"auth":"[REDACTED]","method":"GET","msg":"request","timestamp":"2025-11-30T06:50:34.110Z","url":"/api/own-cyberark-alero"},"timestamp":"2025-11-30T06:50:34.110Z"}
{"level":"info","message":{"auth":"[REDACTED]","method":"GET","msg":"request","timestamp":"2025-11-30T06:50:34.116Z","url":"/api/own-cyberark-conjur"},"timestamp":"2025-11-30T06:50:34.116Z"}
{"level":"info","message":{"auth":"[REDACTED]","method":"GET","msg":"request","timestamp":"2025-11-30T06:50:34.125Z","url":"/api/own-cyberark-dpa"},"timestamp":"2025-11-30T06:50:34.125Z"}
{"level":"info","message":{"auth":"[REDACTED]","method":"GET","msg":"request","timestamp":"2025-11-30T06:50:34.132Z","url":"/api/own-cyberark-identity"},"timestamp":"2025-11-30T06:50:34.132Z"}
{"level":"info","message":{"auth":"[REDACTED]","method":"GET","msg":"request","timestamp":"2025-11-30T06:50:46.047Z","url":"/api/own-cyberark"},"timestamp":"2025-11-30T06:50:46.047Z"}
{"level":"info","message":{"auth":"[REDACTED]","method":"GET","msg":"request","timestamp":"2025-11-30T06:50:46.081Z","url":"/api/ops-failures?system=cyberark-pam&minutes=10"},"timestamp":"2025-11-30T06:50:46.081Z"}
{"level":"info","message":{"auth":"[REDACTED]","method":"GET","msg":"request","timestamp":"2025-11-30T06:50:46.125Z","url":"/api/ops-failures?system=cyberark-vault&minutes=10"},"timestamp":"2025-11-30T06:50:46.125Z"}
{"level":"info","message":{"auth":"[REDACTED]","method":"GET","msg":"request","timestamp":"2025-11-30T06:50:46.151Z","url":"/api/own-cyberark-identity"},"timestamp":"2025-11-30T06:50:46.151Z"}
{"level":"info","message":{"auth":"[REDACTED]","method":"GET","msg":"request","timestamp":"2025-11-30T06:50:46.194Z","url":"/api/own-cyberark-epm"},"timestamp":"2025-11-30T06:50:46.194Z"}
{"level":"info","message":{"auth":"[REDACTED]","method":"GET","msg":"request","timestamp":"2025-11-30T06:50:46.205Z","url":"/api/own-cyberark-conjur"},"timestamp":"2025-11-30T06:50:46.205Z"}
{"level":"info","message":{"auth":"[REDACTED]","method":"GET","msg":"request","timestamp":"2025-11-30T06:50:46.296Z","url":"/api/own-cyberark-dpa"},"timestamp":"2025-11-30T06:50:46.296Z"}
{"level":"info","message":{"auth":"[REDACTED]","method":"GET","msg":"request","timestamp":"2025-11-30T06:50:46.371Z","url":"/api/own-cyberark-alero"},"timestamp":"2025-11-30T06:50:46.371Z"}
{"level":"info","message":{"auth":"[REDACTED]","method":"GET","msg":"request","timestamp":"2025-11-30T06:50:51.168Z","url":"/api/own-cyberark-alero"},"timestamp":"2025-11-30T06:50:51.168Z"}
{"level":"info","message":{"auth":"[REDACTED]","method":"GET","msg":"request","timestamp":"2025-11-30T06:50:51.177Z","url":"/api/own-cyberark"},"timestamp":"2025-11-30T06:50:51.177Z"}
{"level":"info","message":{"auth":"[REDACTED]","method":"GET","msg":"request","timestamp":"2025-11-30T06:50:51.184Z","url":"/api/own-cyberark-epm"},"timestamp":"2025-11-30T06:50:51.184Z"}
{"level":"info","message":{"auth":"[REDACTED]","method":"GET","msg":"request","timestamp":"2025-11-30T06:50:51.188Z","url":"/api/own-cyberark-conjur"},"timestamp":"2025-11-30T06:50:51.188Z"}
{"level":"info","message":{"auth":"[REDACTED]","method":"GET","msg":"request","timestamp":"2025-11-30T06:50:51.192Z","url":"/api/own-cyberark-dpa"},"timestamp":"2025-11-30T06:50:51.192Z"}
{"level":"info","message":{"auth":"[REDACTED]","method":"GET","msg":"request","timestamp":"2025-11-30T06:50:51.196Z","url":"/api/ops-failures?system=cyberark-pam&minutes=10"},"timestamp":"2025-11-30T06:50:51.196Z"}
{"level":"info","message":{"auth":"[REDACTED]","method":"GET","msg":"request","timestamp":"2025-11-30T06:50:51.207Z","url":"/api/own-cyberark-identity"},"timestamp":"2025-11-30T06:50:51.207Z"}
{"level":"info","message":{"auth":"[REDACTED]","method":"GET","msg":"request","timestamp":"2025-11-30T06:50:51.214Z","url":"/api/ops-failures?system=cyberark-vault&minutes=10"},"timestamp":"2025-11-30T06:50:51.214Z"}
{"level":"info","message":{"auth":"[REDACTED]","method":"GET","msg":"request","timestamp":"2025-11-30T06:50:57.056Z","url":"/api/search-employee/u1006/details?system=ping-directory"},"timestamp":"2025-11-30T06:50:57.056Z"}
{"level":"info","message":{"auth":"[REDACTED]","method":"GET","msg":"request","timestamp":"2025-11-30T06:53:08.862Z","url":"/api/own-cyberark"},"timestamp":"2025-11-30T06:53:08.862Z"}
{"level":"info","message":{"auth":"[REDACTED]","method":"GET","msg":"request","timestamp":"2025-11-30T06:53:08.868Z","url":"/api/ops-failures?system=cyberark-pam&minutes=10"},"timestamp":"2025-11-30T06:53:08.868Z"}
{"level":"info","message":{"auth":"[REDACTED]","method":"GET","msg":"request","timestamp":"2025-11-30T06:53:08.873Z","url":"/api/ops-failures?system=cyberark-vault&minutes=10"},"timestamp":"2025-11-30T06:53:08.873Z"}
{"level":"info","message":{"auth":"[REDACTED]","method":"GET","msg":"request","timestamp":"2025-11-30T06:53:08.906Z","url":"/api/own-cyberark"},"timestamp":"2025-11-30T06:53:08.906Z"}
{"level":"info","message":{"auth":"[REDACTED]","method":"GET","msg":"request","timestamp":"2025-11-30T06:53:08.911Z","url":"/api/ops-failures?system=cyberark-pam&minutes=10"},"timestamp":"2025-11-30T06:53:08.911Z"}
{"level":"info","message":{"auth":"[REDACTED]","method":"GET","msg":"request","timestamp":"2025-11-30T06:53:08.916Z","url":"/api/ops-failures?system=cyberark-vault&minutes=10"},"timestamp":"2025-11-30T06:53:08.916Z"}
{"level":"info","message":{"auth":"[REDACTED]","method":"GET","msg":"request","timestamp":"2025-11-30T06:53:10.050Z","url":"/api/own-cyberark-epm"},"timestamp":"2025-11-30T06:53:10.050Z"}
{"level":"info","message":{"auth":"[REDACTED]","method":"GET","msg":"request","timestamp":"2025-11-30T06:53:10.054Z","url":"/api/own-cyberark-alero"},"timestamp":"2025-11-30T06:53:10.054Z"}
{"level":"info","message":{"auth":"[REDACTED]","method":"GET","msg":"request","timestamp":"2025-11-30T06:53:10.061Z","url":"/api/own-cyberark-conjur"},"timestamp":"2025-11-30T06:53:10.061Z"}
{"level":"info","message":{"auth":"[REDACTED]","method":"GET","msg":"request","timestamp":"2025-11-30T06:53:10.066Z","url":"/api/own-cyberark-dpa"},"timestamp":"2025-11-30T06:53:10.066Z"}
{"level":"info","message":{"auth":"[REDACTED]","method":"GET","msg":"request","timestamp":"2025-11-30T06:53:10.069Z","url":"/api/own-cyberark-identity"},"timestamp":"2025-11-30T06:53:10.069Z"}
{"level":"info","message":{"auth":"[REDACTED]","method":"GET","msg":"request","timestamp":"2025-11-30T06:53:10.073Z","url":"/api/own-cyberark-epm"},"timestamp":"2025-11-30T06:53:10.073Z"}
{"level":"info","message":{"auth":"[REDACTED]","method":"GET","msg":"request","timestamp":"2025-11-30T06:53:10.077Z","url":"/api/own-cyberark-alero"},"timestamp":"2025-11-30T06:53:10.077Z"}
{"level":"info","message":{"auth":"[REDACTED]","method":"GET","msg":"request","timestamp":"2025-11-30T06:53:10.080Z","url":"/api/own-cyberark-conjur"},"timestamp":"2025-11-30T06:53:10.081Z"}
{"level":"info","message":{"auth":"[REDACTED]","method":"GET","msg":"request","timestamp":"2025-11-30T06:53:10.084Z","url":"/api/own-cyberark-dpa"},"timestamp":"2025-11-30T06:53:10.084Z"}
{"level":"info","message":{"auth":"[REDACTED]","method":"GET","msg":"request","timestamp":"2025-11-30T06:53:10.088Z","url":"/api/own-cyberark-identity"},"timestamp":"2025-11-30T06:53:10.088Z"}
{"level":"info","message":{"auth":"[REDACTED]","method":"GET","msg":"request","timestamp":"2025-11-30T06:53:22.067Z","url":"/api/ops-failures?system=ping-federate&minutes=10"},"timestamp":"2025-11-30T06:53:22.067Z"}
{"level":"info","message":{"auth":"[REDACTED]","method":"GET","msg":"request","timestamp":"2025-11-30T06:53:22.073Z","url":"/api/ops-failures?system=ping-mfa&minutes=10"},"timestamp":"2025-11-30T06:53:22.073Z"}
{"level":"info","message":{"auth":"[REDACTED]","method":"GET","msg":"request","timestamp":"2025-11-30T06:53:34.120Z","url":"/api/search-employee/u1009/details?system=ping-directory"},"timestamp":"2025-11-30T06:53:34.120Z"}
{"level":"info","message":{"auth":"[REDACTED]","method":"GET","msg":"request","timestamp":"2025-11-30T06:53:43.444Z","url":"/api/search-employee/u1009/details?system=ping-mfa"},"timestamp":"2025-11-30T06:53:43.444Z"}
{"level":"info","message":{"auth":"[REDACTED]","method":"GET","msg":"request","timestamp":"2025-11-30T06:54:23.891Z","url":"/api/ops-failures?system=ping-federate&minutes=10"},"timestamp":"2025-11-30T06:54:23.891Z"}
{"level":"info","message":{"auth":"[REDACTED]","method":"GET","msg":"request","timestamp":"2025-11-30T06:54:23.896Z","url":"/api/ops-failures?system=ping-mfa&minutes=10"},"timestamp":"2025-11-30T06:54:23.896Z"}
{"level":"info","message":{"auth":"[REDACTED]","method":"GET","msg":"request","timestamp":"2025-11-30T06:55:31.697Z","url":"/api/ops-failures?system=ping-federate&minutes=10"},"timestamp":"2025-11-30T06:55:31.697Z"}
{"level":"info","message":{"auth":"[REDACTED]","method":"GET","msg":"request","timestamp":"2025-11-30T06:55:31.732Z","url":"/api/ops-failures?system=ping-federate&minutes=10"},"timestamp":"2025-11-30T06:55:31.732Z"}
{"level":"info","message":{"auth":"[REDACTED]","method":"GET","msg":"request","timestamp":"2025-11-30T06:55:31.760Z","url":"/api/ops-failures?system=ping-mfa&minutes=10"},"timestamp":"2025-11-30T06:55:31.760Z"}
{"level":"info","message":{"auth":"[REDACTED]","method":"GET","msg":"request","timestamp":"2025-11-30T06:55:31.769Z","url":"/api/ops-failures?system=ping-mfa&minutes=10"},"timestamp":"2025-11-30T06:55:31.769Z"}
{"level":"info","message":{"auth":"[REDACTED]","method":"GET","msg":"request","timestamp":"2025-11-30T06:57:13.126Z","url":"/api/ops-failures?system=ping-federate&minutes=10"},"timestamp":"2025-11-30T06:57:13.126Z"}
{"level":"info","message":{"auth":"[REDACTED]","method":"GET","msg":"request","timestamp":"2025-11-30T06:57:13.192Z","url":"/api/ops-failures?system=ping-mfa&minutes=10"},"timestamp":"2025-11-30T06:57:13.192Z"}
{"level":"info","message":{"auth":"[REDACTED]","method":"GET","msg":"request","timestamp":"2025-11-30T06:57:13.209Z","url":"/api/ops-failures?system=ping-federate&minutes=10"},"timestamp":"2025-11-30T06:57:13.209Z"}
{"level":"info","message":{"auth":"[REDACTED]","method":"GET","msg":"request","timestamp":"2025-11-30T06:57:13.220Z","url":"/api/ops-failures?system=ping-mfa&minutes=10"},"timestamp":"2025-11-30T06:57:13.220Z"}
{"level":"info","message":{"auth":"[REDACTED]","method":"GET","msg":"request","timestamp":"2025-11-30T06:57:21.784Z","url":"/api/ops-failures?system=ping-federate&minutes=10"},"timestamp":"2025-11-30T06:57:21.784Z"}
{"level":"info","message":{"auth":"[REDACTED]","method":"GET","msg":"request","timestamp":"2025-11-30T06:57:21.791Z","url":"/api/ops-failures?system=ping-mfa&minutes=10"},"timestamp":"2025-11-30T06:57:21.791Z"}
{"level":"info","message":{"auth":"[REDACTED]","method":"GET","msg":"request","timestamp":"2025-11-30T06:57:29.492Z","url":"/api/search-employee/u1009/details?system=ping-directory"},"timestamp":"2025-11-30T06:57:29.492Z"}
{"level":"info","message":{"auth":"[REDACTED]","method":"GET","msg":"request","timestamp":"2025-11-30T06:58:15.996Z","url":"/api/search-employee/u1009/details?system=ping-directory"},"timestamp":"2025-11-30T06:58:15.996Z"}
{"level":"info","message":{"auth":"[REDACTED]","method":"GET","msg":"request","timestamp":"2025-11-30T06:59:03.770Z","url":"/api/search-employee/u1009/details?system=ping-directory"},"timestamp":"2025-11-30T06:59:03.770Z"}
{"level":"info","message":{"auth":"[REDACTED]","method":"GET","msg":"request","timestamp":"2025-11-30T07:07:59.133Z","url":"/api/ops-failures?system=ping-federate&minutes=10"},"timestamp":"2025-11-30T07:07:59.133Z"}
{"level":"info","message":{"auth":"[REDACTED]","method":"GET","msg":"request","timestamp":"2025-11-30T07:07:59.150Z","url":"/api/ops-failures?system=ping-federate&minutes=10"},"timestamp":"2025-11-30T07:07:59.150Z"}
{"level":"info","message":{"auth":"[REDACTED]","method":"GET","msg":"request","timestamp":"2025-11-30T07:07:59.193Z","url":"/api/ops-failures?system=ping-mfa&minutes=10"},"timestamp":"2025-11-30T07:07:59.193Z"}
{"level":"info","message":{"auth":"[REDACTED]","method":"GET","msg":"request","timestamp":"2025-11-30T07:07:59.204Z","url":"/api/ops-failures?system=ping-mfa&minutes=10"},"timestamp":"2025-11-30T07:07:59.204Z"}
{"level":"info","message":{"auth":"[REDACTED]","method":"GET","msg":"request","timestamp":"2025-11-30T07:08:03.045Z","url":"/api/ops-failures?system=ping-federate&minutes=10"},"timestamp":"2025-11-30T07:08:03.045Z"}
{"level":"info","message":{"auth":"[REDACTED]","method":"GET","msg":"request","timestamp":"2025-11-30T07:08:03.064Z","url":"/api/ops-failures?system=ping-federate&minutes=10"},"timestamp":"2025-11-30T07:08:03.064Z"}
{"level":"info","message":{"auth":"[REDACTED]","method":"GET","msg":"request","timestamp":"2025-11-30T07:08:03.077Z","url":"/api/ops-failures?system=ping-mfa&minutes=10"},"timestamp":"2025-11-30T07:08:03.077Z"}
{"level":"info","message":{"auth":"[REDACTED]","method":"GET","msg":"request","timestamp":"2025-11-30T07:08:03.087Z","url":"/api/ops-failures?system=ping-mfa&minutes=10"},"timestamp":"2025-11-30T07:08:03.087Z"}
{"level":"info","message":{"auth":"[REDACTED]","method":"GET","msg":"request","timestamp":"2025-11-30T07:08:11.043Z","url":"/api/search-employee/u1008/details?system=ping-directory"},"timestamp":"2025-11-30T07:08:11.043Z"}
{"level":"info","message":{"auth":"[REDACTED]","method":"GET","msg":"request","timestamp":"2025-11-30T07:09:33.106Z","url":"/api/own-cyberark"},"timestamp":"2025-11-30T07:09:33.106Z"}
{"level":"info","message":{"auth":"[REDACTED]","method":"GET","msg":"request","timestamp":"2025-11-30T07:09:33.112Z","url":"/api/ops-failures?system=cyberark-pam&minutes=10"},"timestamp":"2025-11-30T07:09:33.112Z"}
{"level":"info","message":{"auth":"[REDACTED]","method":"GET","msg":"request","timestamp":"2025-11-30T07:09:33.120Z","url":"/api/ops-failures?system=cyberark-vault&minutes=10"},"timestamp":"2025-11-30T07:09:33.120Z"}
{"level":"info","message":{"auth":"[REDACTED]","method":"GET","msg":"request","timestamp":"2025-11-30T07:09:33.305Z","url":"/api/own-cyberark"},"timestamp":"2025-11-30T07:09:33.305Z"}
{"level":"info","message":{"auth":"[REDACTED]","method":"GET","msg":"request","timestamp":"2025-11-30T07:09:33.346Z","url":"/api/ops-failures?system=cyberark-pam&minutes=10"},"timestamp":"2025-11-30T07:09:33.346Z"}
{"level":"info","message":{"auth":"[REDACTED]","method":"GET","msg":"request","timestamp":"2025-11-30T07:09:33.353Z","url":"/api/ops-failures?system=cyberark-vault&minutes=10"},"timestamp":"2025-11-30T07:09:33.353Z"}
{"level":"info","message":{"auth":"[REDACTED]","method":"GET","msg":"request","timestamp":"2025-11-30T07:09:34.656Z","url":"/api/own-cyberark-epm"},"timestamp":"2025-11-30T07:09:34.656Z"}
{"level":"info","message":{"auth":"[REDACTED]","method":"GET","msg":"request","timestamp":"2025-11-30T07:09:34.660Z","url":"/api/own-cyberark-alero"},"timestamp":"2025-11-30T07:09:34.660Z"}
{"level":"info","message":{"auth":"[REDACTED]","method":"GET","msg":"request","timestamp":"2025-11-30T07:09:34.666Z","url":"/api/own-cyberark-epm"},"timestamp":"2025-11-30T07:09:34.666Z"}
{"level":"info","message":{"auth":"[REDACTED]","method":"GET","msg":"request","timestamp":"2025-11-30T07:09:34.670Z","url":"/api/own-cyberark-conjur"},"timestamp":"2025-11-30T07:09:34.670Z"}
{"level":"info","message":{"auth":"[REDACTED]","method":"GET","msg":"request","timestamp":"2025-11-30T07:09:34.674Z","url":"/api/own-cyberark-dpa"},"timestamp":"2025-11-30T07:09:34.674Z"}
{"level":"info","message":{"auth":"[REDACTED]","method":"GET","msg":"request","timestamp":"2025-11-30T07:09:34.678Z","url":"/api/own-cyberark-identity"},"timestamp":"2025-11-30T07:09:34.678Z"}
{"level":"info","message":{"auth":"[REDACTED]","method":"GET","msg":"request","timestamp":"2025-11-30T07:09:34.682Z","url":"/api/own-cyberark-alero"},"timestamp":"2025-11-30T07:09:34.682Z"}
{"level":"info","message":{"auth":"[REDACTED]","method":"GET","msg":"request","timestamp":"2025-11-30T07:09:34.685Z","url":"/api/own-cyberark-conjur"},"timestamp":"2025-11-30T07:09:34.685Z"}
{"level":"info","message":{"auth":"[REDACTED]","method":"GET","msg":"request","timestamp":"2025-11-30T07:09:34.689Z","url":"/api/own-cyberark-dpa"},"timestamp":"2025-11-30T07:09:34.689Z"}
{"level":"info","message":{"auth":"[REDACTED]","method":"GET","msg":"request","timestamp":"2025-11-30T07:09:34.692Z","url":"/api/own-cyberark-identity"},"timestamp":"2025-11-30T07:09:34.692Z"}
{"level":"info","message":{"auth":"[REDACTED]","method":"GET","msg":"request","timestamp":"2025-11-30T07:09:40.269Z","url":"/api/ops-failures?system=ping-federate&minutes=10"},"timestamp":"2025-11-30T07:09:40.270Z"}
{"level":"info","message":{"auth":"[REDACTED]","method":"GET","msg":"request","timestamp":"2025-11-30T07:09:40.275Z","url":"/api/ops-failures?system=ping-mfa&minutes=10"},"timestamp":"2025-11-30T07:09:40.275Z"}
{"level":"info","message":{"auth":"[REDACTED]","method":"GET","msg":"request","timestamp":"2025-11-30T07:09:51.232Z","url":"/api/search-employee/u1009/details?system=ping-directory"},"timestamp":"2025-11-30T07:09:51.232Z"}
{"level":"info","message":{"auth":"[REDACTED]","method":"GET","msg":"request","timestamp":"2025-11-30T07:11:25.955Z","url":"/api/all-users"},"timestamp":"2025-11-30T07:11:25.955Z"}
{"level":"info","message":{"auth":"[REDACTED]","method":"GET","msg":"request","timestamp":"2025-11-30T07:11:26.014Z","url":"/api/search-employee/ian.chen%40company.com/details?system=ping-directory"},"timestamp":"2025-11-30T07:11:26.014Z"}
{"level":"info","message":{"auth":"[REDACTED]","method":"GET","msg":"request","timestamp":"2025-11-30T07:11:26.019Z","url":"/api/search-employee/u1009/details?system=ping-directory"},"timestamp":"2025-11-30T07:11:26.019Z"}
{"level":"info","message":{"auth":"[REDACTED]","method":"GET","msg":"request","timestamp":"2025-11-30T07:11:26.028Z","url":"/api/search-employee/IAN.CHEN%40COMPANY.COM/details?system=ping-directory"},"timestamp":"2025-11-30T07:11:26.028Z"}
{"level":"info","message":{"auth":"[REDACTED]","method":"GET","msg":"request","timestamp":"2025-11-30T07:11:26.033Z","url":"/api/search-employee/U1009/details?system=ping-directory"},"timestamp":"2025-11-30T07:11:26.033Z"}
{"level":"info","message":{"auth":"[REDACTED]","method":"GET","msg":"request","timestamp":"2025-11-30T07:11:26.038Z","url":"/api/search-employee/ian.chen%40company.com/details?system=ping-mfa"},"timestamp":"2025-11-30T07:11:26.038Z"}
{"level":"info","message":{"auth":"[REDACTED]","method":"GET","msg":"request","timestamp":"2025-11-30T07:11:26.048Z","url":"/api/search-employee/u1009/details?system=ping-mfa"},"timestamp":"2025-11-30T07:11:26.048Z"}
{"level":"info","message":{"auth":"[REDACTED]","method":"GET","msg":"request","timestamp":"2025-11-30T07:11:26.054Z","url":"/api/search-employee/IAN.CHEN%40COMPANY.COM/details?system=ping-mfa"},"timestamp":"2025-11-30T07:11:26.054Z"}
{"level":"info","message":{"auth":"[REDACTED]","method":"GET","msg":"request","timestamp":"2025-11-30T07:11:26.064Z","url":"/api/search-employee/U1009/details?system=ping-mfa"},"timestamp":"2025-11-30T07:11:26.064Z"}
{"level":"info","message":{"auth":"[REDACTED]","method":"GET","msg":"request","timestamp":"2025-11-30T07:11:29.024Z","url":"/api/all-users"},"timestamp":"2025-11-30T07:11:29.024Z"}
{"level":"info","message":{"auth":"[REDACTED]","method":"GET","msg":"request","timestamp":"2025-11-30T07:11:29.085Z","url":"/api/search-employee/ian.chen%40company.com/details?system=ping-directory"},"timestamp":"2025-11-30T07:11:29.085Z"}
{"level":"info","message":{"auth":"[REDACTED]","method":"GET","msg":"request","timestamp":"2025-11-30T07:11:29.090Z","url":"/api/search-employee/u1009/details?system=ping-directory"},"timestamp":"2025-11-30T07:11:29.090Z"}
{"level":"info","message":{"auth":"[REDACTED]","method":"GET","msg":"request","timestamp":"2025-11-30T07:11:29.095Z","url":"/api/search-employee/IAN.CHEN%40COMPANY.COM/details?system=ping-directory"},"timestamp":"2025-11-30T07:11:29.095Z"}
{"level":"info","message":{"auth":"[REDACTED]","method":"GET","msg":"request","timestamp":"2025-11-30T07:11:29.098Z","url":"/api/search-employee/U1009/details?system=ping-directory"},"timestamp":"2025-11-30T07:11:29.098Z"}
{"level":"info","message":{"auth":"[REDACTED]","method":"GET","msg":"request","timestamp":"2025-11-30T07:11:29.102Z","url":"/api/search-employee/ian.chen%40company.com/details?system=ping-mfa"},"timestamp":"2025-11-30T07:11:29.102Z"}
{"level":"info","message":{"auth":"[REDACTED]","method":"GET","msg":"request","timestamp":"2025-11-30T07:11:29.109Z","url":"/api/search-employee/u1009/details?system=ping-mfa"},"timestamp":"2025-11-30T07:11:29.109Z"}
{"level":"info","message":{"auth":"[REDACTED]","method":"GET","msg":"request","timestamp":"2025-11-30T07:11:29.114Z","url":"/api/search-employee/IAN.CHEN%40COMPANY.COM/details?system=ping-mfa"},"timestamp":"2025-11-30T07:11:29.114Z"}
{"level":"info","message":{"auth":"[REDACTED]","method":"GET","msg":"request","timestamp":"2025-11-30T07:11:29.119Z","url":"/api/search-employee/U1009/details?system=ping-mfa"},"timestamp":"2025-11-30T07:11:29.119Z"}
{"level":"info","message":{"auth":"[REDACTED]","method":"GET","msg":"request","timestamp":"2025-11-30T07:11:31.454Z","url":"/api/search-employee/u1009/details?system=ping-mfa"},"timestamp":"2025-11-30T07:11:31.454Z"}
{"level":"info","message":{"auth":"[REDACTED]","method":"GET","msg":"request","timestamp":"2025-11-30T07:13:37.627Z","url":"/api/ops-failures?system=ping-federate&minutes=10"},"timestamp":"2025-11-30T07:13:37.627Z"}
{"level":"info","message":{"auth":"[REDACTED]","method":"GET","msg":"request","timestamp":"2025-11-30T07:13:37.645Z","url":"/api/ops-failures?system=ping-mfa&minutes=10"},"timestamp":"2025-11-30T07:13:37.645Z"}
{"level":"info","message":{"auth":"[REDACTED]","method":"GET","msg":"request","timestamp":"2025-11-30T07:13:37.727Z","url":"/api/ops-failures?system=ping-federate&minutes=10"},"timestamp":"2025-11-30T07:13:37.727Z"}
{"level":"info","message":{"auth":"[REDACTED]","method":"GET","msg":"request","timestamp":"2025-11-30T07:13:37.752Z","url":"/api/ops-failures?system=ping-mfa&minutes=10"},"timestamp":"2025-11-30T07:13:37.752Z"}
{"level":"info","message":{"auth":"[REDACTED]","method":"GET","msg":"request","timestamp":"2025-11-30T07:13:48.588Z","url":"/api/search-employee/u1009/details?system=ping-directory"},"timestamp":"2025-11-30T07:13:48.588Z"}
{"level":"info","message":{"auth":"[REDACTED]","method":"GET","msg":"request","timestamp":"2025-11-30T07:14:48.169Z","url":"/api/all-users"},"timestamp":"2025-11-30T07:14:48.169Z"}
{"level":"info","message":{"auth":"[REDACTED]","method":"GET","msg":"request","timestamp":"2025-11-30T07:14:48.285Z","url":"/api/search-employee/ian.chen%40company.com/details?system=ping-directory"},"timestamp":"2025-11-30T07:14:48.285Z"}
{"level":"info","message":{"auth":"[REDACTED]","method":"GET","msg":"request","timestamp":"2025-11-30T07:14:48.383Z","url":"/api/search-employee/u1009/details?system=ping-directory"},"timestamp":"2025-11-30T07:14:48.383Z"}
{"level":"info","message":{"auth":"[REDACTED]","method":"GET","msg":"request","timestamp":"2025-11-30T07:14:48.446Z","url":"/api/search-employee/IAN.CHEN%40COMPANY.COM/details?system=ping-directory"},"timestamp":"2025-11-30T07:14:48.446Z"}
{"level":"info","message":{"auth":"[REDACTED]","method":"GET","msg":"request","timestamp":"2025-11-30T07:14:48.513Z","url":"/api/search-employee/U1009/details?system=ping-directory"},"timestamp":"2025-11-30T07:14:48.513Z"}
{"level":"info","message":{"auth":"[REDACTED]","method":"GET","msg":"request","timestamp":"2025-11-30T07:14:48.528Z","url":"/api/search-employee/ian.chen%40company.com/details?system=ping-mfa"},"timestamp":"2025-11-30T07:14:48.528Z"}
{"level":"info","message":{"auth":"[REDACTED]","method":"GET","msg":"request","timestamp":"2025-11-30T07:14:48.537Z","url":"/api/search-employee/u1009/details?system=ping-mfa"},"timestamp":"2025-11-30T07:14:48.537Z"}
{"level":"info","message":{"auth":"[REDACTED]","method":"GET","msg":"request","timestamp":"2025-11-30T07:14:48.545Z","url":"/api/search-employee/IAN.CHEN%40COMPANY.COM/details?system=ping-mfa"},"timestamp":"2025-11-30T07:14:48.545Z"}
{"level":"info","message":{"auth":"[REDACTED]","method":"GET","msg":"request","timestamp":"2025-11-30T07:14:48.553Z","url":"/api/search-employee/U1009/details?system=ping-mfa"},"timestamp":"2025-11-30T07:14:48.553Z"}
{"level":"info","message":{"auth":"[REDACTED]","method":"GET","msg":"request","timestamp":"2025-11-30T07:14:50.223Z","url":"/api/search-employee/u1009/details?system=ping-directory"},"timestamp":"2025-11-30T07:14:50.223Z"}
{"level":"info","message":{"auth":"[REDACTED]","method":"GET","msg":"request","timestamp":"2025-11-30T07:15:27.855Z","url":"/api/ops-failures?system=ping-federate&minutes=10"},"timestamp":"2025-11-30T07:15:27.855Z"}
{"level":"info","message":{"auth":"[REDACTED]","method":"GET","msg":"request","timestamp":"2025-11-30T07:15:27.879Z","url":"/api/ops-failures?system=ping-mfa&minutes=10"},"timestamp":"2025-11-30T07:15:27.879Z"}
{"level":"info","message":{"auth":"[REDACTED]","method":"GET","msg":"request","timestamp":"2025-11-30T07:15:27.893Z","url":"/api/ops-failures?system=ping-federate&minutes=10"},"timestamp":"2025-11-30T07:15:27.894Z"}
{"level":"info","message":{"auth":"[REDACTED]","method":"GET","msg":"request","timestamp":"2025-11-30T07:15:27.922Z","url":"/api/ops-failures?system=ping-mfa&minutes=10"},"timestamp":"2025-11-30T07:15:27.922Z"}
{"level":"info","message":{"auth":"[REDACTED]","method":"GET","msg":"request","timestamp":"2025-11-30T07:15:33.307Z","url":"/api/search-employee/u1008/details?system=ping-directory"},"timestamp":"2025-11-30T07:15:33.307Z"}
{"level":"info","message":{"auth":"[REDACTED]","method":"GET","msg":"request","timestamp":"2025-11-30T07:15:55.580Z","url":"/api/search-employee/u1008/details?system=ping-mfa"},"timestamp":"2025-11-30T07:15:55.580Z"}
{"level":"info","message":{"auth":"[REDACTED]","method":"GET","msg":"request","timestamp":"2025-11-30T07:16:04.526Z","url":"/api/search-employee/u1008/details?system=ping-mfa"},"timestamp":"2025-11-30T07:16:04.526Z"}
{"level":"info","message":{"auth":"[REDACTED]","method":"GET","msg":"request","timestamp":"2025-11-30T07:17:04.664Z","url":"/api/search-employee/u1008/details?system=ping-directory"},"timestamp":"2025-11-30T07:17:04.664Z"}
{"level":"info","message":{"auth":"[REDACTED]","method":"GET","msg":"request","timestamp":"2025-11-30T07:17:25.562Z","url":"/api/ops-failures?system=ping-federate&minutes=10"},"timestamp":"2025-11-30T07:17:25.562Z"}
{"level":"info","message":{"auth":"[REDACTED]","method":"GET","msg":"request","timestamp":"2025-11-30T07:17:25.574Z","url":"/api/ops-failures?system=ping-mfa&minutes=10"},"timestamp":"2025-11-30T07:17:25.574Z"}
{"level":"info","message":{"auth":"[REDACTED]","method":"GET","msg":"request","timestamp":"2025-11-30T07:17:25.582Z","url":"/api/ops-failures?system=ping-federate&minutes=10"},"timestamp":"2025-11-30T07:17:25.582Z"}
{"level":"info","message":{"auth":"[REDACTED]","method":"GET","msg":"request","timestamp":"2025-11-30T07:17:25.606Z","url":"/api/ops-failures?system=ping-mfa&minutes=10"},"timestamp":"2025-11-30T07:17:25.606Z"}
{"level":"info","message":{"auth":"[REDACTED]","method":"GET","msg":"request","timestamp":"2025-11-30T07:17:52.064Z","url":"/api/search-employee/u1008/details?system=ping-mfa"},"timestamp":"2025-11-30T07:17:52.064Z"}
{"level":"info","message":{"auth":"[REDACTED]","method":"GET","msg":"request","timestamp":"2025-11-30T07:18:36.211Z","url":"/api/ops-failures?system=ping-federate&minutes=10"},"timestamp":"2025-11-30T07:18:36.211Z"}
{"level":"info","message":{"auth":"[REDACTED]","method":"GET","msg":"request","timestamp":"2025-11-30T07:18:36.349Z","url":"/api/ops-failures?system=ping-federate&minutes=10"},"timestamp":"2025-11-30T07:18:36.349Z"}
{"level":"info","message":{"auth":"[REDACTED]","method":"GET","msg":"request","timestamp":"2025-11-30T07:18:36.440Z","url":"/api/ops-failures?system=ping-mfa&minutes=10"},"timestamp":"2025-11-30T07:18:36.440Z"}
{"level":"info","message":{"auth":"[REDACTED]","method":"GET","msg":"request","timestamp":"2025-11-30T07:18:36.484Z","url":"/api/ops-failures?system=ping-mfa&minutes=10"},"timestamp":"2025-11-30T07:18:36.484Z"}
{"level":"info","message":{"auth":"[REDACTED]","method":"GET","msg":"request","timestamp":"2025-11-30T07:19:19.176Z","url":"/api/search-employee/u1019/details?system=ping-mfa"},"timestamp":"2025-11-30T07:19:19.176Z"}
{"level":"info","message":{"auth":"[REDACTED]","method":"GET","msg":"request","timestamp":"2025-11-30T07:19:34.112Z","url":"/api/all-users"},"timestamp":"2025-11-30T07:19:34.112Z"}
{"level":"info","message":{"auth":"[REDACTED]","method":"GET","msg":"request","timestamp":"2025-11-30T07:19:34.185Z","url":"/api/search-employee/sam.wilson%40company.com/details?system=ping-directory"},"timestamp":"2025-11-30T07:19:34.185Z"}
{"level":"info","message":{"auth":"[REDACTED]","method":"GET","msg":"request","timestamp":"2025-11-30T07:19:34.190Z","url":"/api/search-employee/u1019/details?system=ping-directory"},"timestamp":"2025-11-30T07:19:34.190Z"}
{"level":"info","message":{"auth":"[REDACTED]","method":"GET","msg":"request","timestamp":"2025-11-30T07:19:34.197Z","url":"/api/search-employee/SAM.WILSON%40COMPANY.COM/details?system=ping-directory"},"timestamp":"2025-11-30T07:19:34.197Z"}
{"level":"info","message":{"auth":"[REDACTED]","method":"GET","msg":"request","timestamp":"2025-11-30T07:19:34.219Z","url":"/api/search-employee/U1019/details?system=ping-directory"},"timestamp":"2025-11-30T07:19:34.219Z"}
{"level":"info","message":{"auth":"[REDACTED]","method":"GET","msg":"request","timestamp":"2025-11-30T07:19:34.241Z","url":"/api/search-employee/sam.wilson%40company.com/details?system=ping-mfa"},"timestamp":"2025-11-30T07:19:34.241Z"}
{"level":"info","message":{"auth":"[REDACTED]","method":"GET","msg":"request","timestamp":"2025-11-30T07:19:34.251Z","url":"/api/search-employee/u1019/details?system=ping-mfa"},"timestamp":"2025-11-30T07:19:34.251Z"}
{"level":"info","message":{"auth":"[REDACTED]","method":"GET","msg":"request","timestamp":"2025-11-30T07:19:34.257Z","url":"/api/search-employee/SAM.WILSON%40COMPANY.COM/details?system=ping-mfa"},"timestamp":"2025-11-30T07:19:34.257Z"}
{"level":"info","message":{"auth":"[REDACTED]","method":"GET","msg":"request","timestamp":"2025-11-30T07:19:34.268Z","url":"/api/search-employee/U1019/details?system=ping-mfa"},"timestamp":"2025-11-30T07:19:34.268Z"}
{"level":"info","message":{"auth":"[REDACTED]","method":"GET","msg":"request","timestamp":"2025-11-30T07:19:39.148Z","url":"/api/all-users"},"timestamp":"2025-11-30T07:19:39.148Z"}
{"level":"info","message":{"auth":"[REDACTED]","method":"GET","msg":"request","timestamp":"2025-11-30T07:19:39.209Z","url":"/api/search-employee/sam.wilson%40company.com/details?system=ping-directory"},"timestamp":"2025-11-30T07:19:39.209Z"}
{"level":"info","message":{"auth":"[REDACTED]","method":"GET","msg":"request","timestamp":"2025-11-30T07:19:39.216Z","url":"/api/search-employee/u1019/details?system=ping-directory"},"timestamp":"2025-11-30T07:19:39.216Z"}
{"level":"info","message":{"auth":"[REDACTED]","method":"GET","msg":"request","timestamp":"2025-11-30T07:19:39.221Z","url":"/api/search-employee/SAM.WILSON%40COMPANY.COM/details?system=ping-directory"},"timestamp":"2025-11-30T07:19:39.221Z"}
{"level":"info","message":{"auth":"[REDACTED]","method":"GET","msg":"request","timestamp":"2025-11-30T07:19:39.228Z","url":"/api/search-employee/U1019/details?system=ping-directory"},"timestamp":"2025-11-30T07:19:39.228Z"}
{"level":"info","message":{"auth":"[REDACTED]","method":"GET","msg":"request","timestamp":"2025-11-30T07:19:39.235Z","url":"/api/search-employee/sam.wilson%40company.com/details?system=ping-mfa"},"timestamp":"2025-11-30T07:19:39.235Z"}
{"level":"info","message":{"auth":"[REDACTED]","method":"GET","msg":"request","timestamp":"2025-11-30T07:19:39.239Z","url":"/api/search-employee/u1019/details?system=ping-mfa"},"timestamp":"2025-11-30T07:19:39.239Z"}
{"level":"info","message":{"auth":"[REDACTED]","method":"GET","msg":"request","timestamp":"2025-11-30T07:19:39.246Z","url":"/api/search-employee/SAM.WILSON%40COMPANY.COM/details?system=ping-mfa"},"timestamp":"2025-11-30T07:19:39.246Z"}
{"level":"info","message":{"auth":"[REDACTED]","method":"GET","msg":"request","timestamp":"2025-11-30T07:19:39.251Z","url":"/api/search-employee/U1019/details?system=ping-mfa"},"timestamp":"2025-11-30T07:19:39.251Z"}
{"level":"info","message":{"auth":"[REDACTED]","method":"GET","msg":"request","timestamp":"2025-11-30T07:24:28.138Z","url":"/api/search-employee/u1019/details?system=ping-mfa"},"timestamp":"2025-11-30T07:24:28.138Z"}
{"level":"info","message":{"auth":"[REDACTED]","method":"GET","msg":"request","timestamp":"2025-11-30T07:26:32.424Z","url":"/api/ops-failures?system=ping-federate&minutes=10"},"timestamp":"2025-11-30T07:26:32.424Z"}
{"level":"info","message":{"auth":"[REDACTED]","method":"GET","msg":"request","timestamp":"2025-11-30T07:26:32.441Z","url":"/api/ops-failures?system=ping-mfa&minutes=10"},"timestamp":"2025-11-30T07:26:32.441Z"}
{"level":"info","message":{"auth":"[REDACTED]","method":"GET","msg":"request","timestamp":"2025-11-30T07:26:32.459Z","url":"/api/ops-failures?system=ping-mfa&minutes=10"},"timestamp":"2025-11-30T07:26:32.459Z"}
{"level":"info","message":{"auth":"[REDACTED]","method":"GET","msg":"request","timestamp":"2025-11-30T07:26:32.472Z","url":"/api/ops-failures?system=ping-federate&minutes=10"},"timestamp":"2025-11-30T07:26:32.472Z"}
{"level":"info","message":{"auth":"[REDACTED]","method":"GET","msg":"request","timestamp":"2025-11-30T07:26:39.131Z","url":"/api/search-employee/u1009/details?system=ping-directory"},"timestamp":"2025-11-30T07:26:39.131Z"}
{"level":"info","message":{"auth":"[REDACTED]","method":"GET","msg":"request","timestamp":"2025-11-30T07:27:03.773Z","url":"/api/search-employee/u1009/details?system=ping-directory"},"timestamp":"2025-11-30T07:27:03.773Z"}
{"level":"info","message":{"auth":"[REDACTED]","method":"GET","msg":"request","timestamp":"2025-11-30T07:28:26.036Z","url":"/api/all-users"},"timestamp":"2025-11-30T07:28:26.036Z"}
{"level":"info","message":{"auth":"[REDACTED]","method":"GET","msg":"request","timestamp":"2025-11-30T07:28:26.116Z","url":"/api/search-employee/ian.chen%40company.com/details?system=ping-directory"},"timestamp":"2025-11-30T07:28:26.116Z"}
{"level":"info","message":{"auth":"[REDACTED]","method":"GET","msg":"request","timestamp":"2025-11-30T07:28:26.128Z","url":"/api/search-employee/u1009/details?system=ping-directory"},"timestamp":"2025-11-30T07:28:26.128Z"}
{"level":"info","message":{"auth":"[REDACTED]","method":"GET","msg":"request","timestamp":"2025-11-30T07:28:26.136Z","url":"/api/search-employee/IAN.CHEN%40COMPANY.COM/details?system=ping-directory"},"timestamp":"2025-11-30T07:28:26.136Z"}
{"level":"info","message":{"auth":"[REDACTED]","method":"GET","msg":"request","timestamp":"2025-11-30T07:28:26.143Z","url":"/api/search-employee/U1009/details?system=ping-directory"},"timestamp":"2025-11-30T07:28:26.143Z"}
{"level":"info","message":{"auth":"[REDACTED]","method":"GET","msg":"request","timestamp":"2025-11-30T07:28:26.150Z","url":"/api/search-employee/ian.chen%40company.com/details?system=ping-mfa"},"timestamp":"2025-11-30T07:28:26.150Z"}
{"level":"info","message":{"auth":"[REDACTED]","method":"GET","msg":"request","timestamp":"2025-11-30T07:28:26.155Z","url":"/api/search-employee/u1009/details?system=ping-mfa"},"timestamp":"2025-11-30T07:28:26.155Z"}
{"level":"info","message":{"auth":"[REDACTED]","method":"GET","msg":"request","timestamp":"2025-11-30T07:28:26.164Z","url":"/api/search-employee/IAN.CHEN%40COMPANY.COM/details?system=ping-mfa"},"timestamp":"2025-11-30T07:28:26.164Z"}
{"level":"info","message":{"auth":"[REDACTED]","method":"GET","msg":"request","timestamp":"2025-11-30T07:28:26.169Z","url":"/api/search-employee/U1009/details?system=ping-mfa"},"timestamp":"2025-11-30T07:28:26.169Z"}
{"level":"info","message":{"auth":"[REDACTED]","method":"GET","msg":"request","timestamp":"2025-11-30T07:28:36.864Z","url":"/api/search-employee/u1009/details?system=ping-directory"},"timestamp":"2025-11-30T07:28:36.864Z"}
{"level":"info","message":{"auth":"[REDACTED]","method":"GET","msg":"request","timestamp":"2025-11-30T07:28:42.380Z","url":"/api/ops-failures?system=ping-federate&minutes=10"},"timestamp":"2025-11-30T07:28:42.380Z"}
{"level":"info","message":{"auth":"[REDACTED]","method":"GET","msg":"request","timestamp":"2025-11-30T07:28:42.396Z","url":"/api/ops-failures?system=ping-mfa&minutes=10"},"timestamp":"2025-11-30T07:28:42.396Z"}
{"level":"info","message":{"auth":"[REDACTED]","method":"GET","msg":"request","timestamp":"2025-11-30T07:28:42.411Z","url":"/api/ops-failures?system=ping-mfa&minutes=10"},"timestamp":"2025-11-30T07:28:42.411Z"}
{"level":"info","message":{"auth":"[REDACTED]","method":"GET","msg":"request","timestamp":"2025-11-30T07:28:42.442Z","url":"/api/ops-failures?system=ping-federate&minutes=10"},"timestamp":"2025-11-30T07:28:42.442Z"}
{"level":"info","message":{"auth":"[REDACTED]","method":"GET","msg":"request","timestamp":"2025-11-30T07:28:49.477Z","url":"/api/search-employee/u1009/details?system=ping-directory"},"timestamp":"2025-11-30T07:28:49.477Z"}
{"level":"info","message":{"auth":"[REDACTED]","method":"GET","msg":"request","timestamp":"2025-11-30T07:29:32.081Z","url":"/api/search-employee/u1009/details?system=ping-mfa"},"timestamp":"2025-11-30T07:29:32.081Z"}
{"level":"info","message":{"auth":"[REDACTED]","method":"GET","msg":"request","timestamp":"2025-11-30T07:29:54.735Z","url":"/api/all-users"},"timestamp":"2025-11-30T07:29:54.735Z"}
{"level":"info","message":{"auth":"[REDACTED]","method":"GET","msg":"request","timestamp":"2025-11-30T07:29:54.811Z","url":"/api/search-employee/ian.chen%40company.com/details?system=ping-directory"},"timestamp":"2025-11-30T07:29:54.811Z"}
{"level":"info","message":{"auth":"[REDACTED]","method":"GET","msg":"request","timestamp":"2025-11-30T07:29:54.821Z","url":"/api/search-employee/u1009/details?system=ping-directory"},"timestamp":"2025-11-30T07:29:54.821Z"}
{"level":"info","message":{"auth":"[REDACTED]","method":"GET","msg":"request","timestamp":"2025-11-30T07:29:54.826Z","url":"/api/search-employee/IAN.CHEN%40COMPANY.COM/details?system=ping-directory"},"timestamp":"2025-11-30T07:29:54.826Z"}
{"level":"info","message":{"auth":"[REDACTED]","method":"GET","msg":"request","timestamp":"2025-11-30T07:29:54.833Z","url":"/api/search-employee/U1009/details?system=ping-directory"},"timestamp":"2025-11-30T07:29:54.833Z"}
{"level":"info","message":{"auth":"[REDACTED]","method":"GET","msg":"request","timestamp":"2025-11-30T07:29:54.839Z","url":"/api/search-employee/ian.chen%40company.com/details?system=ping-mfa"},"timestamp":"2025-11-30T07:29:54.839Z"}
{"level":"info","message":{"auth":"[REDACTED]","method":"GET","msg":"request","timestamp":"2025-11-30T07:29:54.845Z","url":"/api/search-employee/u1009/details?system=ping-mfa"},"timestamp":"2025-11-30T07:29:54.846Z"}
{"level":"info","message":{"auth":"[REDACTED]","method":"GET","msg":"request","timestamp":"2025-11-30T07:29:54.855Z","url":"/api/search-employee/IAN.CHEN%40COMPANY.COM/details?system=ping-mfa"},"timestamp":"2025-11-30T07:29:54.855Z"}
{"level":"info","message":{"auth":"[REDACTED]","method":"GET","msg":"request","timestamp":"2025-11-30T07:29:54.860Z","url":"/api/search-employee/U1009/details?system=ping-mfa"},"timestamp":"2025-11-30T07:29:54.860Z"}
{"level":"info","message":{"auth":"[REDACTED]","method":"GET","msg":"request","timestamp":"2025-11-30T07:31:29.816Z","url":"/api/search-employee/u1009/details?system=ping-mfa"},"timestamp":"2025-11-30T07:31:29.816Z"}
{"level":"info","message":{"auth":"[REDACTED]","method":"GET","msg":"request","timestamp":"2025-11-30T07:35:24.379Z","url":"/api/ops-failures?system=ping-federate&minutes=10"},"timestamp":"2025-11-30T07:35:24.379Z"}
{"level":"info","message":{"auth":"[REDACTED]","method":"GET","msg":"request","timestamp":"2025-11-30T07:35:24.401Z","url":"/api/ops-failures?system=ping-federate&minutes=10"},"timestamp":"2025-11-30T07:35:24.401Z"}
{"level":"info","message":{"auth":"[REDACTED]","method":"GET","msg":"request","timestamp":"2025-11-30T07:35:24.412Z","url":"/api/ops-failures?system=ping-mfa&minutes=10"},"timestamp":"2025-11-30T07:35:24.412Z"}
{"level":"info","message":{"auth":"[REDACTED]","method":"GET","msg":"request","timestamp":"2025-11-30T07:35:24.421Z","url":"/api/ops-failures?system=ping-mfa&minutes=10"},"timestamp":"2025-11-30T07:35:24.421Z"}
{"level":"info","message":{"auth":"[REDACTED]","method":"GET","msg":"request","timestamp":"2025-11-30T07:35:31.554Z","url":"/api/search-employee/u1009/details?system=ping-directory"},"timestamp":"2025-11-30T07:35:31.554Z"}
{"level":"info","message":{"auth":"[REDACTED]","method":"GET","msg":"request","timestamp":"2025-11-30T07:36:40.143Z","url":"/api/ops-failures?system=ping-federate&minutes=10"},"timestamp":"2025-11-30T07:36:40.143Z"}
{"level":"info","message":{"auth":"[REDACTED]","method":"GET","msg":"request","timestamp":"2025-11-30T07:36:40.147Z","url":"/api/ops-failures?system=ping-mfa&minutes=10"},"timestamp":"2025-11-30T07:36:40.147Z"}
{"level":"info","message":{"auth":"[REDACTED]","method":"GET","msg":"request","timestamp":"2025-11-30T07:36:40.192Z","url":"/api/ops-failures?system=ping-federate&minutes=10"},"timestamp":"2025-11-30T07:36:40.192Z"}
{"level":"info","message":{"auth":"[REDACTED]","method":"GET","msg":"request","timestamp":"2025-11-30T07:36:40.198Z","url":"/api/ops-failures?system=ping-mfa&minutes=10"},"timestamp":"2025-11-30T07:36:40.198Z"}
{"level":"info","message":{"auth":"[REDACTED]","method":"GET","msg":"request","timestamp":"2025-11-30T07:38:13.044Z","url":"/api/ops-failures?system=ping-federate&minutes=10"},"timestamp":"2025-11-30T07:38:13.045Z"}
{"level":"info","message":{"auth":"[REDACTED]","method":"GET","msg":"request","timestamp":"2025-11-30T07:38:13.073Z","url":"/api/ops-failures?system=ping-mfa&minutes=10"},"timestamp":"2025-11-30T07:38:13.073Z"}
{"level":"info","message":{"auth":"[REDACTED]","method":"GET","msg":"request","timestamp":"2025-11-30T07:38:13.086Z","url":"/api/ops-failures?system=ping-federate&minutes=10"},"timestamp":"2025-11-30T07:38:13.086Z"}
{"level":"info","message":{"auth":"[REDACTED]","method":"GET","msg":"request","timestamp":"2025-11-30T07:38:13.097Z","url":"/api/ops-failures?system=ping-mfa&minutes=10"},"timestamp":"2025-11-30T07:38:13.097Z"}
{"level":"info","message":{"auth":"[REDACTED]","method":"GET","msg":"request","timestamp":"2025-11-30T07:38:19.242Z","url":"/api/search-employee/u1009/details?system=ping-directory"},"timestamp":"2025-11-30T07:38:19.242Z"}
{"level":"info","message":{"auth":"[REDACTED]","method":"GET","msg":"request","timestamp":"2025-11-30T07:42:19.830Z","url":"/api/ops-failures?system=ping-federate&minutes=10"},"timestamp":"2025-11-30T07:42:19.830Z"}
{"level":"info","message":{"auth":"[REDACTED]","method":"GET","msg":"request","timestamp":"2025-11-30T07:42:19.857Z","url":"/api/ops-failures?system=ping-mfa&minutes=10"},"timestamp":"2025-11-30T07:42:19.857Z"}
{"level":"info","message":{"auth":"[REDACTED]","method":"GET","msg":"request","timestamp":"2025-11-30T07:42:19.870Z","url":"/api/ops-failures?system=ping-federate&minutes=10"},"timestamp":"2025-11-30T07:42:19.870Z"}
{"level":"info","message":{"auth":"[REDACTED]","method":"GET","msg":"request","timestamp":"2025-11-30T07:42:20.071Z","url":"/api/ops-failures?system=ping-mfa&minutes=10"},"timestamp":"2025-11-30T07:42:20.071Z"}
{"level":"info","message":{"auth":"[REDACTED]","method":"GET","msg":"request","timestamp":"2025-11-30T07:43:32.127Z","url":"/api/search-employee/u1009/details?system=ping-directory"},"timestamp":"2025-11-30T07:43:32.127Z"}
{"level":"info","message":{"auth":"[REDACTED]","method":"GET","msg":"request","timestamp":"2025-11-30T07:43:38.753Z","url":"/api/search-employee/u1009/details?system=ping-mfa"},"timestamp":"2025-11-30T07:43:38.753Z"}
{"level":"info","message":{"auth":"[REDACTED]","method":"GET","msg":"request","timestamp":"2025-11-30T07:43:48.555Z","url":"/api/all-users"},"timestamp":"2025-11-30T07:43:48.555Z"}
{"level":"info","message":{"auth":"[REDACTED]","method":"GET","msg":"request","timestamp":"2025-11-30T07:43:48.642Z","url":"/api/search-employee/ian.chen%40company.com/details?system=ping-directory"},"timestamp":"2025-11-30T07:43:48.642Z"}
{"level":"info","message":{"auth":"[REDACTED]","method":"GET","msg":"request","timestamp":"2025-11-30T07:43:48.659Z","url":"/api/search-employee/u1009/details?system=ping-directory"},"timestamp":"2025-11-30T07:43:48.659Z"}
{"level":"info","message":{"auth":"[REDACTED]","method":"GET","msg":"request","timestamp":"2025-11-30T07:43:48.666Z","url":"/api/search-employee/IAN.CHEN%40COMPANY.COM/details?system=ping-directory"},"timestamp":"2025-11-30T07:43:48.666Z"}
{"level":"info","message":{"auth":"[REDACTED]","method":"GET","msg":"request","timestamp":"2025-11-30T07:43:48.673Z","url":"/api/search-employee/U1009/details?system=ping-directory"},"timestamp":"2025-11-30T07:43:48.673Z"}
{"level":"info","message":{"auth":"[REDACTED]","method":"GET","msg":"request","timestamp":"2025-11-30T07:43:48.713Z","url":"/api/search-employee/ian.chen%40company.com/details?system=ping-mfa"},"timestamp":"2025-11-30T07:43:48.713Z"}
{"level":"info","message":{"auth":"[REDACTED]","method":"GET","msg":"request","timestamp":"2025-11-30T07:43:48.784Z","url":"/api/search-employee/u1009/details?system=ping-mfa"},"timestamp":"2025-11-30T07:43:48.784Z"}
{"level":"info","message":{"auth":"[REDACTED]","method":"GET","msg":"request","timestamp":"2025-11-30T07:43:48.805Z","url":"/api/search-employee/IAN.CHEN%40COMPANY.COM/details?system=ping-mfa"},"timestamp":"2025-11-30T07:43:48.805Z"}
{"level":"info","message":{"auth":"[REDACTED]","method":"GET","msg":"request","timestamp":"2025-11-30T07:43:48.831Z","url":"/api/search-employee/U1009/details?system=ping-mfa"},"timestamp":"2025-11-30T07:43:48.831Z"}
{"level":"info","message":{"auth":"[REDACTED]","method":"GET","msg":"request","timestamp":"2025-11-30T07:46:04.358Z","url":"/api/ops-failures?system=ping-federate&minutes=10"},"timestamp":"2025-11-30T07:46:04.358Z"}
{"level":"info","message":{"auth":"[REDACTED]","method":"GET","msg":"request","timestamp":"2025-11-30T07:46:04.395Z","url":"/api/ops-failures?system=ping-mfa&minutes=10"},"timestamp":"2025-11-30T07:46:04.395Z"}
{"level":"info","message":{"auth":"[REDACTED]","method":"GET","msg":"request","timestamp":"2025-11-30T07:46:04.412Z","url":"/api/ops-failures?system=ping-federate&minutes=10"},"timestamp":"2025-11-30T07:46:04.412Z"}
{"level":"info","message":{"auth":"[REDACTED]","method":"GET","msg":"request","timestamp":"2025-11-30T07:46:04.423Z","url":"/api/ops-failures?system=ping-mfa&minutes=10"},"timestamp":"2025-11-30T07:46:04.423Z"}
{"level":"info","message":{"auth":"[REDACTED]","method":"GET","msg":"request","timestamp":"2025-11-30T07:46:12.463Z","url":"/api/all-users"},"timestamp":"2025-11-30T07:46:12.463Z"}
{"level":"info","message":{"auth":"[REDACTED]","method":"GET","msg":"request","timestamp":"2025-11-30T07:46:12.566Z","url":"/api/search-employee/dana.lee%40company.com/details?system=ping-directory"},"timestamp":"2025-11-30T07:46:12.566Z"}
{"level":"info","message":{"auth":"[REDACTED]","method":"GET","msg":"request","timestamp":"2025-11-30T07:46:12.579Z","url":"/api/search-employee/u1004/details?system=ping-directory"},"timestamp":"2025-11-30T07:46:12.579Z"}
{"level":"info","message":{"auth":"[REDACTED]","method":"GET","msg":"request","timestamp":"2025-11-30T07:46:12.588Z","url":"/api/search-employee/DANA.LEE%40COMPANY.COM/details?system=ping-directory"},"timestamp":"2025-11-30T07:46:12.588Z"}
{"level":"info","message":{"auth":"[REDACTED]","method":"GET","msg":"request","timestamp":"2025-11-30T07:46:12.594Z","url":"/api/search-employee/U1004/details?system=ping-directory"},"timestamp":"2025-11-30T07:46:12.594Z"}
{"level":"info","message":{"auth":"[REDACTED]","method":"GET","msg":"request","timestamp":"2025-11-30T07:46:12.613Z","url":"/api/search-employee/dana.lee%40company.com/details?system=ping-mfa"},"timestamp":"2025-11-30T07:46:12.613Z"}
{"level":"info","message":{"auth":"[REDACTED]","method":"GET","msg":"request","timestamp":"2025-11-30T07:46:12.624Z","url":"/api/search-employee/u1004/details?system=ping-mfa"},"timestamp":"2025-11-30T07:46:12.624Z"}
{"level":"info","message":{"auth":"[REDACTED]","method":"GET","msg":"request","timestamp":"2025-11-30T07:46:12.631Z","url":"/api/search-employee/DANA.LEE%40COMPANY.COM/details?system=ping-mfa"},"timestamp":"2025-11-30T07:46:12.631Z"}
{"level":"info","message":{"auth":"[REDACTED]","method":"GET","msg":"request","timestamp":"2025-11-30T07:46:12.641Z","url":"/api/search-employee/U1004/details?system=ping-mfa"},"timestamp":"2025-11-30T07:46:12.641Z"}
{"level":"info","message":{"auth":"[REDACTED]","method":"GET","msg":"request","timestamp":"2025-11-30T07:47:17.743Z","url":"/api/search-employee/u1004/details?system=ping-directory"},"timestamp":"2025-11-30T07:47:17.743Z"}
{"level":"info","message":{"auth":"[REDACTED]","method":"GET","msg":"request","timestamp":"2025-11-30T07:49:53.650Z","url":"/api/ops-failures?system=ping-federate&minutes=10"},"timestamp":"2025-11-30T07:49:53.650Z"}
{"level":"info","message":{"auth":"[REDACTED]","method":"GET","msg":"request","timestamp":"2025-11-30T07:49:53.656Z","url":"/api/ops-failures?system=ping-mfa&minutes=10"},"timestamp":"2025-11-30T07:49:53.656Z"}
{"level":"info","message":{"auth":"[REDACTED]","method":"GET","msg":"request","timestamp":"2025-11-30T07:49:53.683Z","url":"/api/ops-failures?system=ping-federate&minutes=10"},"timestamp":"2025-11-30T07:49:53.683Z"}
{"level":"info","message":{"auth":"[REDACTED]","method":"GET","msg":"request","timestamp":"2025-11-30T07:49:53.729Z","url":"/api/ops-failures?system=ping-mfa&minutes=10"},"timestamp":"2025-11-30T07:49:53.729Z"}
{"level":"info","message":{"auth":"[REDACTED]","method":"GET","msg":"request","timestamp":"2025-11-30T07:50:00.003Z","url":"/api/search-employee/u1009/details?system=ping-directory"},"timestamp":"2025-11-30T07:50:00.003Z"}
{"level":"info","message":{"auth":"[REDACTED]","method":"GET","msg":"request","timestamp":"2025-11-30T07:50:29.542Z","url":"/api/search-employee/u1009/details?system=ping-mfa"},"timestamp":"2025-11-30T07:50:29.542Z"}
{"level":"info","message":{"auth":"[REDACTED]","method":"GET","msg":"request","timestamp":"2025-11-30T07:50:37.556Z","url":"/api/all-users"},"timestamp":"2025-11-30T07:50:37.556Z"}
{"level":"info","message":{"auth":"[REDACTED]","method":"GET","msg":"request","timestamp":"2025-11-30T07:50:37.618Z","url":"/api/search-employee/ian.chen%40company.com/details?system=ping-directory"},"timestamp":"2025-11-30T07:50:37.618Z"}
{"level":"info","message":{"auth":"[REDACTED]","method":"GET","msg":"request","timestamp":"2025-11-30T07:50:37.625Z","url":"/api/search-employee/u1009/details?system=ping-directory"},"timestamp":"2025-11-30T07:50:37.625Z"}
{"level":"info","message":{"auth":"[REDACTED]","method":"GET","msg":"request","timestamp":"2025-11-30T07:50:37.631Z","url":"/api/search-employee/IAN.CHEN%40COMPANY.COM/details?system=ping-directory"},"timestamp":"2025-11-30T07:50:37.631Z"}
{"level":"info","message":{"auth":"[REDACTED]","method":"GET","msg":"request","timestamp":"2025-11-30T07:50:37.636Z","url":"/api/search-employee/U1009/details?system=ping-directory"},"timestamp":"2025-11-30T07:50:37.636Z"}
{"level":"info","message":{"auth":"[REDACTED]","method":"GET","msg":"request","timestamp":"2025-11-30T07:50:37.644Z","url":"/api/search-employee/ian.chen%40company.com/details?system=ping-mfa"},"timestamp":"2025-11-30T07:50:37.644Z"}
{"level":"info","message":{"auth":"[REDACTED]","method":"GET","msg":"request","timestamp":"2025-11-30T07:50:37.651Z","url":"/api/search-employee/u1009/details?system=ping-mfa"},"timestamp":"2025-11-30T07:50:37.651Z"}
{"level":"info","message":{"auth":"[REDACTED]","method":"GET","msg":"request","timestamp":"2025-11-30T07:50:37.658Z","url":"/api/search-employee/IAN.CHEN%40COMPANY.COM/details?system=ping-mfa"},"timestamp":"2025-11-30T07:50:37.658Z"}
{"level":"info","message":{"auth":"[REDACTED]","method":"GET","msg":"request","timestamp":"2025-11-30T07:50:37.665Z","url":"/api/search-employee/U1009/details?system=ping-mfa"},"timestamp":"2025-11-30T07:50:37.665Z"}
{"level":"info","message":{"auth":"[REDACTED]","method":"GET","msg":"request","timestamp":"2025-11-30T07:52:35.402Z","url":"/api/all-users"},"timestamp":"2025-11-30T07:52:35.402Z"}
{"level":"info","message":{"auth":"[REDACTED]","method":"GET","msg":"request","timestamp":"2025-11-30T07:52:35.492Z","url":"/api/search-employee/ian.chen%40company.com/details?system=ping-directory"},"timestamp":"2025-11-30T07:52:35.492Z"}
{"level":"info","message":{"auth":"[REDACTED]","method":"GET","msg":"request","timestamp":"2025-11-30T07:52:35.521Z","url":"/api/search-employee/u1009/details?system=ping-directory"},"timestamp":"2025-11-30T07:52:35.521Z"}
{"level":"info","message":{"auth":"[REDACTED]","method":"GET","msg":"request","timestamp":"2025-11-30T07:52:35.528Z","url":"/api/search-employee/IAN.CHEN%40COMPANY.COM/details?system=ping-directory"},"timestamp":"2025-11-30T07:52:35.528Z"}
{"level":"info","message":{"auth":"[REDACTED]","method":"GET","msg":"request","timestamp":"2025-11-30T07:52:35.535Z","url":"/api/search-employee/U1009/details?system=ping-directory"},"timestamp":"2025-11-30T07:52:35.535Z"}
{"level":"info","message":{"auth":"[REDACTED]","method":"GET","msg":"request","timestamp":"2025-11-30T07:52:35.541Z","url":"/api/search-employee/ian.chen%40company.com/details?system=ping-mfa"},"timestamp":"2025-11-30T07:52:35.541Z"}
{"level":"info","message":{"auth":"[REDACTED]","method":"GET","msg":"request","timestamp":"2025-11-30T07:52:35.556Z","url":"/api/search-employee/u1009/details?system=ping-mfa"},"timestamp":"2025-11-30T07:52:35.556Z"}
{"level":"info","message":{"auth":"[REDACTED]","method":"GET","msg":"request","timestamp":"2025-11-30T07:52:35.574Z","url":"/api/search-employee/IAN.CHEN%40COMPANY.COM/details?system=ping-mfa"},"timestamp":"2025-11-30T07:52:35.574Z"}
{"level":"info","message":{"auth":"[REDACTED]","method":"GET","msg":"request","timestamp":"2025-11-30T07:52:35.599Z","url":"/api/search-employee/U1009/details?system=ping-mfa"},"timestamp":"2025-11-30T07:52:35.599Z"}
{"level":"info","message":{"auth":"[REDACTED]","method":"GET","msg":"request","timestamp":"2025-11-30T07:52:38.972Z","url":"/api/all-users"},"timestamp":"2025-11-30T07:52:38.972Z"}
{"level":"info","message":{"auth":"[REDACTED]","method":"GET","msg":"request","timestamp":"2025-11-30T07:52:39.032Z","url":"/api/search-employee/ian.chen%40company.com/details?system=ping-directory"},"timestamp":"2025-11-30T07:52:39.032Z"}
{"level":"info","message":{"auth":"[REDACTED]","method":"GET","msg":"request","timestamp":"2025-11-30T07:52:39.037Z","url":"/api/search-employee/u1009/details?system=ping-directory"},"timestamp":"2025-11-30T07:52:39.037Z"}
{"level":"info","message":{"auth":"[REDACTED]","method":"GET","msg":"request","timestamp":"2025-11-30T07:52:39.042Z","url":"/api/search-employee/IAN.CHEN%40COMPANY.COM/details?system=ping-directory"},"timestamp":"2025-11-30T07:52:39.042Z"}
{"level":"info","message":{"auth":"[REDACTED]","method":"GET","msg":"request","timestamp":"2025-11-30T07:52:39.048Z","url":"/api/search-employee/U1009/details?system=ping-directory"},"timestamp":"2025-11-30T07:52:39.048Z"}
{"level":"info","message":{"auth":"[REDACTED]","method":"GET","msg":"request","timestamp":"2025-11-30T07:52:39.052Z","url":"/api/search-employee/ian.chen%40company.com/details?system=ping-mfa"},"timestamp":"2025-11-30T07:52:39.052Z"}
{"level":"info","message":{"auth":"[REDACTED]","method":"GET","msg":"request","timestamp":"2025-11-30T07:52:39.055Z","url":"/api/search-employee/u1009/details?system=ping-mfa"},"timestamp":"2025-11-30T07:52:39.055Z"}
{"level":"info","message":{"auth":"[REDACTED]","method":"GET","msg":"request","timestamp":"2025-11-30T07:52:39.058Z","url":"/api/search-employee/IAN.CHEN%40COMPANY.COM/details?system=ping-mfa"},"timestamp":"2025-11-30T07:52:39.058Z"}
{"level":"info","message":{"auth":"[REDACTED]","method":"GET","msg":"request","timestamp":"2025-11-30T07:52:39.067Z","url":"/api/search-employee/U1009/details?system=ping-mfa"},"timestamp":"2025-11-30T07:52:39.067Z"}
{"level":"info","message":{"auth":"[REDACTED]","method":"GET","msg":"request","timestamp":"2025-11-30T07:53:41.480Z","url":"/api/ops-failures?system=ping-mfa&minutes=10"},"timestamp":"2025-11-30T07:53:41.480Z"}
{"level":"info","message":{"auth":"[REDACTED]","method":"GET","msg":"request","timestamp":"2025-11-30T07:53:41.631Z","url":"/api/ops-failures?system=ping-mfa&minutes=10"},"timestamp":"2025-11-30T07:53:41.631Z"}
{"level":"info","message":{"auth":"[REDACTED]","method":"GET","msg":"request","timestamp":"2025-11-30T07:53:41.722Z","url":"/api/ops-failures?system=ping-federate&minutes=10"},"timestamp":"2025-11-30T07:53:41.722Z"}
{"level":"info","message":{"auth":"[REDACTED]","method":"GET","msg":"request","timestamp":"2025-11-30T07:53:41.773Z","url":"/api/ops-failures?system=ping-federate&minutes=10"},"timestamp":"2025-11-30T07:53:41.773Z"}
{"level":"info","message":{"auth":"[REDACTED]","method":"GET","msg":"request","timestamp":"2025-11-30T07:53:47.302Z","url":"/api/search-employee/u1009/details?system=ping-directory"},"timestamp":"2025-11-30T07:53:47.302Z"}
{"level":"info","message":{"auth":"[REDACTED]","method":"GET","msg":"request","timestamp":"2025-11-30T07:54:02.335Z","url":"/api/search-employee/u1009/details?system=ping-directory"},"timestamp":"2025-11-30T07:54:02.335Z"}
{"level":"info","message":{"auth":"[REDACTED]","method":"GET","msg":"request","timestamp":"2025-11-30T07:54:19.599Z","url":"/api/all-users"},"timestamp":"2025-11-30T07:54:19.599Z"}
{"level":"info","message":{"auth":"[REDACTED]","method":"GET","msg":"request","timestamp":"2025-11-30T07:54:19.681Z","url":"/api/search-employee/ian.chen%40company.com/details?system=ping-directory"},"timestamp":"2025-11-30T07:54:19.681Z"}
{"level":"info","message":{"auth":"[REDACTED]","method":"GET","msg":"request","timestamp":"2025-11-30T07:54:19.700Z","url":"/api/search-employee/u1009/details?system=ping-directory"},"timestamp":"2025-11-30T07:54:19.700Z"}
{"level":"info","message":{"auth":"[REDACTED]","method":"GET","msg":"request","timestamp":"2025-11-30T07:54:19.709Z","url":"/api/search-employee/IAN.CHEN%40COMPANY.COM/details?system=ping-directory"},"timestamp":"2025-11-30T07:54:19.709Z"}
{"level":"info","message":{"auth":"[REDACTED]","method":"GET","msg":"request","timestamp":"2025-11-30T07:54:19.714Z","url":"/api/search-employee/U1009/details?system=ping-directory"},"timestamp":"2025-11-30T07:54:19.714Z"}
{"level":"info","message":{"auth":"[REDACTED]","method":"GET","msg":"request","timestamp":"2025-11-30T07:54:19.723Z","url":"/api/search-employee/ian.chen%40company.com/details?system=ping-mfa"},"timestamp":"2025-11-30T07:54:19.723Z"}
{"level":"info","message":{"auth":"[REDACTED]","method":"GET","msg":"request","timestamp":"2025-11-30T07:54:19.729Z","url":"/api/search-employee/u1009/details?system=ping-mfa"},"timestamp":"2025-11-30T07:54:19.729Z"}
{"level":"info","message":{"auth":"[REDACTED]","method":"GET","msg":"request","timestamp":"2025-11-30T07:54:19.737Z","url":"/api/search-employee/IAN.CHEN%40COMPANY.COM/details?system=ping-mfa"},"timestamp":"2025-11-30T07:54:19.737Z"}
{"level":"info","message":{"auth":"[REDACTED]","method":"GET","msg":"request","timestamp":"2025-11-30T07:54:19.743Z","url":"/api/search-employee/U1009/details?system=ping-mfa"},"timestamp":"2025-11-30T07:54:19.743Z"}
{"level":"info","message":{"auth":"[REDACTED]","method":"GET","msg":"request","timestamp":"2025-11-30T07:54:33.879Z","url":"/api/search-employee/u1009/details?system=ping-directory"},"timestamp":"2025-11-30T07:54:33.879Z"}
{"level":"info","message":{"auth":"[REDACTED]","method":"GET","msg":"request","timestamp":"2025-11-30T07:56:06.086Z","url":"/api/search-employee/u1009/details?system=ping-directory"},"timestamp":"2025-11-30T07:56:06.086Z"}
{"level":"info","message":{"auth":"[REDACTED]","method":"GET","msg":"request","timestamp":"2025-11-30T07:58:37.288Z","url":"/api/ops-failures?system=ping-federate&minutes=10"},"timestamp":"2025-11-30T07:58:37.288Z"}
{"level":"info","message":{"auth":"[REDACTED]","method":"GET","msg":"request","timestamp":"2025-11-30T07:58:37.488Z","url":"/api/ops-failures?system=ping-federate&minutes=10"},"timestamp":"2025-11-30T07:58:37.488Z"}
{"level":"info","message":{"auth":"[REDACTED]","method":"GET","msg":"request","timestamp":"2025-11-30T07:58:37.506Z","url":"/api/ops-failures?system=ping-mfa&minutes=10"},"timestamp":"2025-11-30T07:58:37.506Z"}
{"level":"info","message":{"auth":"[REDACTED]","method":"GET","msg":"request","timestamp":"2025-11-30T07:58:37.580Z","url":"/api/ops-failures?system=ping-mfa&minutes=10"},"timestamp":"2025-11-30T07:58:37.580Z"}
{"level":"info","message":{"auth":"[REDACTED]","method":"GET","msg":"request","timestamp":"2025-11-30T07:59:14.155Z","url":"/api/search-employee/u1004/details?system=ping-directory"},"timestamp":"2025-11-30T07:59:14.155Z"}
{"level":"info","message":{"auth":"[REDACTED]","method":"GET","msg":"request","timestamp":"2025-11-30T08:01:26.543Z","url":"/api/search-employee/u1004/details?system=ping-directory"},"timestamp":"2025-11-30T08:01:26.543Z"}
{"level":"info","message":{"auth":"[REDACTED]","method":"GET","msg":"request","timestamp":"2025-11-30T08:07:29.875Z","url":"/api/ops-failures?system=ping-federate&minutes=10"},"timestamp":"2025-11-30T08:07:29.875Z"}
{"level":"info","message":{"auth":"[REDACTED]","method":"GET","msg":"request","timestamp":"2025-11-30T08:07:30.084Z","url":"/api/ops-failures?system=ping-mfa&minutes=10"},"timestamp":"2025-11-30T08:07:30.084Z"}
{"level":"info","message":{"auth":"[REDACTED]","method":"GET","msg":"request","timestamp":"2025-11-30T08:07:30.166Z","url":"/api/ops-failures?system=ping-federate&minutes=10"},"timestamp":"2025-11-30T08:07:30.166Z"}
{"level":"info","message":{"auth":"[REDACTED]","method":"GET","msg":"request","timestamp":"2025-11-30T08:07:30.172Z","url":"/api/ops-failures?system=ping-mfa&minutes=10"},"timestamp":"2025-11-30T08:07:30.172Z"}
{"level":"info","message":{"auth":"[REDACTED]","method":"GET","msg":"request","timestamp":"2025-11-30T08:07:40.912Z","url":"/api/search-employee/u1006/details?system=ping-directory"},"timestamp":"2025-11-30T08:07:40.912Z"}
{"level":"info","message":{"auth":"[REDACTED]","method":"GET","msg":"request","timestamp":"2025-11-30T08:08:02.888Z","url":"/api/search-employee/u1006/details?system=ping-mfa"},"timestamp":"2025-11-30T08:08:02.888Z"}
{"level":"info","message":{"auth":"[REDACTED]","method":"GET","msg":"request","timestamp":"2025-11-30T08:09:50.160Z","url":"/api/ops-failures?system=ping-federate&minutes=10"},"timestamp":"2025-11-30T08:09:50.160Z"}
{"level":"info","message":{"auth":"[REDACTED]","method":"GET","msg":"request","timestamp":"2025-11-30T08:09:50.164Z","url":"/api/ops-failures?system=ping-mfa&minutes=10"},"timestamp":"2025-11-30T08:09:50.164Z"}
{"level":"info","message":{"auth":"[REDACTED]","method":"GET","msg":"request","timestamp":"2025-11-30T08:58:04.906Z","url":"/api/ops-failures?system=ping-federate&minutes=10"},"timestamp":"2025-11-30T08:58:04.906Z"}
{"level":"info","message":{"auth":"[REDACTED]","method":"GET","msg":"request","timestamp":"2025-11-30T08:58:04.928Z","url":"/api/ops-failures?system=ping-mfa&minutes=10"},"timestamp":"2025-11-30T08:58:04.928Z"}
{"level":"info","message":{"auth":"[REDACTED]","method":"GET","msg":"request","timestamp":"2025-11-30T08:58:04.939Z","url":"/api/ops-failures?system=ping-federate&minutes=10"},"timestamp":"2025-11-30T08:58:04.940Z"}
{"level":"info","message":{"auth":"[REDACTED]","method":"GET","msg":"request","timestamp":"2025-11-30T08:58:04.950Z","url":"/api/ops-failures?system=ping-mfa&minutes=10"},"timestamp":"2025-11-30T08:58:04.950Z"}
{"level":"info","message":{"auth":"[REDACTED]","method":"GET","msg":"request","timestamp":"2025-11-30T09:03:38.992Z","url":"/api/all-users"},"timestamp":"2025-11-30T09:03:38.992Z"}
{"level":"info","message":{"auth":"[REDACTED]","method":"GET","msg":"request","timestamp":"2025-11-30T09:03:39.057Z","url":"/api/search-employee/ian.chen%40company.com/details?system=ping-directory"},"timestamp":"2025-11-30T09:03:39.057Z"}
{"level":"info","message":{"auth":"[REDACTED]","method":"GET","msg":"request","timestamp":"2025-11-30T09:03:39.064Z","url":"/api/search-employee/u1009/details?system=ping-directory"},"timestamp":"2025-11-30T09:03:39.064Z"}
{"level":"info","message":{"auth":"[REDACTED]","method":"GET","msg":"request","timestamp":"2025-11-30T09:03:39.070Z","url":"/api/search-employee/IAN.CHEN%40COMPANY.COM/details?system=ping-directory"},"timestamp":"2025-11-30T09:03:39.070Z"}
{"level":"info","message":{"auth":"[REDACTED]","method":"GET","msg":"request","timestamp":"2025-11-30T09:03:39.079Z","url":"/api/search-employee/U1009/details?system=ping-directory"},"timestamp":"2025-11-30T09:03:39.079Z"}
{"level":"info","message":{"auth":"[REDACTED]","method":"GET","msg":"request","timestamp":"2025-11-30T09:03:39.085Z","url":"/api/search-employee/ian.chen%40company.com/details?system=ping-mfa"},"timestamp":"2025-11-30T09:03:39.085Z"}
{"level":"info","message":{"auth":"[REDACTED]","method":"GET","msg":"request","timestamp":"2025-11-30T09:03:39.095Z","url":"/api/search-employee/u1009/details?system=ping-mfa"},"timestamp":"2025-11-30T09:03:39.095Z"}
{"level":"info","message":{"auth":"[REDACTED]","method":"GET","msg":"request","timestamp":"2025-11-30T09:03:39.101Z","url":"/api/search-employee/IAN.CHEN%40COMPANY.COM/details?system=ping-mfa"},"timestamp":"2025-11-30T09:03:39.101Z"}
{"level":"info","message":{"auth":"[REDACTED]","method":"GET","msg":"request","timestamp":"2025-11-30T09:03:39.107Z","url":"/api/search-employee/U1009/details?system=ping-mfa"},"timestamp":"2025-11-30T09:03:39.107Z"}
{"level":"info","message":{"auth":"[REDACTED]","method":"GET","msg":"request","timestamp":"2025-11-30T09:03:46.414Z","url":"/api/search-employee/u1009/details?system=ping-directory"},"timestamp":"2025-11-30T09:03:46.414Z"}
{"level":"info","message":{"auth":"[REDACTED]","method":"GET","msg":"request","timestamp":"2025-11-30T09:11:10.379Z","url":"/api/ops-failures?system=ping-federate&minutes=10"},"timestamp":"2025-11-30T09:11:10.379Z"}
{"level":"info","message":{"auth":"[REDACTED]","method":"GET","msg":"request","timestamp":"2025-11-30T09:11:10.387Z","url":"/api/ops-failures?system=ping-mfa&minutes=10"},"timestamp":"2025-11-30T09:11:10.387Z"}
{"level":"info","message":{"auth":"[REDACTED]","method":"GET","msg":"request","timestamp":"2025-11-30T09:11:10.410Z","url":"/api/ops-failures?system=ping-federate&minutes=10"},"timestamp":"2025-11-30T09:11:10.410Z"}
{"level":"info","message":{"auth":"[REDACTED]","method":"GET","msg":"request","timestamp":"2025-11-30T09:11:10.417Z","url":"/api/ops-failures?system=ping-mfa&minutes=10"},"timestamp":"2025-11-30T09:11:10.417Z"}
{"level":"info","message":{"auth":"[REDACTED]","method":"GET","msg":"request","timestamp":"2025-11-30T09:11:29.554Z","url":"/api/search-employee/u1007/details?system=ping-directory"},"timestamp":"2025-11-30T09:11:29.554Z"}
{"level":"info","message":{"auth":"[REDACTED]","method":"GET","msg":"request","timestamp":"2025-11-30T09:11:39.470Z","url":"/api/all-users"},"timestamp":"2025-11-30T09:11:39.470Z"}
{"level":"info","message":{"auth":"[REDACTED]","method":"GET","msg":"request","timestamp":"2025-11-30T09:11:39.530Z","url":"/api/search-employee/george.smith%40company.com/details?system=ping-directory"},"timestamp":"2025-11-30T09:11:39.530Z"}
{"level":"info","message":{"auth":"[REDACTED]","method":"GET","msg":"request","timestamp":"2025-11-30T09:11:39.536Z","url":"/api/search-employee/u1007/details?system=ping-directory"},"timestamp":"2025-11-30T09:11:39.536Z"}
{"level":"info","message":{"auth":"[REDACTED]","method":"GET","msg":"request","timestamp":"2025-11-30T09:11:39.542Z","url":"/api/search-employee/GEORGE.SMITH%40COMPANY.COM/details?system=ping-directory"},"timestamp":"2025-11-30T09:11:39.542Z"}
{"level":"info","message":{"auth":"[REDACTED]","method":"GET","msg":"request","timestamp":"2025-11-30T09:11:39.547Z","url":"/api/search-employee/U1007/details?system=ping-directory"},"timestamp":"2025-11-30T09:11:39.547Z"}
{"level":"info","message":{"auth":"[REDACTED]","method":"GET","msg":"request","timestamp":"2025-11-30T09:11:39.553Z","url":"/api/search-employee/george.smith%40company.com/details?system=ping-mfa"},"timestamp":"2025-11-30T09:11:39.553Z"}
{"level":"info","message":{"auth":"[REDACTED]","method":"GET","msg":"request","timestamp":"2025-11-30T09:11:39.560Z","url":"/api/search-employee/u1007/details?system=ping-mfa"},"timestamp":"2025-11-30T09:11:39.560Z"}
{"level":"info","message":{"auth":"[REDACTED]","method":"GET","msg":"request","timestamp":"2025-11-30T09:11:39.566Z","url":"/api/search-employee/GEORGE.SMITH%40COMPANY.COM/details?system=ping-mfa"},"timestamp":"2025-11-30T09:11:39.566Z"}
{"level":"info","message":{"auth":"[REDACTED]","method":"GET","msg":"request","timestamp":"2025-11-30T09:11:39.572Z","url":"/api/search-employee/U1007/details?system=ping-mfa"},"timestamp":"2025-11-30T09:11:39.572Z"}
{"level":"info","message":{"auth":"[REDACTED]","method":"GET","msg":"request","timestamp":"2025-11-30T09:11:44.869Z","url":"/api/all-users"},"timestamp":"2025-11-30T09:11:44.869Z"}
{"level":"info","message":{"auth":"[REDACTED]","method":"GET","msg":"request","timestamp":"2025-11-30T09:11:44.930Z","url":"/api/search-employee/george.smith%40company.com/details?system=ping-directory"},"timestamp":"2025-11-30T09:11:44.930Z"}
{"level":"info","message":{"auth":"[REDACTED]","method":"GET","msg":"request","timestamp":"2025-11-30T09:11:44.935Z","url":"/api/search-employee/u1007/details?system=ping-directory"},"timestamp":"2025-11-30T09:11:44.935Z"}
{"level":"info","message":{"auth":"[REDACTED]","method":"GET","msg":"request","timestamp":"2025-11-30T09:11:44.941Z","url":"/api/search-employee/GEORGE.SMITH%40COMPANY.COM/details?system=ping-directory"},"timestamp":"2025-11-30T09:11:44.941Z"}
{"level":"info","message":{"auth":"[REDACTED]","method":"GET","msg":"request","timestamp":"2025-11-30T09:11:44.946Z","url":"/api/search-employee/U1007/details?system=ping-directory"},"timestamp":"2025-11-30T09:11:44.946Z"}
{"level":"info","message":{"auth":"[REDACTED]","method":"GET","msg":"request","timestamp":"2025-11-30T09:11:44.951Z","url":"/api/search-employee/george.smith%40company.com/details?system=ping-mfa"},"timestamp":"2025-11-30T09:11:44.951Z"}
{"level":"info","message":{"auth":"[REDACTED]","method":"GET","msg":"request","timestamp":"2025-11-30T09:11:44.957Z","url":"/api/search-employee/u1007/details?system=ping-mfa"},"timestamp":"2025-11-30T09:11:44.957Z"}
{"level":"info","message":{"auth":"[REDACTED]","method":"GET","msg":"request","timestamp":"2025-11-30T09:11:44.964Z","url":"/api/search-employee/GEORGE.SMITH%40COMPANY.COM/details?system=ping-mfa"},"timestamp":"2025-11-30T09:11:44.964Z"}
{"level":"info","message":{"auth":"[REDACTED]","method":"GET","msg":"request","timestamp":"2025-11-30T09:11:44.971Z","url":"/api/search-employee/U1007/details?system=ping-mfa"},"timestamp":"2025-11-30T09:11:44.971Z"}
{"level":"info","message":{"auth":"[REDACTED]","method":"GET","msg":"request","timestamp":"2025-11-30T09:31:04.941Z","url":"/api/ops-failures?system=ping-federate&minutes=10"},"timestamp":"2025-11-30T09:31:04.941Z"}
{"level":"info","message":{"auth":"[REDACTED]","method":"GET","msg":"request","timestamp":"2025-11-30T09:31:04.949Z","url":"/api/ops-failures?system=ping-mfa&minutes=10"},"timestamp":"2025-11-30T09:31:04.949Z"}
{"level":"info","message":{"auth":"[REDACTED]","method":"GET","msg":"request","timestamp":"2025-11-30T09:31:04.998Z","url":"/api/ops-failures?system=ping-federate&minutes=10"},"timestamp":"2025-11-30T09:31:04.998Z"}
{"level":"info","message":{"auth":"[REDACTED]","method":"GET","msg":"request","timestamp":"2025-11-30T09:31:05.020Z","url":"/api/ops-failures?system=ping-mfa&minutes=10"},"timestamp":"2025-11-30T09:31:05.020Z"}
{"level":"info","message":{"auth":"[REDACTED]","method":"GET","msg":"request","timestamp":"2025-11-30T09:31:39.027Z","url":"/api/search-employee/u1011/details?system=ping-mfa"},"timestamp":"2025-11-30T09:31:39.027Z"}
{"level":"info","message":{"auth":"[REDACTED]","method":"GET","msg":"request","timestamp":"2025-11-30T09:34:20.972Z","url":"/api/ops-failures?system=ping-mfa&minutes=10"},"timestamp":"2025-11-30T09:34:20.972Z"}
{"level":"info","message":{"auth":"[REDACTED]","method":"GET","msg":"request","timestamp":"2025-11-30T09:34:21.208Z","url":"/api/ops-failures?system=ping-mfa&minutes=10"},"timestamp":"2025-11-30T09:34:21.208Z"}
{"level":"info","message":{"auth":"[REDACTED]","method":"GET","msg":"request","timestamp":"2025-11-30T09:34:21.299Z","url":"/api/ops-failures?system=ping-federate&minutes=10"},"timestamp":"2025-11-30T09:34:21.299Z"}
{"level":"info","message":{"auth":"[REDACTED]","method":"GET","msg":"request","timestamp":"2025-11-30T09:34:21.383Z","url":"/api/ops-failures?system=ping-federate&minutes=10"},"timestamp":"2025-11-30T09:34:21.383Z"}
{"level":"info","message":{"auth":"[REDACTED]","method":"GET","msg":"request","timestamp":"2025-11-30T09:35:18.002Z","url":"/api/ops-failures?system=ping-federate&minutes=10"},"timestamp":"2025-11-30T09:35:18.002Z"}
{"level":"info","message":{"auth":"[REDACTED]","method":"GET","msg":"request","timestamp":"2025-11-30T09:35:18.018Z","url":"/api/ops-failures?system=ping-mfa&minutes=10"},"timestamp":"2025-11-30T09:35:18.018Z"}
{"level":"info","message":{"auth":"[REDACTED]","method":"GET","msg":"request","timestamp":"2025-11-30T09:35:18.026Z","url":"/api/ops-failures?system=ping-federate&minutes=10"},"timestamp":"2025-11-30T09:35:18.026Z"}
{"level":"info","message":{"auth":"[REDACTED]","method":"GET","msg":"request","timestamp":"2025-11-30T09:35:18.037Z","url":"/api/ops-failures?system=ping-mfa&minutes=10"},"timestamp":"2025-11-30T09:35:18.037Z"}
{"level":"info","message":{"auth":"[REDACTED]","method":"GET","msg":"request","timestamp":"2025-11-30T09:38:33.857Z","url":"/api/search-employee/u1007/details?system=ping-directory"},"timestamp":"2025-11-30T09:38:33.857Z"}
{"level":"info","message":{"auth":"[REDACTED]","method":"GET","msg":"request","timestamp":"2025-11-30T09:38:38.434Z","url":"/api/all-users"},"timestamp":"2025-11-30T09:38:38.434Z"}
{"level":"info","message":{"auth":"[REDACTED]","method":"GET","msg":"request","timestamp":"2025-11-30T09:38:38.519Z","url":"/api/search-employee/george.smith%40company.com/details?system=ping-directory"},"timestamp":"2025-11-30T09:38:38.519Z"}
{"level":"info","message":{"auth":"[REDACTED]","method":"GET","msg":"request","timestamp":"2025-11-30T09:38:38.527Z","url":"/api/search-employee/u1007/details?system=ping-directory"},"timestamp":"2025-11-30T09:38:38.527Z"}
{"level":"info","message":{"auth":"[REDACTED]","method":"GET","msg":"request","timestamp":"2025-11-30T09:38:38.537Z","url":"/api/search-employee/GEORGE.SMITH%40COMPANY.COM/details?system=ping-directory"},"timestamp":"2025-11-30T09:38:38.537Z"}
{"level":"info","message":{"auth":"[REDACTED]","method":"GET","msg":"request","timestamp":"2025-11-30T09:38:38.541Z","url":"/api/search-employee/U1007/details?system=ping-directory"},"timestamp":"2025-11-30T09:38:38.541Z"}
{"level":"info","message":{"auth":"[REDACTED]","method":"GET","msg":"request","timestamp":"2025-11-30T09:38:38.550Z","url":"/api/search-employee/george.smith%40company.com/details?system=ping-mfa"},"timestamp":"2025-11-30T09:38:38.550Z"}
{"level":"info","message":{"auth":"[REDACTED]","method":"GET","msg":"request","timestamp":"2025-11-30T09:38:38.556Z","url":"/api/search-employee/u1007/details?system=ping-mfa"},"timestamp":"2025-11-30T09:38:38.556Z"}
{"level":"info","message":{"auth":"[REDACTED]","method":"GET","msg":"request","timestamp":"2025-11-30T09:38:38.560Z","url":"/api/search-employee/GEORGE.SMITH%40COMPANY.COM/details?system=ping-mfa"},"timestamp":"2025-11-30T09:38:38.560Z"}
{"level":"info","message":{"auth":"[REDACTED]","method":"GET","msg":"request","timestamp":"2025-11-30T09:38:38.570Z","url":"/api/search-employee/U1007/details?system=ping-mfa"},"timestamp":"2025-11-30T09:38:38.570Z"}
{"level":"info","message":{"auth":"[REDACTED]","method":"GET","msg":"request","timestamp":"2025-11-30T09:39:28.434Z","url":"/api/search-employee/u1007/details?system=ping-directory"},"timestamp":"2025-11-30T09:39:28.434Z"}
{"level":"info","message":{"auth":"[REDACTED]","method":"GET","msg":"request","timestamp":"2025-11-30T09:39:41.597Z","url":"/api/all-users"},"timestamp":"2025-11-30T09:39:41.597Z"}
{"level":"info","message":{"auth":"[REDACTED]","method":"GET","msg":"request","timestamp":"2025-11-30T09:39:41.663Z","url":"/api/search-employee/george.smith%40company.com/details?system=ping-directory"},"timestamp":"2025-11-30T09:39:41.663Z"}
{"level":"info","message":{"auth":"[REDACTED]","method":"GET","msg":"request","timestamp":"2025-11-30T09:39:41.669Z","url":"/api/search-employee/u1007/details?system=ping-directory"},"timestamp":"2025-11-30T09:39:41.669Z"}
{"level":"info","message":{"auth":"[REDACTED]","method":"GET","msg":"request","timestamp":"2025-11-30T09:39:41.680Z","url":"/api/search-employee/GEORGE.SMITH%40COMPANY.COM/details?system=ping-directory"},"timestamp":"2025-11-30T09:39:41.680Z"}
{"level":"info","message":{"auth":"[REDACTED]","method":"GET","msg":"request","timestamp":"2025-11-30T09:39:41.686Z","url":"/api/search-employee/U1007/details?system=ping-directory"},"timestamp":"2025-11-30T09:39:41.686Z"}
{"level":"info","message":{"auth":"[REDACTED]","method":"GET","msg":"request","timestamp":"2025-11-30T09:39:41.707Z","url":"/api/search-employee/george.smith%40company.com/details?system=ping-mfa"},"timestamp":"2025-11-30T09:39:41.707Z"}
{"level":"info","message":{"auth":"[REDACTED]","method":"GET","msg":"request","timestamp":"2025-11-30T09:39:41.716Z","url":"/api/search-employee/u1007/details?system=ping-mfa"},"timestamp":"2025-11-30T09:39:41.716Z"}
{"level":"info","message":{"auth":"[REDACTED]","method":"GET","msg":"request","timestamp":"2025-11-30T09:39:41.730Z","url":"/api/search-employee/GEORGE.SMITH%40COMPANY.COM/details?system=ping-mfa"},"timestamp":"2025-11-30T09:39:41.730Z"}
{"level":"info","message":{"auth":"[REDACTED]","method":"GET","msg":"request","timestamp":"2025-11-30T09:39:41.736Z","url":"/api/search-employee/U1007/details?system=ping-mfa"},"timestamp":"2025-11-30T09:39:41.736Z"}
{"level":"info","message":{"auth":"[REDACTED]","method":"GET","msg":"request","timestamp":"2025-11-30T09:40:26.920Z","url":"/api/ops-failures?system=ping-federate&minutes=10"},"timestamp":"2025-11-30T09:40:26.920Z"}
{"level":"info","message":{"auth":"[REDACTED]","method":"GET","msg":"request","timestamp":"2025-11-30T09:40:26.944Z","url":"/api/ops-failures?system=ping-federate&minutes=10"},"timestamp":"2025-11-30T09:40:26.944Z"}
{"level":"info","message":{"auth":"[REDACTED]","method":"GET","msg":"request","timestamp":"2025-11-30T09:40:26.956Z","url":"/api/ops-failures?system=ping-mfa&minutes=10"},"timestamp":"2025-11-30T09:40:26.956Z"}
{"level":"info","message":{"auth":"[REDACTED]","method":"GET","msg":"request","timestamp":"2025-11-30T09:40:26.980Z","url":"/api/ops-failures?system=ping-mfa&minutes=10"},"timestamp":"2025-11-30T09:40:26.980Z"}
{"level":"info","message":{"auth":"[REDACTED]","method":"GET","msg":"request","timestamp":"2025-11-30T10:01:21.960Z","url":"/api/ops-failures?system=ping-federate&minutes=10"},"timestamp":"2025-11-30T10:01:21.960Z"}
{"level":"info","message":{"auth":"[REDACTED]","method":"GET","msg":"request","timestamp":"2025-11-30T10:01:21.971Z","url":"/api/ops-failures?system=ping-mfa&minutes=10"},"timestamp":"2025-11-30T10:01:21.971Z"}
{"level":"info","message":{"auth":"[REDACTED]","method":"GET","msg":"request","timestamp":"2025-11-30T10:01:21.984Z","url":"/api/ops-failures?system=ping-federate&minutes=10"},"timestamp":"2025-11-30T10:01:21.984Z"}
{"level":"info","message":{"auth":"[REDACTED]","method":"GET","msg":"request","timestamp":"2025-11-30T10:01:21.993Z","url":"/api/ops-failures?system=ping-mfa&minutes=10"},"timestamp":"2025-11-30T10:01:21.993Z"}
{"level":"info","message":{"auth":"[REDACTED]","method":"GET","msg":"request","timestamp":"2025-11-30T10:09:19.303Z","url":"/api/ops-failures?system=ping-federate&minutes=10"},"timestamp":"2025-11-30T10:09:19.303Z"}
{"level":"info","message":{"auth":"[REDACTED]","method":"GET","msg":"request","timestamp":"2025-11-30T10:09:19.319Z","url":"/api/ops-failures?system=ping-mfa&minutes=10"},"timestamp":"2025-11-30T10:09:19.319Z"}
{"level":"info","message":{"auth":"[REDACTED]","method":"GET","msg":"request","timestamp":"2025-11-30T10:09:20.301Z","url":"/api/ops-failures?system=ping-federate&minutes=10"},"timestamp":"2025-11-30T10:09:20.301Z"}
{"level":"info","message":{"auth":"[REDACTED]","method":"GET","msg":"request","timestamp":"2025-11-30T10:09:20.309Z","url":"/api/ops-failures?system=ping-mfa&minutes=10"},"timestamp":"2025-11-30T10:09:20.309Z"}
{"level":"info","message":{"auth":"[REDACTED]","method":"GET","msg":"request","timestamp":"2025-11-30T10:09:20.417Z","url":"/api/ops-failures?system=ping-federate&minutes=10"},"timestamp":"2025-11-30T10:09:20.417Z"}
{"level":"info","message":{"auth":"[REDACTED]","method":"GET","msg":"request","timestamp":"2025-11-30T10:09:20.422Z","url":"/api/ops-failures?system=ping-mfa&minutes=10"},"timestamp":"2025-11-30T10:09:20.422Z"}
{"level":"info","message":{"auth":"[REDACTED]","method":"GET","msg":"request","timestamp":"2025-11-30T10:12:05.975Z","url":"/api/ops-failures?system=ping-federate&minutes=10"},"timestamp":"2025-11-30T10:12:05.975Z"}
{"level":"info","message":{"auth":"[REDACTED]","method":"GET","msg":"request","timestamp":"2025-11-30T10:12:06.003Z","url":"/api/ops-failures?system=ping-federate&minutes=10"},"timestamp":"2025-11-30T10:12:06.003Z"}
{"level":"info","message":{"auth":"[REDACTED]","method":"GET","msg":"request","timestamp":"2025-11-30T10:12:06.023Z","url":"/api/ops-failures?system=ping-mfa&minutes=10"},"timestamp":"2025-11-30T10:12:06.023Z"}
{"level":"info","message":{"auth":"[REDACTED]","method":"GET","msg":"request","timestamp":"2025-11-30T10:12:06.033Z","url":"/api/ops-failures?system=ping-mfa&minutes=10"},"timestamp":"2025-11-30T10:12:06.033Z"}
{"level":"info","message":{"auth":"[REDACTED]","method":"GET","msg":"request","timestamp":"2025-11-30T10:17:25.599Z","url":"/api/ops-failures?system=ping-federate&minutes=10"},"timestamp":"2025-11-30T10:17:25.599Z"}
{"level":"info","message":{"auth":"[REDACTED]","method":"GET","msg":"request","timestamp":"2025-11-30T10:17:25.629Z","url":"/api/ops-failures?system=ping-mfa&minutes=10"},"timestamp":"2025-11-30T10:17:25.629Z"}
{"level":"info","message":{"auth":"[REDACTED]","method":"GET","msg":"request","timestamp":"2025-11-30T10:17:25.642Z","url":"/api/ops-failures?system=ping-federate&minutes=10"},"timestamp":"2025-11-30T10:17:25.642Z"}
{"level":"info","message":{"auth":"[REDACTED]","method":"GET","msg":"request","timestamp":"2025-11-30T10:17:25.651Z","url":"/api/ops-failures?system=ping-mfa&minutes=10"},"timestamp":"2025-11-30T10:17:25.651Z"}
{"level":"info","message":{"auth":"[REDACTED]","method":"GET","msg":"request","timestamp":"2025-11-30T10:17:32.532Z","url":"/api/search-employee/u1009/details?system=ping-directory"},"timestamp":"2025-11-30T10:17:32.532Z"}
{"level":"info","message":{"auth":"[REDACTED]","method":"GET","msg":"request","timestamp":"2025-11-30T10:19:11.987Z","url":"/api/ops-failures?system=ping-federate&minutes=10"},"timestamp":"2025-11-30T10:19:11.987Z"}
{"level":"info","message":{"auth":"[REDACTED]","method":"GET","msg":"request","timestamp":"2025-11-30T10:19:12.026Z","url":"/api/ops-failures?system=ping-mfa&minutes=10"},"timestamp":"2025-11-30T10:19:12.026Z"}
{"level":"info","message":{"auth":"[REDACTED]","method":"GET","msg":"request","timestamp":"2025-11-30T10:19:13.248Z","url":"/api/ops-failures?system=ping-federate&minutes=10"},"timestamp":"2025-11-30T10:19:13.248Z"}
{"level":"info","message":{"auth":"[REDACTED]","method":"GET","msg":"request","timestamp":"2025-11-30T10:19:13.255Z","url":"/api/ops-failures?system=ping-mfa&minutes=10"},"timestamp":"2025-11-30T10:19:13.255Z"}
{"level":"info","message":{"auth":"[REDACTED]","method":"GET","msg":"request","timestamp":"2025-11-30T10:19:13.310Z","url":"/api/ops-failures?system=ping-federate&minutes=10"},"timestamp":"2025-11-30T10:19:13.310Z"}
{"level":"info","message":{"auth":"[REDACTED]","method":"GET","msg":"request","timestamp":"2025-11-30T10:19:13.315Z","url":"/api/ops-failures?system=ping-mfa&minutes=10"},"timestamp":"2025-11-30T10:19:13.315Z"}
{"level":"info","message":{"auth":"[REDACTED]","method":"GET","msg":"request","timestamp":"2025-11-30T10:19:49.331Z","url":"/api/ops-failures?system=ping-mfa&minutes=10"},"timestamp":"2025-11-30T10:19:49.331Z"}
{"level":"info","message":{"auth":"[REDACTED]","method":"GET","msg":"request","timestamp":"2025-11-30T10:19:49.337Z","url":"/api/ops-failures?system=ping-federate&minutes=10"},"timestamp":"2025-11-30T10:19:49.337Z"}
{"level":"info","message":{"auth":"[REDACTED]","method":"GET","msg":"request","timestamp":"2025-11-30T10:19:49.347Z","url":"/api/ops-failures?system=ping-federate&minutes=10"},"timestamp":"2025-11-30T10:19:49.347Z"}
{"level":"info","message":{"auth":"[REDACTED]","method":"GET","msg":"request","timestamp":"2025-11-30T10:19:49.354Z","url":"/api/ops-failures?system=ping-mfa&minutes=10"},"timestamp":"2025-11-30T10:19:49.354Z"}
{"level":"info","message":{"auth":"[REDACTED]","method":"GET","msg":"request","timestamp":"2025-11-30T10:21:58.040Z","url":"/api/ops-failures?system=ping-federate&minutes=10"},"timestamp":"2025-11-30T10:21:58.040Z"}
{"level":"info","message":{"auth":"[REDACTED]","method":"GET","msg":"request","timestamp":"2025-11-30T10:21:58.081Z","url":"/api/ops-failures?system=ping-federate&minutes=10"},"timestamp":"2025-11-30T10:21:58.081Z"}
{"level":"info","message":{"auth":"[REDACTED]","method":"GET","msg":"request","timestamp":"2025-11-30T10:21:58.097Z","url":"/api/ops-failures?system=ping-mfa&minutes=10"},"timestamp":"2025-11-30T10:21:58.097Z"}
{"level":"info","message":{"auth":"[REDACTED]","method":"GET","msg":"request","timestamp":"2025-11-30T10:21:58.184Z","url":"/api/ops-failures?system=ping-mfa&minutes=10"},"timestamp":"2025-11-30T10:21:58.184Z"}
{"level":"info","message":{"auth":"[REDACTED]","method":"GET","msg":"request","timestamp":"2025-11-30T10:26:09.342Z","url":"/api/search-employee/u1009/details?system=ping-mfa"},"timestamp":"2025-11-30T10:26:09.342Z"}
{"level":"info","message":{"auth":"[REDACTED]","method":"GET","msg":"request","timestamp":"2025-11-30T10:26:25.215Z","url":"/api/ops-failures?system=ping-federate&minutes=10"},"timestamp":"2025-11-30T10:26:25.215Z"}
{"level":"info","message":{"auth":"[REDACTED]","method":"GET","msg":"request","timestamp":"2025-11-30T10:26:25.227Z","url":"/api/ops-failures?system=ping-mfa&minutes=10"},"timestamp":"2025-11-30T10:26:25.227Z"}
{"level":"info","message":{"auth":"[REDACTED]","method":"GET","msg":"request","timestamp":"2025-11-30T10:26:25.241Z","url":"/api/ops-failures?system=ping-federate&minutes=10"},"timestamp":"2025-11-30T10:26:25.241Z"}
{"level":"info","message":{"auth":"[REDACTED]","method":"GET","msg":"request","timestamp":"2025-11-30T10:26:25.260Z","url":"/api/ops-failures?system=ping-mfa&minutes=10"},"timestamp":"2025-11-30T10:26:25.260Z"}
{"level":"info","message":{"auth":"[REDACTED]","method":"GET","msg":"request","timestamp":"2025-11-30T10:26:42.018Z","url":"/api/all-users"},"timestamp":"2025-11-30T10:26:42.018Z"}
{"level":"info","message":{"auth":"[REDACTED]","method":"GET","msg":"request","timestamp":"2025-11-30T10:26:42.097Z","url":"/api/search-employee/bob.martin%40company.com/details?system=ping-directory"},"timestamp":"2025-11-30T10:26:42.097Z"}
{"level":"info","message":{"auth":"[REDACTED]","method":"GET","msg":"request","timestamp":"2025-11-30T10:26:42.103Z","url":"/api/search-employee/u1002/details?system=ping-directory"},"timestamp":"2025-11-30T10:26:42.103Z"}
{"level":"info","message":{"auth":"[REDACTED]","method":"GET","msg":"request","timestamp":"2025-11-30T10:26:42.114Z","url":"/api/search-employee/BOB.MARTIN%40COMPANY.COM/details?system=ping-directory"},"timestamp":"2025-11-30T10:26:42.114Z"}
{"level":"info","message":{"auth":"[REDACTED]","method":"GET","msg":"request","timestamp":"2025-11-30T10:26:42.123Z","url":"/api/search-employee/U1002/details?system=ping-directory"},"timestamp":"2025-11-30T10:26:42.124Z"}
{"level":"info","message":{"auth":"[REDACTED]","method":"GET","msg":"request","timestamp":"2025-11-30T10:26:42.134Z","url":"/api/search-employee/bob.martin%40company.com/details?system=ping-mfa"},"timestamp":"2025-11-30T10:26:42.134Z"}
{"level":"info","message":{"auth":"[REDACTED]","method":"GET","msg":"request","timestamp":"2025-11-30T10:26:42.142Z","url":"/api/search-employee/u1002/details?system=ping-mfa"},"timestamp":"2025-11-30T10:26:42.142Z"}
{"level":"info","message":{"auth":"[REDACTED]","method":"GET","msg":"request","timestamp":"2025-11-30T10:26:42.154Z","url":"/api/search-employee/BOB.MARTIN%40COMPANY.COM/details?system=ping-mfa"},"timestamp":"2025-11-30T10:26:42.154Z"}
{"level":"info","message":{"auth":"[REDACTED]","method":"GET","msg":"request","timestamp":"2025-11-30T10:26:42.168Z","url":"/api/search-employee/U1002/details?system=ping-mfa"},"timestamp":"2025-11-30T10:26:42.168Z"}
{"level":"info","message":{"auth":"[REDACTED]","method":"GET","msg":"request","timestamp":"2025-11-30T10:26:56.285Z","url":"/api/all-users"},"timestamp":"2025-11-30T10:26:56.285Z"}
{"level":"info","message":{"auth":"[REDACTED]","method":"GET","msg":"request","timestamp":"2025-11-30T10:26:56.353Z","url":"/api/search-employee/bob.martin%40company.com/details?system=ping-directory"},"timestamp":"2025-11-30T10:26:56.353Z"}
{"level":"info","message":{"auth":"[REDACTED]","method":"GET","msg":"request","timestamp":"2025-11-30T10:26:56.361Z","url":"/api/search-employee/u1002/details?system=ping-directory"},"timestamp":"2025-11-30T10:26:56.361Z"}
{"level":"info","message":{"auth":"[REDACTED]","method":"GET","msg":"request","timestamp":"2025-11-30T10:26:56.369Z","url":"/api/search-employee/BOB.MARTIN%40COMPANY.COM/details?system=ping-directory"},"timestamp":"2025-11-30T10:26:56.369Z"}
{"level":"info","message":{"auth":"[REDACTED]","method":"GET","msg":"request","timestamp":"2025-11-30T10:26:56.379Z","url":"/api/search-employee/U1002/details?system=ping-directory"},"timestamp":"2025-11-30T10:26:56.379Z"}
{"level":"info","message":{"auth":"[REDACTED]","method":"GET","msg":"request","timestamp":"2025-11-30T10:26:56.386Z","url":"/api/search-employee/bob.martin%40company.com/details?system=ping-mfa"},"timestamp":"2025-11-30T10:26:56.386Z"}
{"level":"info","message":{"auth":"[REDACTED]","method":"GET","msg":"request","timestamp":"2025-11-30T10:26:56.396Z","url":"/api/search-employee/u1002/details?system=ping-mfa"},"timestamp":"2025-11-30T10:26:56.396Z"}
{"level":"info","message":{"auth":"[REDACTED]","method":"GET","msg":"request","timestamp":"2025-11-30T10:26:56.404Z","url":"/api/search-employee/BOB.MARTIN%40COMPANY.COM/details?system=ping-mfa"},"timestamp":"2025-11-30T10:26:56.404Z"}
{"level":"info","message":{"auth":"[REDACTED]","method":"GET","msg":"request","timestamp":"2025-11-30T10:26:56.415Z","url":"/api/search-employee/U1002/details?system=ping-mfa"},"timestamp":"2025-11-30T10:26:56.415Z"}
{"level":"info","message":{"auth":"[REDACTED]","method":"GET","msg":"request","timestamp":"2025-11-30T10:27:00.995Z","url":"/api/all-users"},"timestamp":"2025-11-30T10:27:00.995Z"}
{"level":"info","message":{"auth":"[REDACTED]","method":"GET","msg":"request","timestamp":"2025-11-30T10:27:01.060Z","url":"/api/search-employee/bob.martin%40company.com/details?system=ping-directory"},"timestamp":"2025-11-30T10:27:01.060Z"}
{"level":"info","message":{"auth":"[REDACTED]","method":"GET","msg":"request","timestamp":"2025-11-30T10:27:01.065Z","url":"/api/search-employee/u1002/details?system=ping-directory"},"timestamp":"2025-11-30T10:27:01.065Z"}
{"level":"info","message":{"auth":"[REDACTED]","method":"GET","msg":"request","timestamp":"2025-11-30T10:27:01.071Z","url":"/api/search-employee/BOB.MARTIN%40COMPANY.COM/details?system=ping-directory"},"timestamp":"2025-11-30T10:27:01.071Z"}
{"level":"info","message":{"auth":"[REDACTED]","method":"GET","msg":"request","timestamp":"2025-11-30T10:27:01.079Z","url":"/api/search-employee/U1002/details?system=ping-directory"},"timestamp":"2025-11-30T10:27:01.079Z"}
{"level":"info","message":{"auth":"[REDACTED]","method":"GET","msg":"request","timestamp":"2025-11-30T10:27:01.084Z","url":"/api/search-employee/bob.martin%40company.com/details?system=ping-mfa"},"timestamp":"2025-11-30T10:27:01.084Z"}
{"level":"info","message":{"auth":"[REDACTED]","method":"GET","msg":"request","timestamp":"2025-11-30T10:27:01.093Z","url":"/api/search-employee/u1002/details?system=ping-mfa"},"timestamp":"2025-11-30T10:27:01.093Z"}
{"level":"info","message":{"auth":"[REDACTED]","method":"GET","msg":"request","timestamp":"2025-11-30T10:27:01.098Z","url":"/api/search-employee/BOB.MARTIN%40COMPANY.COM/details?system=ping-mfa"},"timestamp":"2025-11-30T10:27:01.098Z"}
{"level":"info","message":{"auth":"[REDACTED]","method":"GET","msg":"request","timestamp":"2025-11-30T10:27:01.107Z","url":"/api/search-employee/U1002/details?system=ping-mfa"},"timestamp":"2025-11-30T10:27:01.107Z"}
{"level":"info","message":{"auth":"[REDACTED]","method":"GET","msg":"request","timestamp":"2025-11-30T10:27:07.457Z","url":"/api/all-users"},"timestamp":"2025-11-30T10:27:07.457Z"}
{"level":"info","message":{"auth":"[REDACTED]","method":"GET","msg":"request","timestamp":"2025-11-30T10:27:07.522Z","url":"/api/search-employee/bob.martin%40company.com/details?system=ping-directory"},"timestamp":"2025-11-30T10:27:07.522Z"}
{"level":"info","message":{"auth":"[REDACTED]","method":"GET","msg":"request","timestamp":"2025-11-30T10:27:07.529Z","url":"/api/search-employee/u1002/details?system=ping-directory"},"timestamp":"2025-11-30T10:27:07.529Z"}
{"level":"info","message":{"auth":"[REDACTED]","method":"GET","msg":"request","timestamp":"2025-11-30T10:27:07.536Z","url":"/api/search-employee/BOB.MARTIN%40COMPANY.COM/details?system=ping-directory"},"timestamp":"2025-11-30T10:27:07.536Z"}
{"level":"info","message":{"auth":"[REDACTED]","method":"GET","msg":"request","timestamp":"2025-11-30T10:27:07.683Z","url":"/api/search-employee/U1002/details?system=ping-directory"},"timestamp":"2025-11-30T10:27:07.683Z"}
{"level":"info","message":{"auth":"[REDACTED]","method":"GET","msg":"request","timestamp":"2025-11-30T10:27:07.729Z","url":"/api/search-employee/bob.martin%40company.com/details?system=ping-mfa"},"timestamp":"2025-11-30T10:27:07.729Z"}
{"level":"info","message":{"auth":"[REDACTED]","method":"GET","msg":"request","timestamp":"2025-11-30T10:27:07.757Z","url":"/api/search-employee/u1002/details?system=ping-mfa"},"timestamp":"2025-11-30T10:27:07.757Z"}
{"level":"info","message":{"auth":"[REDACTED]","method":"GET","msg":"request","timestamp":"2025-11-30T10:27:07.802Z","url":"/api/search-employee/BOB.MARTIN%40COMPANY.COM/details?system=ping-mfa"},"timestamp":"2025-11-30T10:27:07.802Z"}
{"level":"info","message":{"auth":"[REDACTED]","method":"GET","msg":"request","timestamp":"2025-11-30T10:27:07.812Z","url":"/api/search-employee/U1002/details?system=ping-mfa"},"timestamp":"2025-11-30T10:27:07.812Z"}
{"level":"info","message":{"auth":"[REDACTED]","method":"GET","msg":"request","timestamp":"2025-11-30T10:27:15.781Z","url":"/api/all-users"},"timestamp":"2025-11-30T10:27:15.781Z"}
{"level":"info","message":{"auth":"[REDACTED]","method":"GET","msg":"request","timestamp":"2025-11-30T10:27:15.846Z","url":"/api/search-employee/bob.martin%40company.com/details?system=ping-directory"},"timestamp":"2025-11-30T10:27:15.846Z"}
{"level":"info","message":{"auth":"[REDACTED]","method":"GET","msg":"request","timestamp":"2025-11-30T10:27:15.853Z","url":"/api/search-employee/u1002/details?system=ping-directory"},"timestamp":"2025-11-30T10:27:15.853Z"}
{"level":"info","message":{"auth":"[REDACTED]","method":"GET","msg":"request","timestamp":"2025-11-30T10:27:15.863Z","url":"/api/search-employee/BOB.MARTIN%40COMPANY.COM/details?system=ping-directory"},"timestamp":"2025-11-30T10:27:15.863Z"}
{"level":"info","message":{"auth":"[REDACTED]","method":"GET","msg":"request","timestamp":"2025-11-30T10:27:15.868Z","url":"/api/search-employee/U1002/details?system=ping-directory"},"timestamp":"2025-11-30T10:27:15.868Z"}
{"level":"info","message":{"auth":"[REDACTED]","method":"GET","msg":"request","timestamp":"2025-11-30T10:27:15.879Z","url":"/api/search-employee/bob.martin%40company.com/details?system=ping-mfa"},"timestamp":"2025-11-30T10:27:15.879Z"}
{"level":"info","message":{"auth":"[REDACTED]","method":"GET","msg":"request","timestamp":"2025-11-30T10:27:15.891Z","url":"/api/search-employee/u1002/details?system=ping-mfa"},"timestamp":"2025-11-30T10:27:15.891Z"}
{"level":"info","message":{"auth":"[REDACTED]","method":"GET","msg":"request","timestamp":"2025-11-30T10:27:15.900Z","url":"/api/search-employee/BOB.MARTIN%40COMPANY.COM/details?system=ping-mfa"},"timestamp":"2025-11-30T10:27:15.900Z"}
{"level":"info","message":{"auth":"[REDACTED]","method":"GET","msg":"request","timestamp":"2025-11-30T10:27:15.911Z","url":"/api/search-employee/U1002/details?system=ping-mfa"},"timestamp":"2025-11-30T10:27:15.911Z"}
{"level":"info","message":{"auth":"[REDACTED]","method":"GET","msg":"request","timestamp":"2025-11-30T10:27:26.453Z","url":"/api/search-employee/u1002/details?system=ping-mfa"},"timestamp":"2025-11-30T10:27:26.453Z"}
{"level":"info","message":{"auth":"[REDACTED]","method":"GET","msg":"request","timestamp":"2025-11-30T10:27:38.001Z","url":"/api/search-employee/u1002/details?system=ping-mfa"},"timestamp":"2025-11-30T10:27:38.002Z"}
{"level":"info","message":{"auth":"[REDACTED]","method":"GET","msg":"request","timestamp":"2025-11-30T10:27:48.853Z","url":"/api/search-employee/u1002/details?system=ping-mfa"},"timestamp":"2025-11-30T10:27:48.853Z"}
{"level":"info","message":{"auth":"[REDACTED]","method":"GET","msg":"request","timestamp":"2025-11-30T10:30:24.110Z","url":"/api/ops-failures?system=saviynt-access&minutes=10"},"timestamp":"2025-11-30T10:30:24.110Z"}
{"level":"info","message":{"auth":"[REDACTED]","method":"GET","msg":"request","timestamp":"2025-11-30T10:30:24.115Z","url":"/api/ops-failures?system=saviynt-provisioning&minutes=10"},"timestamp":"2025-11-30T10:30:24.115Z"}
{"level":"info","message":{"auth":"[REDACTED]","method":"GET","msg":"request","timestamp":"2025-11-30T10:30:25.711Z","url":"/api/search-employee/u1002/details?system=ping-directory"},"timestamp":"2025-11-30T10:30:25.711Z"}
{"level":"info","message":{"auth":"[REDACTED]","method":"GET","msg":"request","timestamp":"2025-11-30T10:38:16.789Z","url":"/api/own-saviynt"},"timestamp":"2025-11-30T10:38:16.789Z"}
{"level":"info","message":{"auth":"[REDACTED]","method":"GET","msg":"request","timestamp":"2025-11-30T10:38:16.795Z","url":"/api/ops-failures?system=saviynt-access&minutes=10"},"timestamp":"2025-11-30T10:38:16.795Z"}
{"level":"info","message":{"auth":"[REDACTED]","method":"GET","msg":"request","timestamp":"2025-11-30T10:38:16.801Z","url":"/api/ops-failures?system=saviynt-provisioning&minutes=10"},"timestamp":"2025-11-30T10:38:16.801Z"}
{"level":"info","message":{"auth":"[REDACTED]","method":"GET","msg":"request","timestamp":"2025-11-30T10:38:16.810Z","url":"/api/own-saviynt"},"timestamp":"2025-11-30T10:38:16.811Z"}
{"level":"info","message":{"auth":"[REDACTED]","method":"GET","msg":"request","timestamp":"2025-11-30T10:38:16.816Z","url":"/api/ops-failures?system=saviynt-access&minutes=10"},"timestamp":"2025-11-30T10:38:16.816Z"}
{"level":"info","message":{"auth":"[REDACTED]","method":"GET","msg":"request","timestamp":"2025-11-30T10:38:16.829Z","url":"/api/ops-failures?system=saviynt-provisioning&minutes=10"},"timestamp":"2025-11-30T10:38:16.829Z"}
{"level":"info","message":{"auth":"[REDACTED]","method":"GET","msg":"request","timestamp":"2025-11-30T10:38:17.365Z","url":"/api/own-saviynt-certifications"},"timestamp":"2025-11-30T10:38:17.365Z"}
{"level":"info","message":{"auth":"[REDACTED]","method":"GET","msg":"request","timestamp":"2025-11-30T10:38:17.371Z","url":"/api/own-saviynt-analytics"},"timestamp":"2025-11-30T10:38:17.371Z"}
{"level":"info","message":{"auth":"[REDACTED]","method":"GET","msg":"request","timestamp":"2025-11-30T10:38:17.379Z","url":"/api/own-saviynt-certifications"},"timestamp":"2025-11-30T10:38:17.379Z"}
{"level":"info","message":{"auth":"[REDACTED]","method":"GET","msg":"request","timestamp":"2025-11-30T10:38:17.385Z","url":"/api/own-saviynt-analytics"},"timestamp":"2025-11-30T10:38:17.385Z"}
{"level":"info","message":{"auth":"[REDACTED]","method":"GET","msg":"request","timestamp":"2025-11-30T10:38:17.389Z","url":"/api/own-saviynt-controls"},"timestamp":"2025-11-30T10:38:17.389Z"}
{"level":"info","message":{"auth":"[REDACTED]","method":"GET","msg":"request","timestamp":"2025-11-30T10:38:17.393Z","url":"/api/own-saviynt-requests"},"timestamp":"2025-11-30T10:38:17.393Z"}
{"level":"info","message":{"auth":"[REDACTED]","method":"GET","msg":"request","timestamp":"2025-11-30T10:38:17.398Z","url":"/api/own-saviynt-provisioning"},"timestamp":"2025-11-30T10:38:17.398Z"}
{"level":"info","message":{"auth":"[REDACTED]","method":"GET","msg":"request","timestamp":"2025-11-30T10:38:17.402Z","url":"/api/own-saviynt-provisioning"},"timestamp":"2025-11-30T10:38:17.402Z"}
{"level":"info","message":{"auth":"[REDACTED]","method":"GET","msg":"request","timestamp":"2025-11-30T10:38:17.407Z","url":"/api/own-saviynt-controls"},"timestamp":"2025-11-30T10:38:17.407Z"}
{"level":"info","message":{"auth":"[REDACTED]","method":"GET","msg":"request","timestamp":"2025-11-30T10:38:17.411Z","url":"/api/own-saviynt-requests"},"timestamp":"2025-11-30T10:38:17.411Z"}
{"level":"info","message":{"auth":"[REDACTED]","method":"GET","msg":"request","timestamp":"2025-11-30T10:48:02.769Z","url":"/api/own-saviynt"},"timestamp":"2025-11-30T10:48:02.769Z"}
{"level":"info","message":{"auth":"[REDACTED]","method":"GET","msg":"request","timestamp":"2025-11-30T10:48:02.781Z","url":"/api/ops-failures?system=saviynt-access&minutes=10"},"timestamp":"2025-11-30T10:48:02.781Z"}
{"level":"info","message":{"auth":"[REDACTED]","method":"GET","msg":"request","timestamp":"2025-11-30T10:48:02.807Z","url":"/api/own-saviynt"},"timestamp":"2025-11-30T10:48:02.807Z"}
{"level":"info","message":{"auth":"[REDACTED]","method":"GET","msg":"request","timestamp":"2025-11-30T10:48:02.858Z","url":"/api/ops-failures?system=saviynt-access&minutes=10"},"timestamp":"2025-11-30T10:48:02.858Z"}
{"level":"info","message":{"auth":"[REDACTED]","method":"GET","msg":"request","timestamp":"2025-11-30T10:48:02.871Z","url":"/api/ops-failures?system=saviynt-provisioning&minutes=10"},"timestamp":"2025-11-30T10:48:02.871Z"}
{"level":"info","message":{"auth":"[REDACTED]","method":"GET","msg":"request","timestamp":"2025-11-30T10:48:02.880Z","url":"/api/ops-failures?system=saviynt-provisioning&minutes=10"},"timestamp":"2025-11-30T10:48:02.880Z"}
{"level":"info","message":{"auth":"[REDACTED]","method":"GET","msg":"request","timestamp":"2025-11-30T10:48:03.949Z","url":"/api/own-saviynt-certifications"},"timestamp":"2025-11-30T10:48:03.949Z"}
{"level":"info","message":{"auth":"[REDACTED]","method":"GET","msg":"request","timestamp":"2025-11-30T10:48:03.956Z","url":"/api/own-saviynt-analytics"},"timestamp":"2025-11-30T10:48:03.956Z"}
{"level":"info","message":{"auth":"[REDACTED]","method":"GET","msg":"request","timestamp":"2025-11-30T10:48:03.960Z","url":"/api/own-saviynt-controls"},"timestamp":"2025-11-30T10:48:03.960Z"}
{"level":"info","message":{"auth":"[REDACTED]","method":"GET","msg":"request","timestamp":"2025-11-30T10:48:03.965Z","url":"/api/own-saviynt-requests"},"timestamp":"2025-11-30T10:48:03.965Z"}
{"level":"info","message":{"auth":"[REDACTED]","method":"GET","msg":"request","timestamp":"2025-11-30T10:48:03.970Z","url":"/api/own-saviynt-certifications"},"timestamp":"2025-11-30T10:48:03.970Z"}
{"level":"info","message":{"auth":"[REDACTED]","method":"GET","msg":"request","timestamp":"2025-11-30T10:48:03.974Z","url":"/api/own-saviynt-analytics"},"timestamp":"2025-11-30T10:48:03.974Z"}
{"level":"info","message":{"auth":"[REDACTED]","method":"GET","msg":"request","timestamp":"2025-11-30T10:48:03.979Z","url":"/api/own-saviynt-requests"},"timestamp":"2025-11-30T10:48:03.979Z"}
{"level":"info","message":{"auth":"[REDACTED]","method":"GET","msg":"request","timestamp":"2025-11-30T10:48:03.983Z","url":"/api/own-saviynt-provisioning"},"timestamp":"2025-11-30T10:48:03.983Z"}
{"level":"info","message":{"auth":"[REDACTED]","method":"GET","msg":"request","timestamp":"2025-11-30T10:48:03.987Z","url":"/api/own-saviynt-controls"},"timestamp":"2025-11-30T10:48:03.987Z"}
{"level":"info","message":{"auth":"[REDACTED]","method":"GET","msg":"request","timestamp":"2025-11-30T10:48:03.992Z","url":"/api/own-saviynt-provisioning"},"timestamp":"2025-11-30T10:48:03.992Z"}
{"level":"info","message":{"auth":"[REDACTED]","method":"GET","msg":"request","timestamp":"2025-11-30T10:49:43.304Z","url":"/api/own-saviynt"},"timestamp":"2025-11-30T10:49:43.304Z"}
{"level":"info","message":{"auth":"[REDACTED]","method":"GET","msg":"request","timestamp":"2025-11-30T10:49:43.316Z","url":"/api/ops-failures?system=saviynt-access&minutes=10"},"timestamp":"2025-11-30T10:49:43.316Z"}
{"level":"info","message":{"auth":"[REDACTED]","method":"GET","msg":"request","timestamp":"2025-11-30T10:49:43.332Z","url":"/api/ops-failures?system=saviynt-provisioning&minutes=10"},"timestamp":"2025-11-30T10:49:43.332Z"}
{"level":"info","message":{"auth":"[REDACTED]","method":"GET","msg":"request","timestamp":"2025-11-30T10:49:43.346Z","url":"/api/own-saviynt"},"timestamp":"2025-11-30T10:49:43.346Z"}
{"level":"info","message":{"auth":"[REDACTED]","method":"GET","msg":"request","timestamp":"2025-11-30T10:49:43.360Z","url":"/api/ops-failures?system=saviynt-access&minutes=10"},"timestamp":"2025-11-30T10:49:43.360Z"}
{"level":"info","message":{"auth":"[REDACTED]","method":"GET","msg":"request","timestamp":"2025-11-30T10:49:43.375Z","url":"/api/ops-failures?system=saviynt-provisioning&minutes=10"},"timestamp":"2025-11-30T10:49:43.375Z"}
{"level":"info","message":{"auth":"[REDACTED]","method":"GET","msg":"request","timestamp":"2025-11-30T10:49:43.802Z","url":"/api/own-saviynt-certifications"},"timestamp":"2025-11-30T10:49:43.802Z"}
{"level":"info","message":{"auth":"[REDACTED]","method":"GET","msg":"request","timestamp":"2025-11-30T10:49:43.825Z","url":"/api/own-saviynt-certifications"},"timestamp":"2025-11-30T10:49:43.825Z"}
{"level":"info","message":{"auth":"[REDACTED]","method":"GET","msg":"request","timestamp":"2025-11-30T10:49:43.838Z","url":"/api/own-saviynt-analytics"},"timestamp":"2025-11-30T10:49:43.838Z"}
{"level":"info","message":{"auth":"[REDACTED]","method":"GET","msg":"request","timestamp":"2025-11-30T10:49:43.844Z","url":"/api/own-saviynt-controls"},"timestamp":"2025-11-30T10:49:43.844Z"}
{"level":"info","message":{"auth":"[REDACTED]","method":"GET","msg":"request","timestamp":"2025-11-30T10:49:43.858Z","url":"/api/own-saviynt-requests"},"timestamp":"2025-11-30T10:49:43.858Z"}
{"level":"info","message":{"auth":"[REDACTED]","method":"GET","msg":"request","timestamp":"2025-11-30T10:49:43.867Z","url":"/api/own-saviynt-provisioning"},"timestamp":"2025-11-30T10:49:43.867Z"}
{"level":"info","message":{"auth":"[REDACTED]","method":"GET","msg":"request","timestamp":"2025-11-30T10:49:43.872Z","url":"/api/own-saviynt-requests"},"timestamp":"2025-11-30T10:49:43.872Z"}
{"level":"info","message":{"auth":"[REDACTED]","method":"GET","msg":"request","timestamp":"2025-11-30T10:49:43.877Z","url":"/api/own-saviynt-analytics"},"timestamp":"2025-11-30T10:49:43.877Z"}
{"level":"info","message":{"auth":"[REDACTED]","method":"GET","msg":"request","timestamp":"2025-11-30T10:49:43.882Z","url":"/api/own-saviynt-controls"},"timestamp":"2025-11-30T10:49:43.882Z"}
{"level":"info","message":{"auth":"[REDACTED]","method":"GET","msg":"request","timestamp":"2025-11-30T10:49:43.887Z","url":"/api/own-saviynt-provisioning"},"timestamp":"2025-11-30T10:49:43.887Z"}
{"level":"info","message":{"auth":"[REDACTED]","method":"GET","msg":"request","timestamp":"2025-11-30T10:54:01.098Z","url":"/api/own-saviynt"},"timestamp":"2025-11-30T10:54:01.098Z"}
{"level":"info","message":{"auth":"[REDACTED]","method":"GET","msg":"request","timestamp":"2025-11-30T10:54:01.105Z","url":"/api/ops-failures?system=saviynt-access&minutes=10"},"timestamp":"2025-11-30T10:54:01.105Z"}
{"level":"info","message":{"auth":"[REDACTED]","method":"GET","msg":"request","timestamp":"2025-11-30T10:54:01.110Z","url":"/api/ops-failures?system=saviynt-provisioning&minutes=10"},"timestamp":"2025-11-30T10:54:01.110Z"}
{"level":"info","message":{"auth":"[REDACTED]","method":"GET","msg":"request","timestamp":"2025-11-30T10:54:01.156Z","url":"/api/own-saviynt"},"timestamp":"2025-11-30T10:54:01.156Z"}
{"level":"info","message":{"auth":"[REDACTED]","method":"GET","msg":"request","timestamp":"2025-11-30T10:54:01.162Z","url":"/api/ops-failures?system=saviynt-access&minutes=10"},"timestamp":"2025-11-30T10:54:01.162Z"}
{"level":"info","message":{"auth":"[REDACTED]","method":"GET","msg":"request","timestamp":"2025-11-30T10:54:01.166Z","url":"/api/ops-failures?system=saviynt-provisioning&minutes=10"},"timestamp":"2025-11-30T10:54:01.166Z"}
{"level":"info","message":{"auth":"[REDACTED]","method":"GET","msg":"request","timestamp":"2025-11-30T10:54:02.732Z","url":"/api/own-saviynt-certifications"},"timestamp":"2025-11-30T10:54:02.732Z"}
{"level":"info","message":{"auth":"[REDACTED]","method":"GET","msg":"request","timestamp":"2025-11-30T10:54:02.739Z","url":"/api/own-saviynt-analytics"},"timestamp":"2025-11-30T10:54:02.739Z"}
{"level":"info","message":{"auth":"[REDACTED]","method":"GET","msg":"request","timestamp":"2025-11-30T10:54:02.742Z","url":"/api/own-saviynt-controls"},"timestamp":"2025-11-30T10:54:02.742Z"}
{"level":"info","message":{"auth":"[REDACTED]","method":"GET","msg":"request","timestamp":"2025-11-30T10:54:02.746Z","url":"/api/own-saviynt-requests"},"timestamp":"2025-11-30T10:54:02.746Z"}
{"level":"info","message":{"auth":"[REDACTED]","method":"GET","msg":"request","timestamp":"2025-11-30T10:54:02.753Z","url":"/api/own-saviynt-certifications"},"timestamp":"2025-11-30T10:54:02.753Z"}
{"level":"info","message":{"auth":"[REDACTED]","method":"GET","msg":"request","timestamp":"2025-11-30T10:54:02.756Z","url":"/api/own-saviynt-provisioning"},"timestamp":"2025-11-30T10:54:02.756Z"}
{"level":"info","message":{"auth":"[REDACTED]","method":"GET","msg":"request","timestamp":"2025-11-30T10:54:02.761Z","url":"/api/own-saviynt-analytics"},"timestamp":"2025-11-30T10:54:02.761Z"}
{"level":"info","message":{"auth":"[REDACTED]","method":"GET","msg":"request","timestamp":"2025-11-30T10:54:02.765Z","url":"/api/own-saviynt-controls"},"timestamp":"2025-11-30T10:54:02.765Z"}
{"level":"info","message":{"auth":"[REDACTED]","method":"GET","msg":"request","timestamp":"2025-11-30T10:54:02.769Z","url":"/api/own-saviynt-requests"},"timestamp":"2025-11-30T10:54:02.769Z"}
{"level":"info","message":{"auth":"[REDACTED]","method":"GET","msg":"request","timestamp":"2025-11-30T10:54:02.772Z","url":"/api/own-saviynt-provisioning"},"timestamp":"2025-11-30T10:54:02.772Z"}
{"level":"info","message":{"auth":"[REDACTED]","method":"GET","msg":"request","timestamp":"2025-11-30T10:57:12.350Z","url":"/api/own-saviynt"},"timestamp":"2025-11-30T10:57:12.350Z"}
{"level":"info","message":{"auth":"[REDACTED]","method":"GET","msg":"request","timestamp":"2025-11-30T10:57:12.405Z","url":"/api/ops-failures?system=saviynt-access&minutes=10"},"timestamp":"2025-11-30T10:57:12.405Z"}
{"level":"info","message":{"auth":"[REDACTED]","method":"GET","msg":"request","timestamp":"2025-11-30T10:57:12.437Z","url":"/api/ops-failures?system=saviynt-access&minutes=10"},"timestamp":"2025-11-30T10:57:12.437Z"}
{"level":"info","message":{"auth":"[REDACTED]","method":"GET","msg":"request","timestamp":"2025-11-30T10:57:12.449Z","url":"/api/own-saviynt"},"timestamp":"2025-11-30T10:57:12.449Z"}
{"level":"info","message":{"auth":"[REDACTED]","method":"GET","msg":"request","timestamp":"2025-11-30T10:57:12.490Z","url":"/api/ops-failures?system=saviynt-provisioning&minutes=10"},"timestamp":"2025-11-30T10:57:12.490Z"}
{"level":"info","message":{"auth":"[REDACTED]","method":"GET","msg":"request","timestamp":"2025-11-30T10:57:12.529Z","url":"/api/ops-failures?system=saviynt-provisioning&minutes=10"},"timestamp":"2025-11-30T10:57:12.529Z"}
{"level":"info","message":{"auth":"[REDACTED]","method":"GET","msg":"request","timestamp":"2025-11-30T10:57:12.905Z","url":"/api/own-saviynt-certifications"},"timestamp":"2025-11-30T10:57:12.905Z"}
{"level":"info","message":{"auth":"[REDACTED]","method":"GET","msg":"request","timestamp":"2025-11-30T10:57:12.910Z","url":"/api/own-saviynt-analytics"},"timestamp":"2025-11-30T10:57:12.910Z"}
{"level":"info","message":{"auth":"[REDACTED]","method":"GET","msg":"request","timestamp":"2025-11-30T10:57:12.915Z","url":"/api/own-saviynt-controls"},"timestamp":"2025-11-30T10:57:12.915Z"}
{"level":"info","message":{"auth":"[REDACTED]","method":"GET","msg":"request","timestamp":"2025-11-30T10:57:12.919Z","url":"/api/own-saviynt-requests"},"timestamp":"2025-11-30T10:57:12.919Z"}
{"level":"info","message":{"auth":"[REDACTED]","method":"GET","msg":"request","timestamp":"2025-11-30T10:57:12.924Z","url":"/api/own-saviynt-certifications"},"timestamp":"2025-11-30T10:57:12.924Z"}
{"level":"info","message":{"auth":"[REDACTED]","method":"GET","msg":"request","timestamp":"2025-11-30T10:57:12.928Z","url":"/api/own-saviynt-analytics"},"timestamp":"2025-11-30T10:57:12.928Z"}
{"level":"info","message":{"auth":"[REDACTED]","method":"GET","msg":"request","timestamp":"2025-11-30T10:57:12.932Z","url":"/api/own-saviynt-controls"},"timestamp":"2025-11-30T10:57:12.932Z"}
{"level":"info","message":{"auth":"[REDACTED]","method":"GET","msg":"request","timestamp":"2025-11-30T10:57:12.937Z","url":"/api/own-saviynt-requests"},"timestamp":"2025-11-30T10:57:12.937Z"}
{"level":"info","message":{"auth":"[REDACTED]","method":"GET","msg":"request","timestamp":"2025-11-30T10:57:12.942Z","url":"/api/own-saviynt-provisioning"},"timestamp":"2025-11-30T10:57:12.942Z"}
{"level":"info","message":{"auth":"[REDACTED]","method":"GET","msg":"request","timestamp":"2025-11-30T10:57:12.947Z","url":"/api/own-saviynt-provisioning"},"timestamp":"2025-11-30T10:57:12.947Z"}
{"level":"info","message":{"auth":"[REDACTED]","method":"GET","msg":"request","timestamp":"2025-11-30T10:58:42.550Z","url":"/api/own-saviynt"},"timestamp":"2025-11-30T10:58:42.550Z"}
{"level":"info","message":{"auth":"[REDACTED]","method":"GET","msg":"request","timestamp":"2025-11-30T10:58:42.575Z","url":"/api/ops-failures?system=saviynt-access&minutes=10"},"timestamp":"2025-11-30T10:58:42.575Z"}
{"level":"info","message":{"auth":"[REDACTED]","method":"GET","msg":"request","timestamp":"2025-11-30T10:58:42.583Z","url":"/api/ops-failures?system=saviynt-provisioning&minutes=10"},"timestamp":"2025-11-30T10:58:42.583Z"}
{"level":"info","message":{"auth":"[REDACTED]","method":"GET","msg":"request","timestamp":"2025-11-30T10:58:42.590Z","url":"/api/own-saviynt"},"timestamp":"2025-11-30T10:58:42.590Z"}
{"level":"info","message":{"auth":"[REDACTED]","method":"GET","msg":"request","timestamp":"2025-11-30T10:58:42.602Z","url":"/api/ops-failures?system=saviynt-access&minutes=10"},"timestamp":"2025-11-30T10:58:42.602Z"}
{"level":"info","message":{"auth":"[REDACTED]","method":"GET","msg":"request","timestamp":"2025-11-30T10:58:42.632Z","url":"/api/ops-failures?system=saviynt-provisioning&minutes=10"},"timestamp":"2025-11-30T10:58:42.632Z"}
{"level":"info","message":{"auth":"[REDACTED]","method":"GET","msg":"request","timestamp":"2025-11-30T10:58:44.819Z","url":"/api/own-saviynt-certifications"},"timestamp":"2025-11-30T10:58:44.819Z"}
{"level":"info","message":{"auth":"[REDACTED]","method":"GET","msg":"request","timestamp":"2025-11-30T10:58:44.826Z","url":"/api/own-saviynt-analytics"},"timestamp":"2025-11-30T10:58:44.826Z"}
{"level":"info","message":{"auth":"[REDACTED]","method":"GET","msg":"request","timestamp":"2025-11-30T10:58:44.834Z","url":"/api/own-saviynt-controls"},"timestamp":"2025-11-30T10:58:44.834Z"}
{"level":"info","message":{"auth":"[REDACTED]","method":"GET","msg":"request","timestamp":"2025-11-30T10:58:44.838Z","url":"/api/own-saviynt-requests"},"timestamp":"2025-11-30T10:58:44.838Z"}
{"level":"info","message":{"auth":"[REDACTED]","method":"GET","msg":"request","timestamp":"2025-11-30T10:58:44.842Z","url":"/api/own-saviynt-provisioning"},"timestamp":"2025-11-30T10:58:44.842Z"}
{"level":"info","message":{"auth":"[REDACTED]","method":"GET","msg":"request","timestamp":"2025-11-30T10:58:44.852Z","url":"/api/own-saviynt-certifications"},"timestamp":"2025-11-30T10:58:44.852Z"}
{"level":"info","message":{"auth":"[REDACTED]","method":"GET","msg":"request","timestamp":"2025-11-30T10:58:44.857Z","url":"/api/own-saviynt-analytics"},"timestamp":"2025-11-30T10:58:44.857Z"}
{"level":"info","message":{"auth":"[REDACTED]","method":"GET","msg":"request","timestamp":"2025-11-30T10:58:44.862Z","url":"/api/own-saviynt-controls"},"timestamp":"2025-11-30T10:58:44.862Z"}
{"level":"info","message":{"auth":"[REDACTED]","method":"GET","msg":"request","timestamp":"2025-11-30T10:58:44.868Z","url":"/api/own-saviynt-requests"},"timestamp":"2025-11-30T10:58:44.868Z"}
{"level":"info","message":{"auth":"[REDACTED]","method":"GET","msg":"request","timestamp":"2025-11-30T10:58:44.872Z","url":"/api/own-saviynt-provisioning"},"timestamp":"2025-11-30T10:58:44.873Z"}
{"level":"info","message":{"auth":"[REDACTED]","method":"GET","msg":"request","timestamp":"2025-11-30T10:58:59.451Z","url":"/api/own-saviynt"},"timestamp":"2025-11-30T10:58:59.451Z"}
{"level":"info","message":{"auth":"[REDACTED]","method":"GET","msg":"request","timestamp":"2025-11-30T10:58:59.469Z","url":"/api/own-saviynt-certifications"},"timestamp":"2025-11-30T10:58:59.469Z"}
{"level":"info","message":{"auth":"[REDACTED]","method":"GET","msg":"request","timestamp":"2025-11-30T10:58:59.488Z","url":"/api/own-saviynt-analytics"},"timestamp":"2025-11-30T10:58:59.488Z"}
{"level":"info","message":{"auth":"[REDACTED]","method":"GET","msg":"request","timestamp":"2025-11-30T10:58:59.524Z","url":"/api/own-saviynt-controls"},"timestamp":"2025-11-30T10:58:59.524Z"}
{"level":"info","message":{"auth":"[REDACTED]","method":"GET","msg":"request","timestamp":"2025-11-30T10:58:59.541Z","url":"/api/own-saviynt-requests"},"timestamp":"2025-11-30T10:58:59.541Z"}
{"level":"info","message":{"auth":"[REDACTED]","method":"GET","msg":"request","timestamp":"2025-11-30T10:58:59.550Z","url":"/api/own-saviynt-provisioning"},"timestamp":"2025-11-30T10:58:59.550Z"}
{"level":"info","message":{"auth":"[REDACTED]","method":"GET","msg":"request","timestamp":"2025-11-30T10:58:59.573Z","url":"/api/own-saviynt-controls"},"timestamp":"2025-11-30T10:58:59.573Z"}
{"level":"info","message":{"auth":"[REDACTED]","method":"GET","msg":"request","timestamp":"2025-11-30T10:58:59.584Z","url":"/api/own-saviynt-requests"},"timestamp":"2025-11-30T10:58:59.584Z"}
{"level":"info","message":{"auth":"[REDACTED]","method":"GET","msg":"request","timestamp":"2025-11-30T10:58:59.593Z","url":"/api/own-saviynt"},"timestamp":"2025-11-30T10:58:59.593Z"}
{"level":"info","message":{"auth":"[REDACTED]","method":"GET","msg":"request","timestamp":"2025-11-30T10:58:59.608Z","url":"/api/own-saviynt-certifications"},"timestamp":"2025-11-30T10:58:59.608Z"}
{"level":"info","message":{"auth":"[REDACTED]","method":"GET","msg":"request","timestamp":"2025-11-30T10:58:59.614Z","url":"/api/own-saviynt-analytics"},"timestamp":"2025-11-30T10:58:59.614Z"}
{"level":"info","message":{"auth":"[REDACTED]","method":"GET","msg":"request","timestamp":"2025-11-30T10:58:59.619Z","url":"/api/own-saviynt-provisioning"},"timestamp":"2025-11-30T10:58:59.619Z"}
{"level":"info","message":{"auth":"[REDACTED]","method":"GET","msg":"request","timestamp":"2025-11-30T11:22:51.621Z","url":"/api/own-saviynt"},"timestamp":"2025-11-30T11:22:51.621Z"}
{"level":"info","message":{"auth":"[REDACTED]","method":"GET","msg":"request","timestamp":"2025-11-30T11:22:51.632Z","url":"/api/ops-failures?system=saviynt-access&minutes=10"},"timestamp":"2025-11-30T11:22:51.632Z"}
{"level":"info","message":{"auth":"[REDACTED]","method":"GET","msg":"request","timestamp":"2025-11-30T11:22:51.641Z","url":"/api/ops-failures?system=saviynt-provisioning&minutes=10"},"timestamp":"2025-11-30T11:22:51.641Z"}
{"level":"info","message":{"auth":"[REDACTED]","method":"GET","msg":"request","timestamp":"2025-11-30T11:22:51.650Z","url":"/api/own-saviynt"},"timestamp":"2025-11-30T11:22:51.650Z"}
{"level":"info","message":{"auth":"[REDACTED]","method":"GET","msg":"request","timestamp":"2025-11-30T11:22:51.697Z","url":"/api/ops-failures?system=saviynt-access&minutes=10"},"timestamp":"2025-11-30T11:22:51.697Z"}
{"level":"info","message":{"auth":"[REDACTED]","method":"GET","msg":"request","timestamp":"2025-11-30T11:22:51.703Z","url":"/api/ops-failures?system=saviynt-provisioning&minutes=10"},"timestamp":"2025-11-30T11:22:51.703Z"}
{"level":"info","message":{"auth":"[REDACTED]","method":"GET","msg":"request","timestamp":"2025-11-30T11:22:52.154Z","url":"/api/own-saviynt-certifications"},"timestamp":"2025-11-30T11:22:52.154Z"}
{"level":"info","message":{"auth":"[REDACTED]","method":"GET","msg":"request","timestamp":"2025-11-30T11:22:52.159Z","url":"/api/own-saviynt-analytics"},"timestamp":"2025-11-30T11:22:52.159Z"}
{"level":"info","message":{"auth":"[REDACTED]","method":"GET","msg":"request","timestamp":"2025-11-30T11:22:52.165Z","url":"/api/own-saviynt-controls"},"timestamp":"2025-11-30T11:22:52.165Z"}
{"level":"info","message":{"auth":"[REDACTED]","method":"GET","msg":"request","timestamp":"2025-11-30T11:22:52.170Z","url":"/api/own-saviynt-requests"},"timestamp":"2025-11-30T11:22:52.170Z"}
{"level":"info","message":{"auth":"[REDACTED]","method":"GET","msg":"request","timestamp":"2025-11-30T11:22:52.173Z","url":"/api/own-saviynt-analytics"},"timestamp":"2025-11-30T11:22:52.173Z"}
{"level":"info","message":{"auth":"[REDACTED]","method":"GET","msg":"request","timestamp":"2025-11-30T11:22:52.178Z","url":"/api/own-saviynt-provisioning"},"timestamp":"2025-11-30T11:22:52.178Z"}
{"level":"info","message":{"auth":"[REDACTED]","method":"GET","msg":"request","timestamp":"2025-11-30T11:22:52.182Z","url":"/api/own-saviynt-certifications"},"timestamp":"2025-11-30T11:22:52.182Z"}
{"level":"info","message":{"auth":"[REDACTED]","method":"GET","msg":"request","timestamp":"2025-11-30T11:22:52.186Z","url":"/api/own-saviynt-controls"},"timestamp":"2025-11-30T11:22:52.186Z"}
{"level":"info","message":{"auth":"[REDACTED]","method":"GET","msg":"request","timestamp":"2025-11-30T11:22:52.189Z","url":"/api/own-saviynt-requests"},"timestamp":"2025-11-30T11:22:52.189Z"}
{"level":"info","message":{"auth":"[REDACTED]","method":"GET","msg":"request","timestamp":"2025-11-30T11:22:52.194Z","url":"/api/own-saviynt-provisioning"},"timestamp":"2025-11-30T11:22:52.194Z"}
{"level":"info","message":{"auth":"[REDACTED]","method":"GET","msg":"request","timestamp":"2025-11-30T11:31:13.009Z","url":"/api/own-saviynt"},"timestamp":"2025-11-30T11:31:13.009Z"}
{"level":"info","message":{"auth":"[REDACTED]","method":"GET","msg":"request","timestamp":"2025-11-30T11:31:13.032Z","url":"/api/ops-failures?system=saviynt-access&minutes=10"},"timestamp":"2025-11-30T11:31:13.032Z"}
{"level":"info","message":{"auth":"[REDACTED]","method":"GET","msg":"request","timestamp":"2025-11-30T11:31:13.039Z","url":"/api/ops-failures?system=saviynt-provisioning&minutes=10"},"timestamp":"2025-11-30T11:31:13.039Z"}
{"level":"info","message":{"auth":"[REDACTED]","method":"GET","msg":"request","timestamp":"2025-11-30T11:31:13.047Z","url":"/api/own-saviynt"},"timestamp":"2025-11-30T11:31:13.047Z"}
{"level":"info","message":{"auth":"[REDACTED]","method":"GET","msg":"request","timestamp":"2025-11-30T11:31:13.061Z","url":"/api/ops-failures?system=saviynt-access&minutes=10"},"timestamp":"2025-11-30T11:31:13.061Z"}
{"level":"info","message":{"auth":"[REDACTED]","method":"GET","msg":"request","timestamp":"2025-11-30T11:31:13.073Z","url":"/api/ops-failures?system=saviynt-provisioning&minutes=10"},"timestamp":"2025-11-30T11:31:13.073Z"}
{"level":"info","message":{"auth":"[REDACTED]","method":"GET","msg":"request","timestamp":"2025-11-30T11:31:14.870Z","url":"/api/own-saviynt-certifications"},"timestamp":"2025-11-30T11:31:14.870Z"}
{"level":"info","message":{"auth":"[REDACTED]","method":"GET","msg":"request","timestamp":"2025-11-30T11:31:14.875Z","url":"/api/own-saviynt-analytics"},"timestamp":"2025-11-30T11:31:14.875Z"}
{"level":"info","message":{"auth":"[REDACTED]","method":"GET","msg":"request","timestamp":"2025-11-30T11:31:14.880Z","url":"/api/own-saviynt-controls"},"timestamp":"2025-11-30T11:31:14.880Z"}
{"level":"info","message":{"auth":"[REDACTED]","method":"GET","msg":"request","timestamp":"2025-11-30T11:31:14.883Z","url":"/api/own-saviynt-certifications"},"timestamp":"2025-11-30T11:31:14.883Z"}
{"level":"info","message":{"auth":"[REDACTED]","method":"GET","msg":"request","timestamp":"2025-11-30T11:31:14.888Z","url":"/api/own-saviynt-requests"},"timestamp":"2025-11-30T11:31:14.889Z"}
{"level":"info","message":{"auth":"[REDACTED]","method":"GET","msg":"request","timestamp":"2025-11-30T11:31:14.892Z","url":"/api/own-saviynt-analytics"},"timestamp":"2025-11-30T11:31:14.892Z"}
{"level":"info","message":{"auth":"[REDACTED]","method":"GET","msg":"request","timestamp":"2025-11-30T11:31:14.896Z","url":"/api/own-saviynt-controls"},"timestamp":"2025-11-30T11:31:14.896Z"}
{"level":"info","message":{"auth":"[REDACTED]","method":"GET","msg":"request","timestamp":"2025-11-30T11:31:14.901Z","url":"/api/own-saviynt-provisioning"},"timestamp":"2025-11-30T11:31:14.901Z"}
{"level":"info","message":{"auth":"[REDACTED]","method":"GET","msg":"request","timestamp":"2025-11-30T11:31:14.906Z","url":"/api/own-saviynt-requests"},"timestamp":"2025-11-30T11:31:14.906Z"}
{"level":"info","message":{"auth":"[REDACTED]","method":"GET","msg":"request","timestamp":"2025-11-30T11:31:14.910Z","url":"/api/own-saviynt-provisioning"},"timestamp":"2025-11-30T11:31:14.910Z"}
{"level":"info","message":{"auth":"[REDACTED]","method":"GET","msg":"request","timestamp":"2025-11-30T11:33:45.691Z","url":"/api/all-users"},"timestamp":"2025-11-30T11:33:45.691Z"}
{"level":"info","message":{"auth":"[REDACTED]","method":"GET","msg":"request","timestamp":"2025-11-30T11:33:45.754Z","url":"/api/search-employee/dana.lee%40company.com/details?system=ping-directory"},"timestamp":"2025-11-30T11:33:45.754Z"}
{"level":"info","message":{"auth":"[REDACTED]","method":"GET","msg":"request","timestamp":"2025-11-30T11:33:45.761Z","url":"/api/search-employee/u1004/details?system=ping-directory"},"timestamp":"2025-11-30T11:33:45.761Z"}
{"level":"info","message":{"auth":"[REDACTED]","method":"GET","msg":"request","timestamp":"2025-11-30T11:33:45.769Z","url":"/api/search-employee/DANA.LEE%40COMPANY.COM/details?system=ping-directory"},"timestamp":"2025-11-30T11:33:45.769Z"}
{"level":"info","message":{"auth":"[REDACTED]","method":"GET","msg":"request","timestamp":"2025-11-30T11:33:45.777Z","url":"/api/search-employee/U1004/details?system=ping-directory"},"timestamp":"2025-11-30T11:33:45.777Z"}
{"level":"info","message":{"auth":"[REDACTED]","method":"GET","msg":"request","timestamp":"2025-11-30T11:33:45.783Z","url":"/api/search-employee/dana.lee%40company.com/details?system=ping-mfa"},"timestamp":"2025-11-30T11:33:45.783Z"}
{"level":"info","message":{"auth":"[REDACTED]","method":"GET","msg":"request","timestamp":"2025-11-30T11:33:45.794Z","url":"/api/search-employee/u1004/details?system=ping-mfa"},"timestamp":"2025-11-30T11:33:45.794Z"}
{"level":"info","message":{"auth":"[REDACTED]","method":"GET","msg":"request","timestamp":"2025-11-30T11:33:45.802Z","url":"/api/search-employee/DANA.LEE%40COMPANY.COM/details?system=ping-mfa"},"timestamp":"2025-11-30T11:33:45.802Z"}
{"level":"info","message":{"auth":"[REDACTED]","method":"GET","msg":"request","timestamp":"2025-11-30T11:33:45.814Z","url":"/api/search-employee/U1004/details?system=ping-mfa"},"timestamp":"2025-11-30T11:33:45.814Z"}
{"level":"info","message":{"auth":"[REDACTED]","method":"GET","msg":"request","timestamp":"2025-11-30T11:39:50.945Z","url":"/api/ops-failures?system=saviynt-access&minutes=10"},"timestamp":"2025-11-30T11:39:50.945Z"}
{"level":"info","message":{"auth":"[REDACTED]","method":"GET","msg":"request","timestamp":"2025-11-30T11:39:50.950Z","url":"/api/ops-failures?system=saviynt-provisioning&minutes=10"},"timestamp":"2025-11-30T11:39:50.950Z"}
{"level":"info","message":{"auth":"[REDACTED]","method":"GET","msg":"request","timestamp":"2025-11-30T11:52:53.906Z","url":"/api/own-saviynt"},"timestamp":"2025-11-30T11:52:53.906Z"}
{"level":"info","message":{"auth":"[REDACTED]","method":"GET","msg":"request","timestamp":"2025-11-30T11:52:53.943Z","url":"/api/ops-failures?system=saviynt-access&minutes=10"},"timestamp":"2025-11-30T11:52:53.943Z"}
{"level":"info","message":{"auth":"[REDACTED]","method":"GET","msg":"request","timestamp":"2025-11-30T11:52:53.950Z","url":"/api/ops-failures?system=saviynt-provisioning&minutes=10"},"timestamp":"2025-11-30T11:52:53.950Z"}
{"level":"info","message":{"auth":"[REDACTED]","method":"GET","msg":"request","timestamp":"2025-11-30T11:52:53.965Z","url":"/api/own-saviynt"},"timestamp":"2025-11-30T11:52:53.965Z"}
{"level":"info","message":{"auth":"[REDACTED]","method":"GET","msg":"request","timestamp":"2025-11-30T11:52:53.977Z","url":"/api/ops-failures?system=saviynt-access&minutes=10"},"timestamp":"2025-11-30T11:52:53.977Z"}
{"level":"info","message":{"auth":"[REDACTED]","method":"GET","msg":"request","timestamp":"2025-11-30T11:52:53.990Z","url":"/api/ops-failures?system=saviynt-provisioning&minutes=10"},"timestamp":"2025-11-30T11:52:53.990Z"}
{"level":"info","message":{"auth":"[REDACTED]","method":"GET","msg":"request","timestamp":"2025-11-30T11:52:54.450Z","url":"/api/own-saviynt-certifications"},"timestamp":"2025-11-30T11:52:54.450Z"}
{"level":"info","message":{"auth":"[REDACTED]","method":"GET","msg":"request","timestamp":"2025-11-30T11:52:54.468Z","url":"/api/own-saviynt-certifications"},"timestamp":"2025-11-30T11:52:54.468Z"}
{"level":"info","message":{"auth":"[REDACTED]","method":"GET","msg":"request","timestamp":"2025-11-30T11:52:54.481Z","url":"/api/own-saviynt-analytics"},"timestamp":"2025-11-30T11:52:54.481Z"}
{"level":"info","message":{"auth":"[REDACTED]","method":"GET","msg":"request","timestamp":"2025-11-30T11:52:54.489Z","url":"/api/own-saviynt-controls"},"timestamp":"2025-11-30T11:52:54.489Z"}
{"level":"info","message":{"auth":"[REDACTED]","method":"GET","msg":"request","timestamp":"2025-11-30T11:52:54.496Z","url":"/api/own-saviynt-requests"},"timestamp":"2025-11-30T11:52:54.496Z"}
{"level":"info","message":{"auth":"[REDACTED]","method":"GET","msg":"request","timestamp":"2025-11-30T11:52:54.510Z","url":"/api/own-saviynt-provisioning"},"timestamp":"2025-11-30T11:52:54.510Z"}
{"level":"info","message":{"auth":"[REDACTED]","method":"GET","msg":"request","timestamp":"2025-11-30T11:52:54.522Z","url":"/api/own-saviynt-analytics"},"timestamp":"2025-11-30T11:52:54.522Z"}
{"level":"info","message":{"auth":"[REDACTED]","method":"GET","msg":"request","timestamp":"2025-11-30T11:52:54.530Z","url":"/api/own-saviynt-controls"},"timestamp":"2025-11-30T11:52:54.530Z"}
{"level":"info","message":{"auth":"[REDACTED]","method":"GET","msg":"request","timestamp":"2025-11-30T11:52:54.536Z","url":"/api/own-saviynt-requests"},"timestamp":"2025-11-30T11:52:54.536Z"}
{"level":"info","message":{"auth":"[REDACTED]","method":"GET","msg":"request","timestamp":"2025-11-30T11:52:54.544Z","url":"/api/own-saviynt-provisioning"},"timestamp":"2025-11-30T11:52:54.544Z"}
{"level":"info","message":{"auth":"[REDACTED]","method":"GET","msg":"request","timestamp":"2025-11-30T11:53:53.395Z","url":"/api/own-saviynt"},"timestamp":"2025-11-30T11:53:53.395Z"}
{"level":"info","message":{"auth":"[REDACTED]","method":"GET","msg":"request","timestamp":"2025-11-30T11:53:53.402Z","url":"/api/ops-failures?system=saviynt-access&minutes=10"},"timestamp":"2025-11-30T11:53:53.402Z"}
{"level":"info","message":{"auth":"[REDACTED]","method":"GET","msg":"request","timestamp":"2025-11-30T11:53:53.443Z","url":"/api/ops-failures?system=saviynt-provisioning&minutes=10"},"timestamp":"2025-11-30T11:53:53.443Z"}
{"level":"info","message":{"auth":"[REDACTED]","method":"GET","msg":"request","timestamp":"2025-11-30T11:53:53.981Z","url":"/api/own-saviynt"},"timestamp":"2025-11-30T11:53:53.981Z"}
{"level":"info","message":{"auth":"[REDACTED]","method":"GET","msg":"request","timestamp":"2025-11-30T11:53:53.985Z","url":"/api/ops-failures?system=saviynt-access&minutes=10"},"timestamp":"2025-11-30T11:53:53.985Z"}
{"level":"info","message":{"auth":"[REDACTED]","method":"GET","msg":"request","timestamp":"2025-11-30T11:53:53.990Z","url":"/api/ops-failures?system=saviynt-provisioning&minutes=10"},"timestamp":"2025-11-30T11:53:53.990Z"}
{"level":"info","message":{"auth":"[REDACTED]","method":"GET","msg":"request","timestamp":"2025-11-30T11:53:54.512Z","url":"/api/own-saviynt-certifications"},"timestamp":"2025-11-30T11:53:54.512Z"}
{"level":"info","message":{"auth":"[REDACTED]","method":"GET","msg":"request","timestamp":"2025-11-30T11:53:54.518Z","url":"/api/own-saviynt-analytics"},"timestamp":"2025-11-30T11:53:54.518Z"}
{"level":"info","message":{"auth":"[REDACTED]","method":"GET","msg":"request","timestamp":"2025-11-30T11:53:54.525Z","url":"/api/own-saviynt-controls"},"timestamp":"2025-11-30T11:53:54.525Z"}
{"level":"info","message":{"auth":"[REDACTED]","method":"GET","msg":"request","timestamp":"2025-11-30T11:53:54.531Z","url":"/api/own-saviynt-requests"},"timestamp":"2025-11-30T11:53:54.531Z"}
{"level":"info","message":{"auth":"[REDACTED]","method":"GET","msg":"request","timestamp":"2025-11-30T11:53:54.535Z","url":"/api/own-saviynt-controls"},"timestamp":"2025-11-30T11:53:54.535Z"}
{"level":"info","message":{"auth":"[REDACTED]","method":"GET","msg":"request","timestamp":"2025-11-30T11:53:54.539Z","url":"/api/own-saviynt-certifications"},"timestamp":"2025-11-30T11:53:54.539Z"}
{"level":"info","message":{"auth":"[REDACTED]","method":"GET","msg":"request","timestamp":"2025-11-30T11:53:54.544Z","url":"/api/own-saviynt-analytics"},"timestamp":"2025-11-30T11:53:54.544Z"}
{"level":"info","message":{"auth":"[REDACTED]","method":"GET","msg":"request","timestamp":"2025-11-30T11:53:54.548Z","url":"/api/own-saviynt-provisioning"},"timestamp":"2025-11-30T11:53:54.548Z"}
{"level":"info","message":{"auth":"[REDACTED]","method":"GET","msg":"request","timestamp":"2025-11-30T11:53:54.556Z","url":"/api/own-saviynt-requests"},"timestamp":"2025-11-30T11:53:54.556Z"}
{"level":"info","message":{"auth":"[REDACTED]","method":"GET","msg":"request","timestamp":"2025-11-30T11:53:54.563Z","url":"/api/own-saviynt-provisioning"},"timestamp":"2025-11-30T11:53:54.563Z"}
{"level":"info","message":{"auth":"[REDACTED]","method":"GET","msg":"request","timestamp":"2025-11-30T11:56:36.852Z","url":"/api/own-saviynt"},"timestamp":"2025-11-30T11:56:36.852Z"}
{"level":"info","message":{"auth":"[REDACTED]","method":"GET","msg":"request","timestamp":"2025-11-30T11:56:36.857Z","url":"/api/ops-failures?system=saviynt-access&minutes=10"},"timestamp":"2025-11-30T11:56:36.857Z"}
{"level":"info","message":{"auth":"[REDACTED]","method":"GET","msg":"request","timestamp":"2025-11-30T11:56:36.863Z","url":"/api/ops-failures?system=saviynt-provisioning&minutes=10"},"timestamp":"2025-11-30T11:56:36.863Z"}
{"level":"info","message":{"auth":"[REDACTED]","method":"GET","msg":"request","timestamp":"2025-11-30T11:56:36.907Z","url":"/api/own-saviynt"},"timestamp":"2025-11-30T11:56:36.907Z"}
{"level":"info","message":{"auth":"[REDACTED]","method":"GET","msg":"request","timestamp":"2025-11-30T11:56:36.911Z","url":"/api/ops-failures?system=saviynt-access&minutes=10"},"timestamp":"2025-11-30T11:56:36.911Z"}
{"level":"info","message":{"auth":"[REDACTED]","method":"GET","msg":"request","timestamp":"2025-11-30T11:56:36.916Z","url":"/api/ops-failures?system=saviynt-provisioning&minutes=10"},"timestamp":"2025-11-30T11:56:36.916Z"}
{"level":"info","message":{"auth":"[REDACTED]","method":"GET","msg":"request","timestamp":"2025-11-30T11:56:38.156Z","url":"/api/own-saviynt-certifications"},"timestamp":"2025-11-30T11:56:38.156Z"}
{"level":"info","message":{"auth":"[REDACTED]","method":"GET","msg":"request","timestamp":"2025-11-30T11:56:38.162Z","url":"/api/own-saviynt-analytics"},"timestamp":"2025-11-30T11:56:38.162Z"}
{"level":"info","message":{"auth":"[REDACTED]","method":"GET","msg":"request","timestamp":"2025-11-30T11:56:38.168Z","url":"/api/own-saviynt-controls"},"timestamp":"2025-11-30T11:56:38.168Z"}
{"level":"info","message":{"auth":"[REDACTED]","method":"GET","msg":"request","timestamp":"2025-11-30T11:56:38.179Z","url":"/api/own-saviynt-requests"},"timestamp":"2025-11-30T11:56:38.179Z"}
{"level":"info","message":{"auth":"[REDACTED]","method":"GET","msg":"request","timestamp":"2025-11-30T11:56:38.183Z","url":"/api/own-saviynt-provisioning"},"timestamp":"2025-11-30T11:56:38.183Z"}
{"level":"info","message":{"auth":"[REDACTED]","method":"GET","msg":"request","timestamp":"2025-11-30T11:56:38.186Z","url":"/api/own-saviynt-certifications"},"timestamp":"2025-11-30T11:56:38.187Z"}
{"level":"info","message":{"auth":"[REDACTED]","method":"GET","msg":"request","timestamp":"2025-11-30T11:56:38.190Z","url":"/api/own-saviynt-analytics"},"timestamp":"2025-11-30T11:56:38.190Z"}
{"level":"info","message":{"auth":"[REDACTED]","method":"GET","msg":"request","timestamp":"2025-11-30T11:56:38.194Z","url":"/api/own-saviynt-controls"},"timestamp":"2025-11-30T11:56:38.194Z"}
{"level":"info","message":{"auth":"[REDACTED]","method":"GET","msg":"request","timestamp":"2025-11-30T11:56:38.199Z","url":"/api/own-saviynt-requests"},"timestamp":"2025-11-30T11:56:38.199Z"}
{"level":"info","message":{"auth":"[REDACTED]","method":"GET","msg":"request","timestamp":"2025-11-30T11:56:38.202Z","url":"/api/own-saviynt-provisioning"},"timestamp":"2025-11-30T11:56:38.203Z"}
{"level":"info","message":{"auth":"[REDACTED]","method":"GET","msg":"request","timestamp":"2025-11-30T11:57:52.476Z","url":"/api/own-saviynt"},"timestamp":"2025-11-30T11:57:52.476Z"}
{"level":"info","message":{"auth":"[REDACTED]","method":"GET","msg":"request","timestamp":"2025-11-30T11:57:52.482Z","url":"/api/own-saviynt-certifications"},"timestamp":"2025-11-30T11:57:52.482Z"}
{"level":"info","message":{"auth":"[REDACTED]","method":"GET","msg":"request","timestamp":"2025-11-30T11:57:52.495Z","url":"/api/own-saviynt-analytics"},"timestamp":"2025-11-30T11:57:52.495Z"}
{"level":"info","message":{"auth":"[REDACTED]","method":"GET","msg":"request","timestamp":"2025-11-30T11:57:52.506Z","url":"/api/own-saviynt-controls"},"timestamp":"2025-11-30T11:57:52.506Z"}
{"level":"info","message":{"auth":"[REDACTED]","method":"GET","msg":"request","timestamp":"2025-11-30T11:57:52.514Z","url":"/api/own-saviynt"},"timestamp":"2025-11-30T11:57:52.514Z"}
{"level":"info","message":{"auth":"[REDACTED]","method":"GET","msg":"request","timestamp":"2025-11-30T11:57:52.523Z","url":"/api/own-saviynt-certifications"},"timestamp":"2025-11-30T11:57:52.523Z"}
{"level":"info","message":{"auth":"[REDACTED]","method":"GET","msg":"request","timestamp":"2025-11-30T11:57:52.538Z","url":"/api/own-saviynt-analytics"},"timestamp":"2025-11-30T11:57:52.538Z"}
{"level":"info","message":{"auth":"[REDACTED]","method":"GET","msg":"request","timestamp":"2025-11-30T11:57:52.546Z","url":"/api/own-saviynt-requests"},"timestamp":"2025-11-30T11:57:52.546Z"}
{"level":"info","message":{"auth":"[REDACTED]","method":"GET","msg":"request","timestamp":"2025-11-30T11:57:52.560Z","url":"/api/own-saviynt-provisioning"},"timestamp":"2025-11-30T11:57:52.560Z"}
{"level":"info","message":{"auth":"[REDACTED]","method":"GET","msg":"request","timestamp":"2025-11-30T11:57:52.574Z","url":"/api/own-saviynt-controls"},"timestamp":"2025-11-30T11:57:52.574Z"}
{"level":"info","message":{"auth":"[REDACTED]","method":"GET","msg":"request","timestamp":"2025-11-30T11:57:52.583Z","url":"/api/ops-failures?system=saviynt-access&minutes=10"},"timestamp":"2025-11-30T11:57:52.583Z"}
{"level":"info","message":{"auth":"[REDACTED]","method":"GET","msg":"request","timestamp":"2025-11-30T11:57:52.594Z","url":"/api/ops-failures?system=saviynt-provisioning&minutes=10"},"timestamp":"2025-11-30T11:57:52.594Z"}
{"level":"info","message":{"auth":"[REDACTED]","method":"GET","msg":"request","timestamp":"2025-11-30T11:57:52.602Z","url":"/api/own-saviynt-requests"},"timestamp":"2025-11-30T11:57:52.602Z"}
{"level":"info","message":{"auth":"[REDACTED]","method":"GET","msg":"request","timestamp":"2025-11-30T11:57:52.611Z","url":"/api/own-saviynt-provisioning"},"timestamp":"2025-11-30T11:57:52.611Z"}
{"level":"info","message":{"auth":"[REDACTED]","method":"GET","msg":"request","timestamp":"2025-11-30T11:57:59.665Z","url":"/api/ops-failures?system=ping-federate&minutes=10"},"timestamp":"2025-11-30T11:57:59.665Z"}
{"level":"info","message":{"auth":"[REDACTED]","method":"GET","msg":"request","timestamp":"2025-11-30T11:57:59.668Z","url":"/api/ops-failures?system=ping-mfa&minutes=10"},"timestamp":"2025-11-30T11:57:59.668Z"}
{"level":"info","message":{"auth":"[REDACTED]","method":"GET","msg":"request","timestamp":"2025-11-30T11:58:04.370Z","url":"/api/own-saviynt"},"timestamp":"2025-11-30T11:58:04.370Z"}
{"level":"info","message":{"auth":"[REDACTED]","method":"GET","msg":"request","timestamp":"2025-11-30T11:58:04.375Z","url":"/api/own-saviynt-certifications"},"timestamp":"2025-11-30T11:58:04.375Z"}
{"level":"info","message":{"auth":"[REDACTED]","method":"GET","msg":"request","timestamp":"2025-11-30T11:58:04.379Z","url":"/api/ops-failures?system=saviynt-access&minutes=10"},"timestamp":"2025-11-30T11:58:04.379Z"}
{"level":"info","message":{"auth":"[REDACTED]","method":"GET","msg":"request","timestamp":"2025-11-30T11:58:04.384Z","url":"/api/own-saviynt"},"timestamp":"2025-11-30T11:58:04.384Z"}
{"level":"info","message":{"auth":"[REDACTED]","method":"GET","msg":"request","timestamp":"2025-11-30T11:58:04.388Z","url":"/api/ops-failures?system=saviynt-provisioning&minutes=10"},"timestamp":"2025-11-30T11:58:04.388Z"}
{"level":"info","message":{"auth":"[REDACTED]","method":"GET","msg":"request","timestamp":"2025-11-30T11:58:04.392Z","url":"/api/own-saviynt-analytics"},"timestamp":"2025-11-30T11:58:04.392Z"}
{"level":"info","message":{"auth":"[REDACTED]","method":"GET","msg":"request","timestamp":"2025-11-30T11:58:04.394Z","url":"/api/own-saviynt-controls"},"timestamp":"2025-11-30T11:58:04.394Z"}
{"level":"info","message":{"auth":"[REDACTED]","method":"GET","msg":"request","timestamp":"2025-11-30T11:58:04.399Z","url":"/api/own-saviynt-requests"},"timestamp":"2025-11-30T11:58:04.399Z"}
{"level":"info","message":{"auth":"[REDACTED]","method":"GET","msg":"request","timestamp":"2025-11-30T11:58:04.402Z","url":"/api/own-saviynt-provisioning"},"timestamp":"2025-11-30T11:58:04.402Z"}
{"level":"info","message":{"auth":"[REDACTED]","method":"GET","msg":"request","timestamp":"2025-11-30T11:58:04.406Z","url":"/api/own-saviynt-certifications"},"timestamp":"2025-11-30T11:58:04.406Z"}
{"level":"info","message":{"auth":"[REDACTED]","method":"GET","msg":"request","timestamp":"2025-11-30T11:58:04.409Z","url":"/api/own-saviynt-analytics"},"timestamp":"2025-11-30T11:58:04.409Z"}
{"level":"info","message":{"auth":"[REDACTED]","method":"GET","msg":"request","timestamp":"2025-11-30T11:58:04.413Z","url":"/api/own-saviynt-controls"},"timestamp":"2025-11-30T11:58:04.413Z"}
{"level":"info","message":{"auth":"[REDACTED]","method":"GET","msg":"request","timestamp":"2025-11-30T11:58:04.417Z","url":"/api/own-saviynt-requests"},"timestamp":"2025-11-30T11:58:04.417Z"}
{"level":"info","message":{"auth":"[REDACTED]","method":"GET","msg":"request","timestamp":"2025-11-30T11:58:04.420Z","url":"/api/own-saviynt-provisioning"},"timestamp":"2025-11-30T11:58:04.420Z"}
{"level":"info","message":{"auth":"[REDACTED]","method":"GET","msg":"request","timestamp":"2025-11-30T11:58:05.401Z","url":"/api/own-ping-directory"},"timestamp":"2025-11-30T11:58:05.402Z"}
{"level":"info","message":{"auth":"[REDACTED]","method":"GET","msg":"request","timestamp":"2025-11-30T11:58:05.407Z","url":"/api/own-ping-federate"},"timestamp":"2025-11-30T11:58:05.407Z"}
{"level":"info","message":{"auth":"[REDACTED]","method":"GET","msg":"request","timestamp":"2025-11-30T11:58:05.411Z","url":"/api/own-ping-mfa"},"timestamp":"2025-11-30T11:58:05.411Z"}
{"level":"info","message":{"auth":"[REDACTED]","method":"GET","msg":"request","timestamp":"2025-11-30T11:58:05.416Z","url":"/api/own-cyberark"},"timestamp":"2025-11-30T11:58:05.416Z"}
{"level":"info","message":{"auth":"[REDACTED]","method":"GET","msg":"request","timestamp":"2025-11-30T11:58:05.420Z","url":"/api/own-ping-directory"},"timestamp":"2025-11-30T11:58:05.420Z"}
{"level":"info","message":{"auth":"[REDACTED]","method":"GET","msg":"request","timestamp":"2025-11-30T11:58:05.425Z","url":"/api/own-ping-federate"},"timestamp":"2025-11-30T11:58:05.425Z"}
{"level":"info","message":{"auth":"[REDACTED]","method":"GET","msg":"request","timestamp":"2025-11-30T11:58:05.428Z","url":"/api/own-ping-mfa"},"timestamp":"2025-11-30T11:58:05.428Z"}
{"level":"info","message":{"auth":"[REDACTED]","method":"GET","msg":"request","timestamp":"2025-11-30T11:58:05.432Z","url":"/api/own-azure-ad"},"timestamp":"2025-11-30T11:58:05.432Z"}
{"level":"info","message":{"auth":"[REDACTED]","method":"GET","msg":"request","timestamp":"2025-11-30T11:58:05.436Z","url":"/api/own-cyberark"},"timestamp":"2025-11-30T11:58:05.436Z"}
{"level":"info","message":{"auth":"[REDACTED]","method":"GET","msg":"request","timestamp":"2025-11-30T11:58:05.440Z","url":"/api/own-azure-ad"},"timestamp":"2025-11-30T11:58:05.440Z"}
{"level":"info","message":{"auth":"[REDACTED]","method":"GET","msg":"request","timestamp":"2025-11-30T11:58:13.125Z","url":"/api/own-saviynt-certifications"},"timestamp":"2025-11-30T11:58:13.125Z"}
{"level":"info","message":{"auth":"[REDACTED]","method":"GET","msg":"request","timestamp":"2025-11-30T11:58:13.130Z","url":"/api/own-saviynt-analytics"},"timestamp":"2025-11-30T11:58:13.130Z"}
{"level":"info","message":{"auth":"[REDACTED]","method":"GET","msg":"request","timestamp":"2025-11-30T11:58:13.135Z","url":"/api/own-saviynt-controls"},"timestamp":"2025-11-30T11:58:13.135Z"}
{"level":"info","message":{"auth":"[REDACTED]","method":"GET","msg":"request","timestamp":"2025-11-30T11:58:13.141Z","url":"/api/own-saviynt-requests"},"timestamp":"2025-11-30T11:58:13.141Z"}
{"level":"info","message":{"auth":"[REDACTED]","method":"GET","msg":"request","timestamp":"2025-11-30T11:58:13.144Z","url":"/api/own-saviynt-provisioning"},"timestamp":"2025-11-30T11:58:13.144Z"}
{"level":"info","message":{"auth":"[REDACTED]","method":"GET","msg":"request","timestamp":"2025-11-30T11:58:13.150Z","url":"/api/ops-failures?system=saviynt-provisioning&minutes=10"},"timestamp":"2025-11-30T11:58:13.150Z"}
{"level":"info","message":{"auth":"[REDACTED]","method":"GET","msg":"request","timestamp":"2025-11-30T11:58:13.154Z","url":"/api/own-saviynt-analytics"},"timestamp":"2025-11-30T11:58:13.154Z"}
{"level":"info","message":{"auth":"[REDACTED]","method":"GET","msg":"request","timestamp":"2025-11-30T11:58:13.161Z","url":"/api/own-saviynt-controls"},"timestamp":"2025-11-30T11:58:13.161Z"}
{"level":"info","message":{"auth":"[REDACTED]","method":"GET","msg":"request","timestamp":"2025-11-30T11:58:13.164Z","url":"/api/own-saviynt-requests"},"timestamp":"2025-11-30T11:58:13.164Z"}
{"level":"info","message":{"auth":"[REDACTED]","method":"GET","msg":"request","timestamp":"2025-11-30T11:58:13.168Z","url":"/api/ops-failures?system=saviynt-access&minutes=10"},"timestamp":"2025-11-30T11:58:13.168Z"}
{"level":"info","message":{"auth":"[REDACTED]","method":"GET","msg":"request","timestamp":"2025-11-30T11:58:13.174Z","url":"/api/own-saviynt-provisioning"},"timestamp":"2025-11-30T11:58:13.174Z"}
{"level":"info","message":{"auth":"[REDACTED]","method":"GET","msg":"request","timestamp":"2025-11-30T11:58:13.178Z","url":"/api/own-saviynt-certifications"},"timestamp":"2025-11-30T11:58:13.178Z"}
{"level":"info","message":{"auth":"[REDACTED]","method":"GET","msg":"request","timestamp":"2025-11-30T11:58:25.705Z","url":"/api/ops-failures?system=ping-federate&minutes=10"},"timestamp":"2025-11-30T11:58:25.705Z"}
{"level":"info","message":{"auth":"[REDACTED]","method":"GET","msg":"request","timestamp":"2025-11-30T11:58:25.708Z","url":"/api/ops-failures?system=ping-mfa&minutes=10"},"timestamp":"2025-11-30T11:58:25.708Z"}
{"level":"info","message":{"auth":"[REDACTED]","method":"GET","msg":"request","timestamp":"2025-11-30T11:58:40.747Z","url":"/api/own-cyberark"},"timestamp":"2025-11-30T11:58:40.747Z"}
{"level":"info","message":{"auth":"[REDACTED]","method":"GET","msg":"request","timestamp":"2025-11-30T11:58:40.758Z","url":"/api/ops-failures?system=cyberark-pam&minutes=10"},"timestamp":"2025-11-30T11:58:40.758Z"}
{"level":"info","message":{"auth":"[REDACTED]","method":"GET","msg":"request","timestamp":"2025-11-30T11:58:40.765Z","url":"/api/ops-failures?system=cyberark-vault&minutes=10"},"timestamp":"2025-11-30T11:58:40.765Z"}
{"level":"info","message":{"auth":"[REDACTED]","method":"GET","msg":"request","timestamp":"2025-11-30T11:58:40.773Z","url":"/api/own-cyberark"},"timestamp":"2025-11-30T11:58:40.773Z"}
{"level":"info","message":{"auth":"[REDACTED]","method":"GET","msg":"request","timestamp":"2025-11-30T11:58:40.780Z","url":"/api/own-cyberark-epm"},"timestamp":"2025-11-30T11:58:40.780Z"}
{"level":"info","message":{"auth":"[REDACTED]","method":"GET","msg":"request","timestamp":"2025-11-30T11:58:40.789Z","url":"/api/own-cyberark-alero"},"timestamp":"2025-11-30T11:58:40.789Z"}
{"level":"info","message":{"auth":"[REDACTED]","method":"GET","msg":"request","timestamp":"2025-11-30T11:58:40.803Z","url":"/api/own-cyberark-conjur"},"timestamp":"2025-11-30T11:58:40.803Z"}
{"level":"info","message":{"auth":"[REDACTED]","method":"GET","msg":"request","timestamp":"2025-11-30T11:58:40.815Z","url":"/api/own-cyberark-dpa"},"timestamp":"2025-11-30T11:58:40.815Z"}
{"level":"info","message":{"auth":"[REDACTED]","method":"GET","msg":"request","timestamp":"2025-11-30T11:58:40.843Z","url":"/api/own-cyberark-identity"},"timestamp":"2025-11-30T11:58:40.843Z"}
{"level":"info","message":{"auth":"[REDACTED]","method":"GET","msg":"request","timestamp":"2025-11-30T11:58:40.848Z","url":"/api/own-cyberark-epm"},"timestamp":"2025-11-30T11:58:40.848Z"}
{"level":"info","message":{"auth":"[REDACTED]","method":"GET","msg":"request","timestamp":"2025-11-30T11:58:40.858Z","url":"/api/own-cyberark-dpa"},"timestamp":"2025-11-30T11:58:40.858Z"}
{"level":"info","message":{"auth":"[REDACTED]","method":"GET","msg":"request","timestamp":"2025-11-30T11:58:40.861Z","url":"/api/own-cyberark-alero"},"timestamp":"2025-11-30T11:58:40.861Z"}
{"level":"info","message":{"auth":"[REDACTED]","method":"GET","msg":"request","timestamp":"2025-11-30T11:58:40.866Z","url":"/api/own-cyberark-conjur"},"timestamp":"2025-11-30T11:58:40.866Z"}
{"level":"info","message":{"auth":"[REDACTED]","method":"GET","msg":"request","timestamp":"2025-11-30T11:58:40.869Z","url":"/api/own-cyberark-identity"},"timestamp":"2025-11-30T11:58:40.869Z"}
{"level":"info","message":{"auth":"[REDACTED]","method":"GET","msg":"request","timestamp":"2025-11-30T12:18:59.652Z","url":"/api/own-cyberark"},"timestamp":"2025-11-30T12:18:59.652Z"}
{"level":"info","message":{"auth":"[REDACTED]","method":"GET","msg":"request","timestamp":"2025-11-30T12:18:59.659Z","url":"/api/ops-failures?system=cyberark-pam&minutes=10"},"timestamp":"2025-11-30T12:18:59.659Z"}
{"level":"info","message":{"auth":"[REDACTED]","method":"GET","msg":"request","timestamp":"2025-11-30T12:18:59.668Z","url":"/api/ops-failures?system=cyberark-vault&minutes=10"},"timestamp":"2025-11-30T12:18:59.668Z"}
{"level":"info","message":{"auth":"[REDACTED]","method":"GET","msg":"request","timestamp":"2025-11-30T12:18:59.725Z","url":"/api/own-cyberark"},"timestamp":"2025-11-30T12:18:59.725Z"}
{"level":"info","message":{"auth":"[REDACTED]","method":"GET","msg":"request","timestamp":"2025-11-30T12:18:59.730Z","url":"/api/ops-failures?system=cyberark-pam&minutes=10"},"timestamp":"2025-11-30T12:18:59.730Z"}
{"level":"info","message":{"auth":"[REDACTED]","method":"GET","msg":"request","timestamp":"2025-11-30T12:18:59.734Z","url":"/api/ops-failures?system=cyberark-vault&minutes=10"},"timestamp":"2025-11-30T12:18:59.734Z"}
{"level":"info","message":{"auth":"[REDACTED]","method":"GET","msg":"request","timestamp":"2025-11-30T12:19:02.168Z","url":"/api/own-cyberark-epm"},"timestamp":"2025-11-30T12:19:02.168Z"}
{"level":"info","message":{"auth":"[REDACTED]","method":"GET","msg":"request","timestamp":"2025-11-30T12:19:02.172Z","url":"/api/own-cyberark-alero"},"timestamp":"2025-11-30T12:19:02.172Z"}
{"level":"info","message":{"auth":"[REDACTED]","method":"GET","msg":"request","timestamp":"2025-11-30T12:19:02.176Z","url":"/api/own-cyberark-conjur"},"timestamp":"2025-11-30T12:19:02.176Z"}
{"level":"info","message":{"auth":"[REDACTED]","method":"GET","msg":"request","timestamp":"2025-11-30T12:19:02.180Z","url":"/api/own-cyberark-epm"},"timestamp":"2025-11-30T12:19:02.180Z"}
{"level":"info","message":{"auth":"[REDACTED]","method":"GET","msg":"request","timestamp":"2025-11-30T12:19:02.184Z","url":"/api/own-cyberark-dpa"},"timestamp":"2025-11-30T12:19:02.184Z"}
{"level":"info","message":{"auth":"[REDACTED]","method":"GET","msg":"request","timestamp":"2025-11-30T12:19:02.188Z","url":"/api/own-cyberark-identity"},"timestamp":"2025-11-30T12:19:02.188Z"}
{"level":"info","message":{"auth":"[REDACTED]","method":"GET","msg":"request","timestamp":"2025-11-30T12:19:02.192Z","url":"/api/own-cyberark-alero"},"timestamp":"2025-11-30T12:19:02.192Z"}
{"level":"info","message":{"auth":"[REDACTED]","method":"GET","msg":"request","timestamp":"2025-11-30T12:19:02.197Z","url":"/api/own-cyberark-conjur"},"timestamp":"2025-11-30T12:19:02.197Z"}
{"level":"info","message":{"auth":"[REDACTED]","method":"GET","msg":"request","timestamp":"2025-11-30T12:19:02.201Z","url":"/api/own-cyberark-dpa"},"timestamp":"2025-11-30T12:19:02.201Z"}
{"level":"info","message":{"auth":"[REDACTED]","method":"GET","msg":"request","timestamp":"2025-11-30T12:19:02.205Z","url":"/api/own-cyberark-identity"},"timestamp":"2025-11-30T12:19:02.205Z"}
{"level":"info","message":{"auth":"[REDACTED]","method":"GET","msg":"request","timestamp":"2025-11-30T12:19:42.759Z","url":"/api/own-cyberark"},"timestamp":"2025-11-30T12:19:42.759Z"}
{"level":"info","message":{"auth":"[REDACTED]","method":"GET","msg":"request","timestamp":"2025-11-30T12:19:42.764Z","url":"/api/ops-failures?system=cyberark-pam&minutes=10"},"timestamp":"2025-11-30T12:19:42.764Z"}
{"level":"info","message":{"auth":"[REDACTED]","method":"GET","msg":"request","timestamp":"2025-11-30T12:19:42.770Z","url":"/api/ops-failures?system=cyberark-vault&minutes=10"},"timestamp":"2025-11-30T12:19:42.770Z"}
{"level":"info","message":{"auth":"[REDACTED]","method":"GET","msg":"request","timestamp":"2025-11-30T12:19:42.840Z","url":"/api/own-cyberark"},"timestamp":"2025-11-30T12:19:42.840Z"}
{"level":"info","message":{"auth":"[REDACTED]","method":"GET","msg":"request","timestamp":"2025-11-30T12:19:42.846Z","url":"/api/ops-failures?system=cyberark-pam&minutes=10"},"timestamp":"2025-11-30T12:19:42.846Z"}
{"level":"info","message":{"auth":"[REDACTED]","method":"GET","msg":"request","timestamp":"2025-11-30T12:19:42.850Z","url":"/api/ops-failures?system=cyberark-vault&minutes=10"},"timestamp":"2025-11-30T12:19:42.850Z"}
{"level":"info","message":{"auth":"[REDACTED]","method":"GET","msg":"request","timestamp":"2025-11-30T12:19:43.226Z","url":"/api/own-cyberark-epm"},"timestamp":"2025-11-30T12:19:43.226Z"}
{"level":"info","message":{"auth":"[REDACTED]","method":"GET","msg":"request","timestamp":"2025-11-30T12:19:43.233Z","url":"/api/own-cyberark-alero"},"timestamp":"2025-11-30T12:19:43.233Z"}
{"level":"info","message":{"auth":"[REDACTED]","method":"GET","msg":"request","timestamp":"2025-11-30T12:19:43.237Z","url":"/api/own-cyberark-conjur"},"timestamp":"2025-11-30T12:19:43.237Z"}
{"level":"info","message":{"auth":"[REDACTED]","method":"GET","msg":"request","timestamp":"2025-11-30T12:19:43.240Z","url":"/api/own-cyberark-dpa"},"timestamp":"2025-11-30T12:19:43.240Z"}
{"level":"info","message":{"auth":"[REDACTED]","method":"GET","msg":"request","timestamp":"2025-11-30T12:19:43.246Z","url":"/api/own-cyberark-epm"},"timestamp":"2025-11-30T12:19:43.246Z"}
{"level":"info","message":{"auth":"[REDACTED]","method":"GET","msg":"request","timestamp":"2025-11-30T12:19:43.250Z","url":"/api/own-cyberark-alero"},"timestamp":"2025-11-30T12:19:43.250Z"}
{"level":"info","message":{"auth":"[REDACTED]","method":"GET","msg":"request","timestamp":"2025-11-30T12:19:43.254Z","url":"/api/own-cyberark-identity"},"timestamp":"2025-11-30T12:19:43.254Z"}
{"level":"info","message":{"auth":"[REDACTED]","method":"GET","msg":"request","timestamp":"2025-11-30T12:19:43.257Z","url":"/api/own-cyberark-conjur"},"timestamp":"2025-11-30T12:19:43.257Z"}
{"level":"info","message":{"auth":"[REDACTED]","method":"GET","msg":"request","timestamp":"2025-11-30T12:19:43.260Z","url":"/api/own-cyberark-dpa"},"timestamp":"2025-11-30T12:19:43.260Z"}
{"level":"info","message":{"auth":"[REDACTED]","method":"GET","msg":"request","timestamp":"2025-11-30T12:19:43.263Z","url":"/api/own-cyberark-identity"},"timestamp":"2025-11-30T12:19:43.263Z"}
{"level":"info","message":{"auth":"[REDACTED]","method":"GET","msg":"request","timestamp":"2025-11-30T12:21:13.503Z","url":"/api/own-cyberark"},"timestamp":"2025-11-30T12:21:13.503Z"}
{"level":"info","message":{"auth":"[REDACTED]","method":"GET","msg":"request","timestamp":"2025-11-30T12:21:13.525Z","url":"/api/ops-failures?system=cyberark-pam&minutes=10"},"timestamp":"2025-11-30T12:21:13.525Z"}
{"level":"info","message":{"auth":"[REDACTED]","method":"GET","msg":"request","timestamp":"2025-11-30T12:21:13.531Z","url":"/api/ops-failures?system=cyberark-vault&minutes=10"},"timestamp":"2025-11-30T12:21:13.531Z"}
{"level":"info","message":{"auth":"[REDACTED]","method":"GET","msg":"request","timestamp":"2025-11-30T12:21:13.541Z","url":"/api/own-cyberark"},"timestamp":"2025-11-30T12:21:13.541Z"}
{"level":"info","message":{"auth":"[REDACTED]","method":"GET","msg":"request","timestamp":"2025-11-30T12:21:13.546Z","url":"/api/own-cyberark-epm"},"timestamp":"2025-11-30T12:21:13.546Z"}
{"level":"info","message":{"auth":"[REDACTED]","method":"GET","msg":"request","timestamp":"2025-11-30T12:21:13.556Z","url":"/api/own-cyberark-alero"},"timestamp":"2025-11-30T12:21:13.556Z"}
{"level":"info","message":{"auth":"[REDACTED]","method":"GET","msg":"request","timestamp":"2025-11-30T12:21:13.562Z","url":"/api/own-cyberark-conjur"},"timestamp":"2025-11-30T12:21:13.562Z"}
{"level":"info","message":{"auth":"[REDACTED]","method":"GET","msg":"request","timestamp":"2025-11-30T12:21:13.576Z","url":"/api/own-cyberark-dpa"},"timestamp":"2025-11-30T12:21:13.576Z"}
{"level":"info","message":{"auth":"[REDACTED]","method":"GET","msg":"request","timestamp":"2025-11-30T12:21:13.590Z","url":"/api/own-cyberark-identity"},"timestamp":"2025-11-30T12:21:13.590Z"}
{"level":"info","message":{"auth":"[REDACTED]","method":"GET","msg":"request","timestamp":"2025-11-30T12:21:13.605Z","url":"/api/own-cyberark-epm"},"timestamp":"2025-11-30T12:21:13.605Z"}
{"level":"info","message":{"auth":"[REDACTED]","method":"GET","msg":"request","timestamp":"2025-11-30T12:21:13.631Z","url":"/api/own-cyberark-alero"},"timestamp":"2025-11-30T12:21:13.631Z"}
{"level":"info","message":{"auth":"[REDACTED]","method":"GET","msg":"request","timestamp":"2025-11-30T12:21:13.636Z","url":"/api/own-cyberark-conjur"},"timestamp":"2025-11-30T12:21:13.636Z"}
{"level":"info","message":{"auth":"[REDACTED]","method":"GET","msg":"request","timestamp":"2025-11-30T12:21:13.640Z","url":"/api/own-cyberark-dpa"},"timestamp":"2025-11-30T12:21:13.640Z"}
{"level":"info","message":{"auth":"[REDACTED]","method":"GET","msg":"request","timestamp":"2025-11-30T12:21:13.645Z","url":"/api/own-cyberark-identity"},"timestamp":"2025-11-30T12:21:13.645Z"}
{"level":"info","message":{"auth":"[REDACTED]","method":"GET","msg":"request","timestamp":"2025-11-30T12:24:39.961Z","url":"/api/own-cyberark"},"timestamp":"2025-11-30T12:24:39.961Z"}
{"level":"info","message":{"auth":"[REDACTED]","method":"GET","msg":"request","timestamp":"2025-11-30T12:24:39.969Z","url":"/api/ops-failures?system=cyberark-pam&minutes=10"},"timestamp":"2025-11-30T12:24:39.969Z"}
{"level":"info","message":{"auth":"[REDACTED]","method":"GET","msg":"request","timestamp":"2025-11-30T12:24:39.985Z","url":"/api/ops-failures?system=cyberark-vault&minutes=10"},"timestamp":"2025-11-30T12:24:39.985Z"}
{"level":"info","message":{"auth":"[REDACTED]","method":"GET","msg":"request","timestamp":"2025-11-30T12:24:40.004Z","url":"/api/own-cyberark"},"timestamp":"2025-11-30T12:24:40.004Z"}
{"level":"info","message":{"auth":"[REDACTED]","method":"GET","msg":"request","timestamp":"2025-11-30T12:24:40.012Z","url":"/api/ops-failures?system=cyberark-pam&minutes=10"},"timestamp":"2025-11-30T12:24:40.012Z"}
{"level":"info","message":{"auth":"[REDACTED]","method":"GET","msg":"request","timestamp":"2025-11-30T12:24:40.024Z","url":"/api/ops-failures?system=cyberark-vault&minutes=10"},"timestamp":"2025-11-30T12:24:40.024Z"}
{"level":"info","message":{"auth":"[REDACTED]","method":"GET","msg":"request","timestamp":"2025-11-30T12:24:40.404Z","url":"/api/own-cyberark-epm"},"timestamp":"2025-11-30T12:24:40.404Z"}
{"level":"info","message":{"auth":"[REDACTED]","method":"GET","msg":"request","timestamp":"2025-11-30T12:24:40.412Z","url":"/api/own-cyberark-alero"},"timestamp":"2025-11-30T12:24:40.412Z"}
{"level":"info","message":{"auth":"[REDACTED]","method":"GET","msg":"request","timestamp":"2025-11-30T12:24:40.421Z","url":"/api/own-cyberark-conjur"},"timestamp":"2025-11-30T12:24:40.421Z"}
{"level":"info","message":{"auth":"[REDACTED]","method":"GET","msg":"request","timestamp":"2025-11-30T12:24:40.426Z","url":"/api/own-cyberark-dpa"},"timestamp":"2025-11-30T12:24:40.426Z"}
{"level":"info","message":{"auth":"[REDACTED]","method":"GET","msg":"request","timestamp":"2025-11-30T12:24:40.432Z","url":"/api/own-cyberark-identity"},"timestamp":"2025-11-30T12:24:40.432Z"}
{"level":"info","message":{"auth":"[REDACTED]","method":"GET","msg":"request","timestamp":"2025-11-30T12:24:40.437Z","url":"/api/own-cyberark-epm"},"timestamp":"2025-11-30T12:24:40.437Z"}
{"level":"info","message":{"auth":"[REDACTED]","method":"GET","msg":"request","timestamp":"2025-11-30T12:24:40.440Z","url":"/api/own-cyberark-alero"},"timestamp":"2025-11-30T12:24:40.440Z"}
{"level":"info","message":{"auth":"[REDACTED]","method":"GET","msg":"request","timestamp":"2025-11-30T12:24:40.444Z","url":"/api/own-cyberark-conjur"},"timestamp":"2025-11-30T12:24:40.444Z"}
{"level":"info","message":{"auth":"[REDACTED]","method":"GET","msg":"request","timestamp":"2025-11-30T12:24:40.450Z","url":"/api/own-cyberark-dpa"},"timestamp":"2025-11-30T12:24:40.450Z"}
{"level":"info","message":{"auth":"[REDACTED]","method":"GET","msg":"request","timestamp":"2025-11-30T12:24:40.452Z","url":"/api/own-cyberark-identity"},"timestamp":"2025-11-30T12:24:40.452Z"}
{"level":"info","message":{"auth":"[REDACTED]","method":"GET","msg":"request","timestamp":"2025-11-30T12:24:53.928Z","url":"/api/own-cyberark"},"timestamp":"2025-11-30T12:24:53.928Z"}
{"level":"info","message":{"auth":"[REDACTED]","method":"GET","msg":"request","timestamp":"2025-11-30T12:24:53.932Z","url":"/api/own-cyberark-epm"},"timestamp":"2025-11-30T12:24:53.932Z"}
{"level":"info","message":{"auth":"[REDACTED]","method":"GET","msg":"request","timestamp":"2025-11-30T12:24:53.942Z","url":"/api/own-cyberark-alero"},"timestamp":"2025-11-30T12:24:53.942Z"}
{"level":"info","message":{"auth":"[REDACTED]","method":"GET","msg":"request","timestamp":"2025-11-30T12:24:53.950Z","url":"/api/own-cyberark-dpa"},"timestamp":"2025-11-30T12:24:53.950Z"}
{"level":"info","message":{"auth":"[REDACTED]","method":"GET","msg":"request","timestamp":"2025-11-30T12:24:53.963Z","url":"/api/own-cyberark-identity"},"timestamp":"2025-11-30T12:24:53.963Z"}
{"level":"info","message":{"auth":"[REDACTED]","method":"GET","msg":"request","timestamp":"2025-11-30T12:24:53.970Z","url":"/api/own-cyberark-alero"},"timestamp":"2025-11-30T12:24:53.970Z"}
{"level":"info","message":{"auth":"[REDACTED]","method":"GET","msg":"request","timestamp":"2025-11-30T12:24:53.986Z","url":"/api/own-cyberark-dpa"},"timestamp":"2025-11-30T12:24:53.986Z"}
{"level":"info","message":{"auth":"[REDACTED]","method":"GET","msg":"request","timestamp":"2025-11-30T12:24:54.032Z","url":"/api/own-cyberark-identity"},"timestamp":"2025-11-30T12:24:54.032Z"}
{"level":"info","message":{"auth":"[REDACTED]","method":"GET","msg":"request","timestamp":"2025-11-30T12:24:54.042Z","url":"/api/own-cyberark"},"timestamp":"2025-11-30T12:24:54.042Z"}
{"level":"info","message":{"auth":"[REDACTED]","method":"GET","msg":"request","timestamp":"2025-11-30T12:24:54.049Z","url":"/api/own-cyberark-epm"},"timestamp":"2025-11-30T12:24:54.049Z"}
{"level":"info","message":{"auth":"[REDACTED]","method":"GET","msg":"request","timestamp":"2025-11-30T12:24:54.054Z","url":"/api/ops-failures?system=cyberark-pam&minutes=10"},"timestamp":"2025-11-30T12:24:54.054Z"}
{"level":"info","message":{"auth":"[REDACTED]","method":"GET","msg":"request","timestamp":"2025-11-30T12:24:54.058Z","url":"/api/ops-failures?system=cyberark-vault&minutes=10"},"timestamp":"2025-11-30T12:24:54.058Z"}
{"level":"info","message":{"auth":"[REDACTED]","method":"GET","msg":"request","timestamp":"2025-11-30T12:24:54.062Z","url":"/api/own-cyberark-conjur"},"timestamp":"2025-11-30T12:24:54.062Z"}
{"level":"info","message":{"auth":"[REDACTED]","method":"GET","msg":"request","timestamp":"2025-11-30T12:24:54.066Z","url":"/api/own-cyberark-conjur"},"timestamp":"2025-11-30T12:24:54.066Z"}
{"level":"info","message":{"auth":"[REDACTED]","method":"GET","msg":"request","timestamp":"2025-11-30T12:40:12.831Z","url":"/api/ops-failures?system=cyberark-pam&minutes=10"},"timestamp":"2025-11-30T12:40:12.831Z"}
{"level":"info","message":{"auth":"[REDACTED]","method":"GET","msg":"request","timestamp":"2025-11-30T12:40:12.839Z","url":"/api/ops-failures?system=cyberark-vault&minutes=10"},"timestamp":"2025-11-30T12:40:12.839Z"}
{"level":"info","message":{"auth":"[REDACTED]","method":"GET","msg":"request","timestamp":"2025-11-30T12:45:49.928Z","url":"/api/own-cyberark"},"timestamp":"2025-11-30T12:45:49.928Z"}
{"level":"info","message":{"auth":"[REDACTED]","method":"GET","msg":"request","timestamp":"2025-11-30T12:45:49.933Z","url":"/api/ops-failures?system=cyberark-pam&minutes=10"},"timestamp":"2025-11-30T12:45:49.933Z"}
{"level":"info","message":{"auth":"[REDACTED]","method":"GET","msg":"request","timestamp":"2025-11-30T12:45:49.939Z","url":"/api/ops-failures?system=cyberark-vault&minutes=10"},"timestamp":"2025-11-30T12:45:49.939Z"}
{"level":"info","message":{"auth":"[REDACTED]","method":"GET","msg":"request","timestamp":"2025-11-30T12:45:49.991Z","url":"/api/own-cyberark"},"timestamp":"2025-11-30T12:45:49.991Z"}
{"level":"info","message":{"auth":"[REDACTED]","method":"GET","msg":"request","timestamp":"2025-11-30T12:45:49.998Z","url":"/api/ops-failures?system=cyberark-pam&minutes=10"},"timestamp":"2025-11-30T12:45:49.998Z"}
{"level":"info","message":{"auth":"[REDACTED]","method":"GET","msg":"request","timestamp":"2025-11-30T12:45:50.002Z","url":"/api/ops-failures?system=cyberark-vault&minutes=10"},"timestamp":"2025-11-30T12:45:50.002Z"}
{"level":"info","message":{"auth":"[REDACTED]","method":"GET","msg":"request","timestamp":"2025-11-30T12:45:51.829Z","url":"/api/own-cyberark-epm"},"timestamp":"2025-11-30T12:45:51.829Z"}
{"level":"info","message":{"auth":"[REDACTED]","method":"GET","msg":"request","timestamp":"2025-11-30T12:45:51.838Z","url":"/api/own-cyberark-alero"},"timestamp":"2025-11-30T12:45:51.838Z"}
{"level":"info","message":{"auth":"[REDACTED]","method":"GET","msg":"request","timestamp":"2025-11-30T12:45:51.843Z","url":"/api/own-cyberark-conjur"},"timestamp":"2025-11-30T12:45:51.843Z"}
{"level":"info","message":{"auth":"[REDACTED]","method":"GET","msg":"request","timestamp":"2025-11-30T12:45:51.848Z","url":"/api/own-cyberark-dpa"},"timestamp":"2025-11-30T12:45:51.848Z"}
{"level":"info","message":{"auth":"[REDACTED]","method":"GET","msg":"request","timestamp":"2025-11-30T12:45:51.859Z","url":"/api/own-cyberark-identity"},"timestamp":"2025-11-30T12:45:51.859Z"}
{"level":"info","message":{"auth":"[REDACTED]","method":"GET","msg":"request","timestamp":"2025-11-30T12:45:51.865Z","url":"/api/own-cyberark-epm"},"timestamp":"2025-11-30T12:45:51.865Z"}
{"level":"info","message":{"auth":"[REDACTED]","method":"GET","msg":"request","timestamp":"2025-11-30T12:45:51.873Z","url":"/api/own-cyberark-alero"},"timestamp":"2025-11-30T12:45:51.873Z"}
{"level":"info","message":{"auth":"[REDACTED]","method":"GET","msg":"request","timestamp":"2025-11-30T12:45:51.879Z","url":"/api/own-cyberark-conjur"},"timestamp":"2025-11-30T12:45:51.879Z"}
{"level":"info","message":{"auth":"[REDACTED]","method":"GET","msg":"request","timestamp":"2025-11-30T12:45:51.883Z","url":"/api/own-cyberark-dpa"},"timestamp":"2025-11-30T12:45:51.883Z"}
{"level":"info","message":{"auth":"[REDACTED]","method":"GET","msg":"request","timestamp":"2025-11-30T12:45:51.889Z","url":"/api/own-cyberark-identity"},"timestamp":"2025-11-30T12:45:51.889Z"}
{"level":"info","message":{"auth":"[REDACTED]","method":"GET","msg":"request","timestamp":"2025-11-30T12:46:35.983Z","url":"/api/own-cyberark"},"timestamp":"2025-11-30T12:46:35.983Z"}
{"level":"info","message":{"auth":"[REDACTED]","method":"GET","msg":"request","timestamp":"2025-11-30T12:46:36.041Z","url":"/api/ops-failures?system=cyberark-pam&minutes=10"},"timestamp":"2025-11-30T12:46:36.041Z"}
{"level":"info","message":{"auth":"[REDACTED]","method":"GET","msg":"request","timestamp":"2025-11-30T12:46:36.047Z","url":"/api/ops-failures?system=cyberark-vault&minutes=10"},"timestamp":"2025-11-30T12:46:36.047Z"}
{"level":"info","message":{"auth":"[REDACTED]","method":"GET","msg":"request","timestamp":"2025-11-30T12:46:36.054Z","url":"/api/own-cyberark"},"timestamp":"2025-11-30T12:46:36.054Z"}
{"level":"info","message":{"auth":"[REDACTED]","method":"GET","msg":"request","timestamp":"2025-11-30T12:46:36.125Z","url":"/api/ops-failures?system=cyberark-pam&minutes=10"},"timestamp":"2025-11-30T12:46:36.125Z"}
{"level":"info","message":{"auth":"[REDACTED]","method":"GET","msg":"request","timestamp":"2025-11-30T12:46:36.371Z","url":"/api/ops-failures?system=cyberark-vault&minutes=10"},"timestamp":"2025-11-30T12:46:36.371Z"}
{"level":"info","message":{"auth":"[REDACTED]","method":"GET","msg":"request","timestamp":"2025-11-30T12:46:36.876Z","url":"/api/own-cyberark-epm"},"timestamp":"2025-11-30T12:46:36.876Z"}
{"level":"info","message":{"auth":"[REDACTED]","method":"GET","msg":"request","timestamp":"2025-11-30T12:46:36.887Z","url":"/api/own-cyberark-epm"},"timestamp":"2025-11-30T12:46:36.888Z"}
{"level":"info","message":{"auth":"[REDACTED]","method":"GET","msg":"request","timestamp":"2025-11-30T12:46:36.891Z","url":"/api/own-cyberark-alero"},"timestamp":"2025-11-30T12:46:36.891Z"}
{"level":"info","message":{"auth":"[REDACTED]","method":"GET","msg":"request","timestamp":"2025-11-30T12:46:36.906Z","url":"/api/own-cyberark-alero"},"timestamp":"2025-11-30T12:46:36.906Z"}
{"level":"info","message":{"auth":"[REDACTED]","method":"GET","msg":"request","timestamp":"2025-11-30T12:46:36.910Z","url":"/api/own-cyberark-conjur"},"timestamp":"2025-11-30T12:46:36.910Z"}
{"level":"info","message":{"auth":"[REDACTED]","method":"GET","msg":"request","timestamp":"2025-11-30T12:46:36.917Z","url":"/api/own-cyberark-dpa"},"timestamp":"2025-11-30T12:46:36.917Z"}
{"level":"info","message":{"auth":"[REDACTED]","method":"GET","msg":"request","timestamp":"2025-11-30T12:46:36.923Z","url":"/api/own-cyberark-identity"},"timestamp":"2025-11-30T12:46:36.923Z"}
{"level":"info","message":{"auth":"[REDACTED]","method":"GET","msg":"request","timestamp":"2025-11-30T12:46:36.928Z","url":"/api/own-cyberark-conjur"},"timestamp":"2025-11-30T12:46:36.928Z"}
{"level":"info","message":{"auth":"[REDACTED]","method":"GET","msg":"request","timestamp":"2025-11-30T12:46:36.936Z","url":"/api/own-cyberark-dpa"},"timestamp":"2025-11-30T12:46:36.936Z"}
{"level":"info","message":{"auth":"[REDACTED]","method":"GET","msg":"request","timestamp":"2025-11-30T12:46:36.942Z","url":"/api/own-cyberark-identity"},"timestamp":"2025-11-30T12:46:36.942Z"}
{"level":"info","message":{"auth":"[REDACTED]","method":"GET","msg":"request","timestamp":"2025-11-30T12:46:39.911Z","url":"/api/own-cyberark"},"timestamp":"2025-11-30T12:46:39.911Z"}
{"level":"info","message":{"auth":"[REDACTED]","method":"GET","msg":"request","timestamp":"2025-11-30T12:46:39.916Z","url":"/api/own-cyberark-identity"},"timestamp":"2025-11-30T12:46:39.916Z"}
{"level":"info","message":{"auth":"[REDACTED]","method":"GET","msg":"request","timestamp":"2025-11-30T12:46:39.960Z","url":"/api/ops-failures?system=cyberark-vault&minutes=10"},"timestamp":"2025-11-30T12:46:39.960Z"}
{"level":"info","message":{"auth":"[REDACTED]","method":"GET","msg":"request","timestamp":"2025-11-30T12:46:40.001Z","url":"/api/own-cyberark"},"timestamp":"2025-11-30T12:46:40.001Z"}
{"level":"info","message":{"auth":"[REDACTED]","method":"GET","msg":"request","timestamp":"2025-11-30T12:46:40.012Z","url":"/api/own-cyberark-identity"},"timestamp":"2025-11-30T12:46:40.012Z"}
{"level":"info","message":{"auth":"[REDACTED]","method":"GET","msg":"request","timestamp":"2025-11-30T12:46:40.042Z","url":"/api/own-cyberark-epm"},"timestamp":"2025-11-30T12:46:40.042Z"}
{"level":"info","message":{"auth":"[REDACTED]","method":"GET","msg":"request","timestamp":"2025-11-30T12:46:40.077Z","url":"/api/own-cyberark-alero"},"timestamp":"2025-11-30T12:46:40.077Z"}
{"level":"info","message":{"auth":"[REDACTED]","method":"GET","msg":"request","timestamp":"2025-11-30T12:46:40.088Z","url":"/api/own-cyberark-conjur"},"timestamp":"2025-11-30T12:46:40.088Z"}
{"level":"info","message":{"auth":"[REDACTED]","method":"GET","msg":"request","timestamp":"2025-11-30T12:46:40.091Z","url":"/api/own-cyberark-dpa"},"timestamp":"2025-11-30T12:46:40.092Z"}
{"level":"info","message":{"auth":"[REDACTED]","method":"GET","msg":"request","timestamp":"2025-11-30T12:46:40.099Z","url":"/api/ops-failures?system=cyberark-pam&minutes=10"},"timestamp":"2025-11-30T12:46:40.099Z"}
{"level":"info","message":{"auth":"[REDACTED]","method":"GET","msg":"request","timestamp":"2025-11-30T12:46:40.102Z","url":"/api/own-cyberark-epm"},"timestamp":"2025-11-30T12:46:40.102Z"}
{"level":"info","message":{"auth":"[REDACTED]","method":"GET","msg":"request","timestamp":"2025-11-30T12:46:40.107Z","url":"/api/own-cyberark-alero"},"timestamp":"2025-11-30T12:46:40.107Z"}
{"level":"info","message":{"auth":"[REDACTED]","method":"GET","msg":"request","timestamp":"2025-11-30T12:46:40.111Z","url":"/api/own-cyberark-dpa"},"timestamp":"2025-11-30T12:46:40.111Z"}
{"level":"info","message":{"auth":"[REDACTED]","method":"GET","msg":"request","timestamp":"2025-11-30T12:46:40.115Z","url":"/api/own-cyberark-conjur"},"timestamp":"2025-11-30T12:46:40.115Z"}
{"level":"info","message":{"auth":"[REDACTED]","method":"GET","msg":"request","timestamp":"2025-11-30T12:56:57.433Z","url":"/api/own-cyberark-epm"},"timestamp":"2025-11-30T12:56:57.433Z"}
{"level":"info","message":{"auth":"[REDACTED]","method":"GET","msg":"request","timestamp":"2025-11-30T12:56:57.442Z","url":"/api/own-cyberark-alero"},"timestamp":"2025-11-30T12:56:57.442Z"}
{"level":"info","message":{"auth":"[REDACTED]","method":"GET","msg":"request","timestamp":"2025-11-30T12:56:57.449Z","url":"/api/own-cyberark-epm"},"timestamp":"2025-11-30T12:56:57.449Z"}
{"level":"info","message":{"auth":"[REDACTED]","method":"GET","msg":"request","timestamp":"2025-11-30T12:56:57.458Z","url":"/api/own-cyberark-alero"},"timestamp":"2025-11-30T12:56:57.458Z"}
{"level":"info","message":{"auth":"[REDACTED]","method":"GET","msg":"request","timestamp":"2025-11-30T12:56:57.463Z","url":"/api/own-cyberark-conjur"},"timestamp":"2025-11-30T12:56:57.463Z"}
{"level":"info","message":{"auth":"[REDACTED]","method":"GET","msg":"request","timestamp":"2025-11-30T12:56:57.468Z","url":"/api/own-cyberark-identity"},"timestamp":"2025-11-30T12:56:57.468Z"}
{"level":"info","message":{"auth":"[REDACTED]","method":"GET","msg":"request","timestamp":"2025-11-30T12:56:57.475Z","url":"/api/own-cyberark-dpa"},"timestamp":"2025-11-30T12:56:57.475Z"}
{"level":"info","message":{"auth":"[REDACTED]","method":"GET","msg":"request","timestamp":"2025-11-30T12:56:57.480Z","url":"/api/own-cyberark-identity"},"timestamp":"2025-11-30T12:56:57.480Z"}
{"level":"info","message":{"auth":"[REDACTED]","method":"GET","msg":"request","timestamp":"2025-11-30T12:56:57.488Z","url":"/api/own-cyberark-dpa"},"timestamp":"2025-11-30T12:56:57.488Z"}
{"level":"info","message":{"auth":"[REDACTED]","method":"GET","msg":"request","timestamp":"2025-11-30T12:56:57.496Z","url":"/api/own-cyberark-conjur"},"timestamp":"2025-11-30T12:56:57.496Z"}
{"level":"info","message":{"auth":"[REDACTED]","method":"GET","msg":"request","timestamp":"2025-11-30T12:57:47.953Z","url":"/api/ops-failures?system=cyberark-pam&minutes=10"},"timestamp":"2025-11-30T12:57:47.953Z"}
{"level":"info","message":{"auth":"[REDACTED]","method":"GET","msg":"request","timestamp":"2025-11-30T12:57:47.960Z","url":"/api/ops-failures?system=cyberark-vault&minutes=10"},"timestamp":"2025-11-30T12:57:47.960Z"}
{"level":"info","message":{"auth":"[REDACTED]","method":"GET","msg":"request","timestamp":"2025-11-30T12:59:57.122Z","url":"/api/own-cyberark-conjur"},"timestamp":"2025-11-30T12:59:57.122Z"}
{"level":"info","message":{"auth":"[REDACTED]","method":"GET","msg":"request","timestamp":"2025-11-30T12:59:57.174Z","url":"/api/own-cyberark-alero"},"timestamp":"2025-11-30T12:59:57.174Z"}
{"level":"info","message":{"auth":"[REDACTED]","method":"GET","msg":"request","timestamp":"2025-11-30T12:59:57.213Z","url":"/api/own-cyberark-epm"},"timestamp":"2025-11-30T12:59:57.213Z"}
{"level":"info","message":{"auth":"[REDACTED]","method":"GET","msg":"request","timestamp":"2025-11-30T12:59:57.396Z","url":"/api/own-cyberark-dpa"},"timestamp":"2025-11-30T12:59:57.396Z"}
{"level":"info","message":{"auth":"[REDACTED]","method":"GET","msg":"request","timestamp":"2025-11-30T12:59:57.410Z","url":"/api/own-cyberark-identity"},"timestamp":"2025-11-30T12:59:57.410Z"}
{"level":"info","message":{"auth":"[REDACTED]","method":"GET","msg":"request","timestamp":"2025-11-30T12:59:57.457Z","url":"/api/own-cyberark-alero"},"timestamp":"2025-11-30T12:59:57.457Z"}
{"level":"info","message":{"auth":"[REDACTED]","method":"GET","msg":"request","timestamp":"2025-11-30T12:59:57.509Z","url":"/api/own-cyberark-epm"},"timestamp":"2025-11-30T12:59:57.509Z"}
{"level":"info","message":{"auth":"[REDACTED]","method":"GET","msg":"request","timestamp":"2025-11-30T12:59:57.543Z","url":"/api/own-cyberark-dpa"},"timestamp":"2025-11-30T12:59:57.543Z"}
{"level":"info","message":{"auth":"[REDACTED]","method":"GET","msg":"request","timestamp":"2025-11-30T12:59:57.729Z","url":"/api/own-cyberark-identity"},"timestamp":"2025-11-30T12:59:57.729Z"}
{"level":"info","message":{"auth":"[REDACTED]","method":"GET","msg":"request","timestamp":"2025-11-30T12:59:57.796Z","url":"/api/own-cyberark-conjur"},"timestamp":"2025-11-30T12:59:57.796Z"}
{"level":"info","message":{"auth":"[REDACTED]","method":"GET","msg":"request","timestamp":"2025-11-30T13:03:09.385Z","url":"/api/ops-failures?system=cyberark-pam&minutes=10"},"timestamp":"2025-11-30T13:03:09.385Z"}
{"level":"info","message":{"auth":"[REDACTED]","method":"GET","msg":"request","timestamp":"2025-11-30T13:03:09.585Z","url":"/api/ops-failures?system=cyberark-pam&minutes=10"},"timestamp":"2025-11-30T13:03:09.585Z"}
{"level":"info","message":{"auth":"[REDACTED]","method":"GET","msg":"request","timestamp":"2025-11-30T13:03:09.645Z","url":"/api/ops-failures?system=cyberark-vault&minutes=10"},"timestamp":"2025-11-30T13:03:09.645Z"}
{"level":"info","message":{"auth":"[REDACTED]","method":"GET","msg":"request","timestamp":"2025-11-30T13:03:09.662Z","url":"/api/ops-failures?system=cyberark-vault&minutes=10"},"timestamp":"2025-11-30T13:03:09.663Z"}
{"level":"info","message":{"auth":"[REDACTED]","method":"GET","msg":"request","timestamp":"2025-11-30T13:03:12.897Z","url":"/api/own-cyberark-epm"},"timestamp":"2025-11-30T13:03:12.897Z"}
{"level":"info","message":{"auth":"[REDACTED]","method":"GET","msg":"request","timestamp":"2025-11-30T13:03:12.908Z","url":"/api/own-cyberark-alero"},"timestamp":"2025-11-30T13:03:12.908Z"}
{"level":"info","message":{"auth":"[REDACTED]","method":"GET","msg":"request","timestamp":"2025-11-30T13:03:12.919Z","url":"/api/own-cyberark-conjur"},"timestamp":"2025-11-30T13:03:12.919Z"}
{"level":"info","message":{"auth":"[REDACTED]","method":"GET","msg":"request","timestamp":"2025-11-30T13:03:12.924Z","url":"/api/own-cyberark-epm"},"timestamp":"2025-11-30T13:03:12.924Z"}
{"level":"info","message":{"auth":"[REDACTED]","method":"GET","msg":"request","timestamp":"2025-11-30T13:03:12.932Z","url":"/api/own-cyberark-dpa"},"timestamp":"2025-11-30T13:03:12.932Z"}
{"level":"info","message":{"auth":"[REDACTED]","method":"GET","msg":"request","timestamp":"2025-11-30T13:03:12.939Z","url":"/api/own-cyberark-identity"},"timestamp":"2025-11-30T13:03:12.939Z"}
{"level":"info","message":{"auth":"[REDACTED]","method":"GET","msg":"request","timestamp":"2025-11-30T13:03:12.943Z","url":"/api/own-cyberark-alero"},"timestamp":"2025-11-30T13:03:12.943Z"}
{"level":"info","message":{"auth":"[REDACTED]","method":"GET","msg":"request","timestamp":"2025-11-30T13:03:12.949Z","url":"/api/own-cyberark-conjur"},"timestamp":"2025-11-30T13:03:12.949Z"}
{"level":"info","message":{"auth":"[REDACTED]","method":"GET","msg":"request","timestamp":"2025-11-30T13:03:12.955Z","url":"/api/own-cyberark-dpa"},"timestamp":"2025-11-30T13:03:12.955Z"}
{"level":"info","message":{"auth":"[REDACTED]","method":"GET","msg":"request","timestamp":"2025-11-30T13:03:12.958Z","url":"/api/own-cyberark-identity"},"timestamp":"2025-11-30T13:03:12.958Z"}
{"level":"info","message":{"auth":"[REDACTED]","method":"GET","msg":"request","timestamp":"2025-11-30T13:03:55.230Z","url":"/api/own-cyberark-epm"},"timestamp":"2025-11-30T13:03:55.230Z"}
{"level":"info","message":{"auth":"[REDACTED]","method":"GET","msg":"request","timestamp":"2025-11-30T13:03:55.238Z","url":"/api/own-cyberark-alero"},"timestamp":"2025-11-30T13:03:55.238Z"}
{"level":"info","message":{"auth":"[REDACTED]","method":"GET","msg":"request","timestamp":"2025-11-30T13:03:55.241Z","url":"/api/own-cyberark-conjur"},"timestamp":"2025-11-30T13:03:55.241Z"}
{"level":"info","message":{"auth":"[REDACTED]","method":"GET","msg":"request","timestamp":"2025-11-30T13:03:55.250Z","url":"/api/own-cyberark-dpa"},"timestamp":"2025-11-30T13:03:55.250Z"}
{"level":"info","message":{"auth":"[REDACTED]","method":"GET","msg":"request","timestamp":"2025-11-30T13:03:55.254Z","url":"/api/own-cyberark-identity"},"timestamp":"2025-11-30T13:03:55.254Z"}
{"level":"info","message":{"auth":"[REDACTED]","method":"GET","msg":"request","timestamp":"2025-11-30T13:03:55.258Z","url":"/api/own-cyberark-alero"},"timestamp":"2025-11-30T13:03:55.258Z"}
{"level":"info","message":{"auth":"[REDACTED]","method":"GET","msg":"request","timestamp":"2025-11-30T13:03:55.265Z","url":"/api/own-cyberark-epm"},"timestamp":"2025-11-30T13:03:55.265Z"}
{"level":"info","message":{"auth":"[REDACTED]","method":"GET","msg":"request","timestamp":"2025-11-30T13:03:55.270Z","url":"/api/own-cyberark-conjur"},"timestamp":"2025-11-30T13:03:55.270Z"}
{"level":"info","message":{"auth":"[REDACTED]","method":"GET","msg":"request","timestamp":"2025-11-30T13:03:55.274Z","url":"/api/own-cyberark-dpa"},"timestamp":"2025-11-30T13:03:55.274Z"}
{"level":"info","message":{"auth":"[REDACTED]","method":"GET","msg":"request","timestamp":"2025-11-30T13:03:55.281Z","url":"/api/own-cyberark-identity"},"timestamp":"2025-11-30T13:03:55.281Z"}
{"level":"info","message":{"auth":"[REDACTED]","method":"GET","msg":"request","timestamp":"2025-11-30T13:04:53.092Z","url":"/api/search-employee/u1001/details?system=ping-directory"},"timestamp":"2025-11-30T13:04:53.092Z"}
{"level":"info","message":{"auth":"[REDACTED]","method":"GET","msg":"request","timestamp":"2025-11-30T13:05:11.166Z","url":"/api/search-employee/u1001/details?system=ping-directory"},"timestamp":"2025-11-30T13:05:11.166Z"}
{"level":"info","message":{"auth":"[REDACTED]","method":"GET","msg":"request","timestamp":"2025-11-30T13:15:09.906Z","url":"/api/ops-failures?system=cyberark-pam&minutes=10"},"timestamp":"2025-11-30T13:15:09.906Z"}
{"level":"info","message":{"auth":"[REDACTED]","method":"GET","msg":"request","timestamp":"2025-11-30T13:15:09.910Z","url":"/api/ops-failures?system=cyberark-vault&minutes=10"},"timestamp":"2025-11-30T13:15:09.910Z"}
{"level":"info","message":{"auth":"[REDACTED]","method":"GET","msg":"request","timestamp":"2025-11-30T13:19:41.642Z","url":"/api/own-cyberark"},"timestamp":"2025-11-30T13:19:41.642Z"}
{"level":"info","message":{"auth":"[REDACTED]","method":"GET","msg":"request","timestamp":"2025-11-30T13:19:41.653Z","url":"/api/ops-failures?system=cyberark-pam&minutes=10"},"timestamp":"2025-11-30T13:19:41.653Z"}
{"level":"info","message":{"auth":"[REDACTED]","method":"GET","msg":"request","timestamp":"2025-11-30T13:19:41.671Z","url":"/api/own-cyberark"},"timestamp":"2025-11-30T13:19:41.671Z"}
{"level":"info","message":{"auth":"[REDACTED]","method":"GET","msg":"request","timestamp":"2025-11-30T13:19:41.678Z","url":"/api/ops-failures?system=cyberark-vault&minutes=10"},"timestamp":"2025-11-30T13:19:41.678Z"}
{"level":"info","message":{"auth":"[REDACTED]","method":"GET","msg":"request","timestamp":"2025-11-30T13:19:41.685Z","url":"/api/ops-failures?system=cyberark-pam&minutes=10"},"timestamp":"2025-11-30T13:19:41.685Z"}
{"level":"info","message":{"auth":"[REDACTED]","method":"GET","msg":"request","timestamp":"2025-11-30T13:19:41.690Z","url":"/api/ops-failures?system=cyberark-vault&minutes=10"},"timestamp":"2025-11-30T13:19:41.690Z"}
{"level":"info","message":{"auth":"[REDACTED]","method":"GET","msg":"request","timestamp":"2025-11-30T13:19:43.180Z","url":"/api/own-cyberark-epm"},"timestamp":"2025-11-30T13:19:43.180Z"}
{"level":"info","message":{"auth":"[REDACTED]","method":"GET","msg":"request","timestamp":"2025-11-30T13:19:43.187Z","url":"/api/own-cyberark-alero"},"timestamp":"2025-11-30T13:19:43.187Z"}
{"level":"info","message":{"auth":"[REDACTED]","method":"GET","msg":"request","timestamp":"2025-11-30T13:19:43.193Z","url":"/api/own-cyberark-epm"},"timestamp":"2025-11-30T13:19:43.193Z"}
{"level":"info","message":{"auth":"[REDACTED]","method":"GET","msg":"request","timestamp":"2025-11-30T13:19:43.200Z","url":"/api/own-cyberark-identity"},"timestamp":"2025-11-30T13:19:43.201Z"}
{"level":"info","message":{"auth":"[REDACTED]","method":"GET","msg":"request","timestamp":"2025-11-30T13:19:43.206Z","url":"/api/own-cyberark-alero"},"timestamp":"2025-11-30T13:19:43.206Z"}
{"level":"info","message":{"auth":"[REDACTED]","method":"GET","msg":"request","timestamp":"2025-11-30T13:19:43.209Z","url":"/api/own-cyberark-conjur"},"timestamp":"2025-11-30T13:19:43.209Z"}
{"level":"info","message":{"auth":"[REDACTED]","method":"GET","msg":"request","timestamp":"2025-11-30T13:19:43.213Z","url":"/api/own-cyberark-dpa"},"timestamp":"2025-11-30T13:19:43.213Z"}
{"level":"info","message":{"auth":"[REDACTED]","method":"GET","msg":"request","timestamp":"2025-11-30T13:19:43.220Z","url":"/api/own-cyberark-identity"},"timestamp":"2025-11-30T13:19:43.220Z"}
{"level":"info","message":{"auth":"[REDACTED]","method":"GET","msg":"request","timestamp":"2025-11-30T13:19:43.224Z","url":"/api/own-cyberark-conjur"},"timestamp":"2025-11-30T13:19:43.224Z"}
{"level":"info","message":{"auth":"[REDACTED]","method":"GET","msg":"request","timestamp":"2025-11-30T13:19:43.229Z","url":"/api/own-cyberark-dpa"},"timestamp":"2025-11-30T13:19:43.229Z"}
{"level":"info","message":{"auth":"[REDACTED]","method":"GET","msg":"request","timestamp":"2025-11-30T13:27:41.288Z","url":"/api/search-employee/u1009/details?system=ping-directory"},"timestamp":"2025-11-30T13:27:41.288Z"}
{"level":"info","message":{"msg":"backend listening on http://localhost:3001"},"timestamp":"2025-11-30T13:43:53.232Z"}
{"level":"info","message":{"auth":"[REDACTED]","method":"GET","msg":"request","timestamp":"2025-11-30T13:46:20.966Z","url":"/api/own-cyberark"},"timestamp":"2025-11-30T13:46:20.966Z"}
{"level":"info","message":{"auth":"[REDACTED]","method":"GET","msg":"request","timestamp":"2025-11-30T13:46:20.986Z","url":"/api/ops-failures?system=cyberark-vault&minutes=10"},"timestamp":"2025-11-30T13:46:20.986Z"}
{"level":"info","message":{"auth":"[REDACTED]","method":"GET","msg":"request","timestamp":"2025-11-30T13:46:20.992Z","url":"/api/ops-failures?system=cyberark-pam&minutes=10"},"timestamp":"2025-11-30T13:46:20.992Z"}
{"level":"info","message":{"auth":"[REDACTED]","method":"GET","msg":"request","timestamp":"2025-11-30T13:46:20.997Z","url":"/api/own-cyberark"},"timestamp":"2025-11-30T13:46:20.997Z"}
{"level":"info","message":{"auth":"[REDACTED]","method":"GET","msg":"request","timestamp":"2025-11-30T13:46:22.117Z","url":"/api/own-cyberark-epm"},"timestamp":"2025-11-30T13:46:22.117Z"}
{"level":"info","message":{"auth":"[REDACTED]","method":"GET","msg":"request","timestamp":"2025-11-30T13:46:22.126Z","url":"/api/own-cyberark-epm"},"timestamp":"2025-11-30T13:46:22.126Z"}
{"level":"info","message":{"auth":"[REDACTED]","method":"GET","msg":"request","timestamp":"2025-11-30T13:46:22.141Z","url":"/api/own-cyberark-conjur"},"timestamp":"2025-11-30T13:46:22.141Z"}
{"level":"info","message":{"auth":"[REDACTED]","method":"GET","msg":"request","timestamp":"2025-11-30T13:46:22.147Z","url":"/api/own-cyberark-alero"},"timestamp":"2025-11-30T13:46:22.147Z"}
{"level":"info","message":{"auth":"[REDACTED]","method":"GET","msg":"request","timestamp":"2025-11-30T13:46:22.151Z","url":"/api/own-cyberark-dpa"},"timestamp":"2025-11-30T13:46:22.151Z"}
{"level":"info","message":{"auth":"[REDACTED]","method":"GET","msg":"request","timestamp":"2025-11-30T13:46:22.159Z","url":"/api/own-cyberark-identity"},"timestamp":"2025-11-30T13:46:22.159Z"}
{"level":"info","message":{"auth":"[REDACTED]","method":"GET","msg":"request","timestamp":"2025-11-30T13:46:22.164Z","url":"/api/own-cyberark-conjur"},"timestamp":"2025-11-30T13:46:22.164Z"}
{"level":"info","message":{"auth":"[REDACTED]","method":"GET","msg":"request","timestamp":"2025-11-30T13:46:22.168Z","url":"/api/own-cyberark-alero"},"timestamp":"2025-11-30T13:46:22.168Z"}
{"level":"info","message":{"auth":"[REDACTED]","method":"GET","msg":"request","timestamp":"2025-11-30T13:46:22.176Z","url":"/api/own-cyberark-dpa"},"timestamp":"2025-11-30T13:46:22.176Z"}
{"level":"info","message":{"auth":"[REDACTED]","method":"GET","msg":"request","timestamp":"2025-11-30T13:46:22.181Z","url":"/api/own-cyberark-identity"},"timestamp":"2025-11-30T13:46:22.181Z"}
{"level":"info","message":{"auth":"[REDACTED]","method":"GET","msg":"request","timestamp":"2025-11-30T13:47:16.392Z","url":"/api/all-users"},"timestamp":"2025-11-30T13:47:16.392Z"}
{"level":"info","message":{"auth":"[REDACTED]","method":"GET","msg":"request","timestamp":"2025-11-30T13:47:16.496Z","url":"/api/search-employee/hannah.park%40company.com/details?system=ping-directory"},"timestamp":"2025-11-30T13:47:16.496Z"}
{"level":"info","message":{"auth":"[REDACTED]","method":"GET","msg":"request","timestamp":"2025-11-30T13:47:16.510Z","url":"/api/search-employee/u1008/details?system=ping-directory"},"timestamp":"2025-11-30T13:47:16.510Z"}
{"level":"info","message":{"auth":"[REDACTED]","method":"GET","msg":"request","timestamp":"2025-11-30T13:47:16.520Z","url":"/api/search-employee/HANNAH.PARK%40COMPANY.COM/details?system=ping-directory"},"timestamp":"2025-11-30T13:47:16.520Z"}
{"level":"info","message":{"auth":"[REDACTED]","method":"GET","msg":"request","timestamp":"2025-11-30T13:47:16.528Z","url":"/api/search-employee/U1008/details?system=ping-directory"},"timestamp":"2025-11-30T13:47:16.528Z"}
{"level":"info","message":{"auth":"[REDACTED]","method":"GET","msg":"request","timestamp":"2025-11-30T13:47:16.536Z","url":"/api/search-employee/hannah.park%40company.com/details?system=ping-mfa"},"timestamp":"2025-11-30T13:47:16.536Z"}
{"level":"info","message":{"auth":"[REDACTED]","method":"GET","msg":"request","timestamp":"2025-11-30T13:47:16.545Z","url":"/api/search-employee/u1008/details?system=ping-mfa"},"timestamp":"2025-11-30T13:47:16.545Z"}
{"level":"info","message":{"auth":"[REDACTED]","method":"GET","msg":"request","timestamp":"2025-11-30T13:47:16.559Z","url":"/api/search-employee/HANNAH.PARK%40COMPANY.COM/details?system=ping-mfa"},"timestamp":"2025-11-30T13:47:16.559Z"}
{"level":"info","message":{"auth":"[REDACTED]","method":"GET","msg":"request","timestamp":"2025-11-30T13:47:16.572Z","url":"/api/search-employee/U1008/details?system=ping-mfa"},"timestamp":"2025-11-30T13:47:16.572Z"}
{"level":"info","message":{"auth":"[REDACTED]","method":"GET","msg":"request","timestamp":"2025-11-30T13:47:28.019Z","url":"/api/own-cyberark"},"timestamp":"2025-11-30T13:47:28.019Z"}
{"level":"info","message":{"auth":"[REDACTED]","method":"GET","msg":"request","timestamp":"2025-11-30T13:47:28.027Z","url":"/api/own-cyberark"},"timestamp":"2025-11-30T13:47:28.027Z"}
{"level":"info","message":{"auth":"[REDACTED]","method":"GET","msg":"request","timestamp":"2025-11-30T13:47:28.041Z","url":"/api/own-cyberark-epm"},"timestamp":"2025-11-30T13:47:28.041Z"}
{"level":"info","message":{"auth":"[REDACTED]","method":"GET","msg":"request","timestamp":"2025-11-30T13:47:28.046Z","url":"/api/own-cyberark-alero"},"timestamp":"2025-11-30T13:47:28.046Z"}
{"level":"info","message":{"auth":"[REDACTED]","method":"GET","msg":"request","timestamp":"2025-11-30T13:47:28.055Z","url":"/api/own-cyberark-dpa"},"timestamp":"2025-11-30T13:47:28.055Z"}
{"level":"info","message":{"auth":"[REDACTED]","method":"GET","msg":"request","timestamp":"2025-11-30T13:47:28.061Z","url":"/api/own-cyberark-identity"},"timestamp":"2025-11-30T13:47:28.061Z"}
{"level":"info","message":{"auth":"[REDACTED]","method":"GET","msg":"request","timestamp":"2025-11-30T13:47:28.068Z","url":"/api/own-cyberark-conjur"},"timestamp":"2025-11-30T13:47:28.069Z"}
{"level":"info","message":{"auth":"[REDACTED]","method":"GET","msg":"request","timestamp":"2025-11-30T13:47:28.073Z","url":"/api/own-cyberark-epm"},"timestamp":"2025-11-30T13:47:28.073Z"}
{"level":"info","message":{"auth":"[REDACTED]","method":"GET","msg":"request","timestamp":"2025-11-30T13:47:28.078Z","url":"/api/own-cyberark-alero"},"timestamp":"2025-11-30T13:47:28.078Z"}
{"level":"info","message":{"auth":"[REDACTED]","method":"GET","msg":"request","timestamp":"2025-11-30T13:47:28.086Z","url":"/api/own-cyberark-dpa"},"timestamp":"2025-11-30T13:47:28.086Z"}
{"level":"info","message":{"auth":"[REDACTED]","method":"GET","msg":"request","timestamp":"2025-11-30T13:47:28.090Z","url":"/api/own-cyberark-identity"},"timestamp":"2025-11-30T13:47:28.090Z"}
{"level":"info","message":{"auth":"[REDACTED]","method":"GET","msg":"request","timestamp":"2025-11-30T13:47:28.094Z","url":"/api/own-cyberark-conjur"},"timestamp":"2025-11-30T13:47:28.094Z"}
{"level":"info","message":{"auth":"[REDACTED]","method":"GET","msg":"request","timestamp":"2025-11-30T13:47:58.757Z","url":"/api/search-employee/u1001/details?system=ping-mfa"},"timestamp":"2025-11-30T13:47:58.757Z"}
{"level":"info","message":{"auth":"[REDACTED]","method":"GET","msg":"request","timestamp":"2025-11-30T13:48:08.257Z","url":"/api/own-cyberark"},"timestamp":"2025-11-30T13:48:08.257Z"}
{"level":"info","message":{"auth":"[REDACTED]","method":"GET","msg":"request","timestamp":"2025-11-30T13:48:08.328Z","url":"/api/own-cyberark-epm"},"timestamp":"2025-11-30T13:48:08.328Z"}
{"level":"info","message":{"auth":"[REDACTED]","method":"GET","msg":"request","timestamp":"2025-11-30T13:48:08.358Z","url":"/api/own-cyberark-dpa"},"timestamp":"2025-11-30T13:48:08.358Z"}
{"level":"info","message":{"auth":"[REDACTED]","method":"GET","msg":"request","timestamp":"2025-11-30T13:48:08.384Z","url":"/api/own-cyberark-identity"},"timestamp":"2025-11-30T13:48:08.384Z"}
{"level":"info","message":{"auth":"[REDACTED]","method":"GET","msg":"request","timestamp":"2025-11-30T13:48:08.391Z","url":"/api/own-cyberark-epm"},"timestamp":"2025-11-30T13:48:08.391Z"}
{"level":"info","message":{"auth":"[REDACTED]","method":"GET","msg":"request","timestamp":"2025-11-30T13:48:08.406Z","url":"/api/own-cyberark-dpa"},"timestamp":"2025-11-30T13:48:08.406Z"}
{"level":"info","message":{"auth":"[REDACTED]","method":"GET","msg":"request","timestamp":"2025-11-30T13:48:08.485Z","url":"/api/own-cyberark"},"timestamp":"2025-11-30T13:48:08.485Z"}
{"level":"info","message":{"auth":"[REDACTED]","method":"GET","msg":"request","timestamp":"2025-11-30T13:48:08.551Z","url":"/api/own-cyberark-alero"},"timestamp":"2025-11-30T13:48:08.551Z"}
{"level":"info","message":{"auth":"[REDACTED]","method":"GET","msg":"request","timestamp":"2025-11-30T13:48:08.831Z","url":"/api/own-cyberark-conjur"},"timestamp":"2025-11-30T13:48:08.831Z"}
{"level":"info","message":{"auth":"[REDACTED]","method":"GET","msg":"request","timestamp":"2025-11-30T13:48:09.074Z","url":"/api/own-cyberark-identity"},"timestamp":"2025-11-30T13:48:09.074Z"}
{"level":"info","message":{"auth":"[REDACTED]","method":"GET","msg":"request","timestamp":"2025-11-30T13:48:09.333Z","url":"/api/own-cyberark-alero"},"timestamp":"2025-11-30T13:48:09.333Z"}
{"level":"info","message":{"auth":"[REDACTED]","method":"GET","msg":"request","timestamp":"2025-11-30T13:48:09.515Z","url":"/api/own-cyberark-conjur"},"timestamp":"2025-11-30T13:48:09.515Z"}
{"level":"info","message":{"auth":"[REDACTED]","method":"GET","msg":"request","timestamp":"2025-11-30T13:53:26.769Z","url":"/api/own-cyberark"},"timestamp":"2025-11-30T13:53:26.769Z"}
{"level":"info","message":{"auth":"[REDACTED]","method":"GET","msg":"request","timestamp":"2025-11-30T13:53:26.782Z","url":"/api/ops-failures?system=cyberark-pam&minutes=10"},"timestamp":"2025-11-30T13:53:26.782Z"}
{"level":"info","message":{"auth":"[REDACTED]","method":"GET","msg":"request","timestamp":"2025-11-30T13:53:26.798Z","url":"/api/ops-failures?system=cyberark-pam&minutes=10"},"timestamp":"2025-11-30T13:53:26.798Z"}
{"level":"info","message":{"auth":"[REDACTED]","method":"GET","msg":"request","timestamp":"2025-11-30T13:53:26.803Z","url":"/api/ops-failures?system=cyberark-vault&minutes=10"},"timestamp":"2025-11-30T13:53:26.803Z"}
{"level":"info","message":{"auth":"[REDACTED]","method":"GET","msg":"request","timestamp":"2025-11-30T13:53:26.808Z","url":"/api/own-cyberark"},"timestamp":"2025-11-30T13:53:26.808Z"}
{"level":"info","message":{"auth":"[REDACTED]","method":"GET","msg":"request","timestamp":"2025-11-30T13:53:26.816Z","url":"/api/ops-failures?system=cyberark-vault&minutes=10"},"timestamp":"2025-11-30T13:53:26.816Z"}
{"level":"info","message":{"auth":"[REDACTED]","method":"GET","msg":"request","timestamp":"2025-11-30T13:53:28.624Z","url":"/api/own-cyberark-epm"},"timestamp":"2025-11-30T13:53:28.624Z"}
{"level":"info","message":{"auth":"[REDACTED]","method":"GET","msg":"request","timestamp":"2025-11-30T13:53:28.631Z","url":"/api/own-cyberark-epm"},"timestamp":"2025-11-30T13:53:28.631Z"}
{"level":"info","message":{"auth":"[REDACTED]","method":"GET","msg":"request","timestamp":"2025-11-30T13:53:28.638Z","url":"/api/own-cyberark-alero"},"timestamp":"2025-11-30T13:53:28.638Z"}
{"level":"info","message":{"auth":"[REDACTED]","method":"GET","msg":"request","timestamp":"2025-11-30T13:53:28.650Z","url":"/api/own-cyberark-dpa"},"timestamp":"2025-11-30T13:53:28.650Z"}
{"level":"info","message":{"auth":"[REDACTED]","method":"GET","msg":"request","timestamp":"2025-11-30T13:53:28.657Z","url":"/api/own-cyberark-conjur"},"timestamp":"2025-11-30T13:53:28.657Z"}
{"level":"info","message":{"auth":"[REDACTED]","method":"GET","msg":"request","timestamp":"2025-11-30T13:53:28.664Z","url":"/api/own-cyberark-alero"},"timestamp":"2025-11-30T13:53:28.665Z"}
{"level":"info","message":{"auth":"[REDACTED]","method":"GET","msg":"request","timestamp":"2025-11-30T13:53:28.669Z","url":"/api/own-cyberark-dpa"},"timestamp":"2025-11-30T13:53:28.669Z"}
{"level":"info","message":{"auth":"[REDACTED]","method":"GET","msg":"request","timestamp":"2025-11-30T13:53:28.676Z","url":"/api/own-cyberark-identity"},"timestamp":"2025-11-30T13:53:28.677Z"}
{"level":"info","message":{"auth":"[REDACTED]","method":"GET","msg":"request","timestamp":"2025-11-30T13:53:28.685Z","url":"/api/own-cyberark-conjur"},"timestamp":"2025-11-30T13:53:28.685Z"}
{"level":"info","message":{"auth":"[REDACTED]","method":"GET","msg":"request","timestamp":"2025-11-30T13:53:28.689Z","url":"/api/own-cyberark-identity"},"timestamp":"2025-11-30T13:53:28.689Z"}
{"level":"info","message":{"auth":"[REDACTED]","method":"GET","msg":"request","timestamp":"2025-11-30T13:54:48.171Z","url":"/api/search-employee/u1009/details?system=ping-mfa"},"timestamp":"2025-11-30T13:54:48.171Z"}
{"level":"info","message":{"auth":"[REDACTED]","method":"GET","msg":"request","timestamp":"2025-11-30T14:17:52.670Z","url":"/api/own-cyberark"},"timestamp":"2025-11-30T14:17:52.670Z"}
{"level":"info","message":{"auth":"[REDACTED]","method":"GET","msg":"request","timestamp":"2025-11-30T14:17:52.679Z","url":"/api/ops-failures?system=cyberark-pam&minutes=10"},"timestamp":"2025-11-30T14:17:52.679Z"}
{"level":"info","message":{"auth":"[REDACTED]","method":"GET","msg":"request","timestamp":"2025-11-30T14:17:52.688Z","url":"/api/ops-failures?system=cyberark-vault&minutes=10"},"timestamp":"2025-11-30T14:17:52.688Z"}
{"level":"info","message":{"auth":"[REDACTED]","method":"GET","msg":"request","timestamp":"2025-11-30T14:17:52.739Z","url":"/api/own-cyberark"},"timestamp":"2025-11-30T14:17:52.739Z"}
{"level":"info","message":{"auth":"[REDACTED]","method":"GET","msg":"request","timestamp":"2025-11-30T14:17:52.743Z","url":"/api/ops-failures?system=cyberark-pam&minutes=10"},"timestamp":"2025-11-30T14:17:52.743Z"}
{"level":"info","message":{"auth":"[REDACTED]","method":"GET","msg":"request","timestamp":"2025-11-30T14:17:52.748Z","url":"/api/ops-failures?system=cyberark-vault&minutes=10"},"timestamp":"2025-11-30T14:17:52.748Z"}
{"level":"info","message":{"auth":"[REDACTED]","method":"GET","msg":"request","timestamp":"2025-11-30T14:17:54.739Z","url":"/api/own-cyberark-epm"},"timestamp":"2025-11-30T14:17:54.739Z"}
{"level":"info","message":{"auth":"[REDACTED]","method":"GET","msg":"request","timestamp":"2025-11-30T14:17:54.746Z","url":"/api/own-cyberark-epm"},"timestamp":"2025-11-30T14:17:54.746Z"}
{"level":"info","message":{"auth":"[REDACTED]","method":"GET","msg":"request","timestamp":"2025-11-30T14:17:54.754Z","url":"/api/own-cyberark-alero"},"timestamp":"2025-11-30T14:17:54.754Z"}
{"level":"info","message":{"auth":"[REDACTED]","method":"GET","msg":"request","timestamp":"2025-11-30T14:17:54.762Z","url":"/api/own-cyberark-conjur"},"timestamp":"2025-11-30T14:17:54.762Z"}
{"level":"info","message":{"auth":"[REDACTED]","method":"GET","msg":"request","timestamp":"2025-11-30T14:17:54.771Z","url":"/api/own-cyberark-conjur"},"timestamp":"2025-11-30T14:17:54.771Z"}
{"level":"info","message":{"auth":"[REDACTED]","method":"GET","msg":"request","timestamp":"2025-11-30T14:17:54.776Z","url":"/api/own-cyberark-dpa"},"timestamp":"2025-11-30T14:17:54.776Z"}
{"level":"info","message":{"auth":"[REDACTED]","method":"GET","msg":"request","timestamp":"2025-11-30T14:17:54.780Z","url":"/api/own-cyberark-identity"},"timestamp":"2025-11-30T14:17:54.780Z"}
{"level":"info","message":{"auth":"[REDACTED]","method":"GET","msg":"request","timestamp":"2025-11-30T14:17:54.787Z","url":"/api/own-cyberark-identity"},"timestamp":"2025-11-30T14:17:54.787Z"}
{"level":"info","message":{"auth":"[REDACTED]","method":"GET","msg":"request","timestamp":"2025-11-30T14:17:54.791Z","url":"/api/own-cyberark-alero"},"timestamp":"2025-11-30T14:17:54.791Z"}
{"level":"info","message":{"auth":"[REDACTED]","method":"GET","msg":"request","timestamp":"2025-11-30T14:17:54.795Z","url":"/api/own-cyberark-dpa"},"timestamp":"2025-11-30T14:17:54.795Z"}
{"level":"info","message":{"auth":"[REDACTED]","method":"GET","msg":"request","timestamp":"2025-11-30T14:18:19.640Z","url":"/api/own-cyberark"},"timestamp":"2025-11-30T14:18:19.640Z"}
{"level":"info","message":{"auth":"[REDACTED]","method":"GET","msg":"request","timestamp":"2025-11-30T14:18:19.658Z","url":"/api/own-cyberark-epm"},"timestamp":"2025-11-30T14:18:19.658Z"}
{"level":"info","message":{"auth":"[REDACTED]","method":"GET","msg":"request","timestamp":"2025-11-30T14:18:19.674Z","url":"/api/own-cyberark-alero"},"timestamp":"2025-11-30T14:18:19.674Z"}
{"level":"info","message":{"auth":"[REDACTED]","method":"GET","msg":"request","timestamp":"2025-11-30T14:18:19.682Z","url":"/api/own-cyberark-conjur"},"timestamp":"2025-11-30T14:18:19.682Z"}
{"level":"info","message":{"auth":"[REDACTED]","method":"GET","msg":"request","timestamp":"2025-11-30T14:18:19.690Z","url":"/api/own-cyberark-dpa"},"timestamp":"2025-11-30T14:18:19.690Z"}
{"level":"info","message":{"auth":"[REDACTED]","method":"GET","msg":"request","timestamp":"2025-11-30T14:18:19.729Z","url":"/api/own-cyberark"},"timestamp":"2025-11-30T14:18:19.729Z"}
{"level":"info","message":{"auth":"[REDACTED]","method":"GET","msg":"request","timestamp":"2025-11-30T14:18:19.741Z","url":"/api/own-cyberark-identity"},"timestamp":"2025-11-30T14:18:19.741Z"}
{"level":"info","message":{"auth":"[REDACTED]","method":"GET","msg":"request","timestamp":"2025-11-30T14:18:19.754Z","url":"/api/ops-failures?system=cyberark-pam&minutes=10"},"timestamp":"2025-11-30T14:18:19.754Z"}
{"level":"info","message":{"auth":"[REDACTED]","method":"GET","msg":"request","timestamp":"2025-11-30T14:18:19.761Z","url":"/api/own-cyberark-alero"},"timestamp":"2025-11-30T14:18:19.761Z"}
{"level":"info","message":{"auth":"[REDACTED]","method":"GET","msg":"request","timestamp":"2025-11-30T14:18:19.767Z","url":"/api/own-cyberark-conjur"},"timestamp":"2025-11-30T14:18:19.767Z"}
{"level":"info","message":{"auth":"[REDACTED]","method":"GET","msg":"request","timestamp":"2025-11-30T14:18:19.772Z","url":"/api/own-cyberark-dpa"},"timestamp":"2025-11-30T14:18:19.772Z"}
{"level":"info","message":{"auth":"[REDACTED]","method":"GET","msg":"request","timestamp":"2025-11-30T14:18:19.777Z","url":"/api/own-cyberark-identity"},"timestamp":"2025-11-30T14:18:19.777Z"}
{"level":"info","message":{"auth":"[REDACTED]","method":"GET","msg":"request","timestamp":"2025-11-30T14:18:19.784Z","url":"/api/own-cyberark-epm"},"timestamp":"2025-11-30T14:18:19.784Z"}
{"level":"info","message":{"auth":"[REDACTED]","method":"GET","msg":"request","timestamp":"2025-11-30T14:18:19.788Z","url":"/api/ops-failures?system=cyberark-vault&minutes=10"},"timestamp":"2025-11-30T14:18:19.788Z"}
{"level":"info","message":{"auth":"[REDACTED]","method":"GET","msg":"request","timestamp":"2025-11-30T14:23:28.282Z","url":"/api/ops-failures?system=cyberark-pam&minutes=5"},"timestamp":"2025-11-30T14:23:28.282Z"}
{"level":"info","message":{"auth":"[REDACTED]","method":"GET","msg":"request","timestamp":"2025-11-30T14:23:28.289Z","url":"/api/ops-failures?system=cyberark-vault&minutes=5"},"timestamp":"2025-11-30T14:23:28.289Z"}
{"level":"info","message":{"auth":"[REDACTED]","method":"GET","msg":"request","timestamp":"2025-11-30T14:23:28.824Z","url":"/api/ops-failures?system=cyberark-pam&minutes=15"},"timestamp":"2025-11-30T14:23:28.824Z"}
{"level":"info","message":{"auth":"[REDACTED]","method":"GET","msg":"request","timestamp":"2025-11-30T14:23:28.840Z","url":"/api/ops-failures?system=cyberark-vault&minutes=15"},"timestamp":"2025-11-30T14:23:28.841Z"}
{"level":"info","message":{"auth":"[REDACTED]","method":"GET","msg":"request","timestamp":"2025-11-30T14:23:30.371Z","url":"/api/ops-failures?system=cyberark-pam&minutes=30"},"timestamp":"2025-11-30T14:23:30.371Z"}
{"level":"info","message":{"auth":"[REDACTED]","method":"GET","msg":"request","timestamp":"2025-11-30T14:23:30.375Z","url":"/api/ops-failures?system=cyberark-vault&minutes=30"},"timestamp":"2025-11-30T14:23:30.375Z"}
{"level":"info","message":{"auth":"[REDACTED]","method":"GET","msg":"request","timestamp":"2025-11-30T14:23:31.664Z","url":"/api/ops-failures?system=cyberark-pam&minutes=60"},"timestamp":"2025-11-30T14:23:31.664Z"}
{"level":"info","message":{"auth":"[REDACTED]","method":"GET","msg":"request","timestamp":"2025-11-30T14:23:31.670Z","url":"/api/ops-failures?system=cyberark-vault&minutes=60"},"timestamp":"2025-11-30T14:23:31.670Z"}
{"level":"info","message":{"auth":"[REDACTED]","method":"GET","msg":"request","timestamp":"2025-11-30T14:23:34.724Z","url":"/api/ops-failures?system=cyberark-pam&minutes=60"},"timestamp":"2025-11-30T14:23:34.724Z"}
{"level":"info","message":{"auth":"[REDACTED]","method":"GET","msg":"request","timestamp":"2025-11-30T14:23:34.763Z","url":"/api/ops-failures?system=cyberark-vault&minutes=60"},"timestamp":"2025-11-30T14:23:34.763Z"}
{"level":"info","message":{"auth":"[REDACTED]","method":"GET","msg":"request","timestamp":"2025-11-30T14:23:37.971Z","url":"/api/ops-failures?system=cyberark-pam&minutes=59"},"timestamp":"2025-11-30T14:23:37.971Z"}
{"level":"info","message":{"auth":"[REDACTED]","method":"GET","msg":"request","timestamp":"2025-11-30T14:23:37.980Z","url":"/api/ops-failures?system=cyberark-vault&minutes=59"},"timestamp":"2025-11-30T14:23:37.980Z"}
{"level":"info","message":{"auth":"[REDACTED]","method":"GET","msg":"request","timestamp":"2025-11-30T14:24:22.188Z","url":"/api/ops-failures?system=cyberark-pam&minutes=5"},"timestamp":"2025-11-30T14:24:22.188Z"}
{"level":"info","message":{"auth":"[REDACTED]","method":"GET","msg":"request","timestamp":"2025-11-30T14:24:22.209Z","url":"/api/ops-failures?system=cyberark-vault&minutes=5"},"timestamp":"2025-11-30T14:24:22.209Z"}
{"level":"info","message":{"auth":"[REDACTED]","method":"GET","msg":"request","timestamp":"2025-11-30T14:24:24.699Z","url":"/api/ops-failures?system=cyberark-pam&minutes=15"},"timestamp":"2025-11-30T14:24:24.699Z"}
{"level":"info","message":{"auth":"[REDACTED]","method":"GET","msg":"request","timestamp":"2025-11-30T14:24:24.734Z","url":"/api/ops-failures?system=cyberark-vault&minutes=15"},"timestamp":"2025-11-30T14:24:24.734Z"}
{"level":"info","message":{"auth":"[REDACTED]","method":"GET","msg":"request","timestamp":"2025-11-30T14:24:33.261Z","url":"/api/ops-failures?system=cyberark-pam&minutes=15"},"timestamp":"2025-11-30T14:24:33.261Z"}
{"level":"info","message":{"auth":"[REDACTED]","method":"GET","msg":"request","timestamp":"2025-11-30T14:24:33.283Z","url":"/api/ops-failures?system=cyberark-vault&minutes=15"},"timestamp":"2025-11-30T14:24:33.283Z"}
{"level":"info","message":{"auth":"[REDACTED]","method":"GET","msg":"request","timestamp":"2025-11-30T14:25:55.356Z","url":"/api/ops-failures?system=cyberark-pam&minutes=30"},"timestamp":"2025-11-30T14:25:55.356Z"}
{"level":"info","message":{"auth":"[REDACTED]","method":"GET","msg":"request","timestamp":"2025-11-30T14:25:55.360Z","url":"/api/ops-failures?system=cyberark-vault&minutes=30"},"timestamp":"2025-11-30T14:25:55.360Z"}
{"level":"info","message":{"auth":"[REDACTED]","method":"GET","msg":"request","timestamp":"2025-11-30T14:26:37.475Z","url":"/api/ops-failures?system=ping-federate&minutes=30"},"timestamp":"2025-11-30T14:26:37.475Z"}
{"level":"info","message":{"auth":"[REDACTED]","method":"GET","msg":"request","timestamp":"2025-11-30T14:26:37.527Z","url":"/api/ops-failures?system=ping-mfa&minutes=30"},"timestamp":"2025-11-30T14:26:37.527Z"}
{"level":"info","message":{"auth":"[REDACTED]","method":"GET","msg":"request","timestamp":"2025-11-30T14:26:40.311Z","url":"/api/ops-failures?system=cyberark-pam&minutes=30"},"timestamp":"2025-11-30T14:26:40.312Z"}
{"level":"info","message":{"auth":"[REDACTED]","method":"GET","msg":"request","timestamp":"2025-11-30T14:26:40.630Z","url":"/api/ops-failures?system=cyberark-vault&minutes=30"},"timestamp":"2025-11-30T14:26:40.630Z"}
{"level":"info","message":{"auth":"[REDACTED]","method":"GET","msg":"request","timestamp":"2025-11-30T14:26:42.674Z","url":"/api/ops-failures?system=ping-federate&minutes=30"},"timestamp":"2025-11-30T14:26:42.674Z"}
{"level":"info","message":{"auth":"[REDACTED]","method":"GET","msg":"request","timestamp":"2025-11-30T14:26:42.693Z","url":"/api/ops-failures?system=ping-mfa&minutes=30"},"timestamp":"2025-11-30T14:26:42.693Z"}
{"level":"info","message":{"auth":"[REDACTED]","method":"GET","msg":"request","timestamp":"2025-11-30T14:28:37.159Z","url":"/api/own-cyberark"},"timestamp":"2025-11-30T14:28:37.159Z"}
{"level":"info","message":{"auth":"[REDACTED]","method":"GET","msg":"request","timestamp":"2025-11-30T14:28:37.180Z","url":"/api/own-cyberark"},"timestamp":"2025-11-30T14:28:37.180Z"}
{"level":"info","message":{"auth":"[REDACTED]","method":"GET","msg":"request","timestamp":"2025-11-30T14:28:37.274Z","url":"/api/ops-failures?system=cyberark-pam&minutes=10"},"timestamp":"2025-11-30T14:28:37.274Z"}
{"level":"info","message":{"auth":"[REDACTED]","method":"GET","msg":"request","timestamp":"2025-11-30T14:28:37.675Z","url":"/api/ops-failures?system=cyberark-vault&minutes=10"},"timestamp":"2025-11-30T14:28:37.675Z"}
{"level":"info","message":{"auth":"[REDACTED]","method":"GET","msg":"request","timestamp":"2025-11-30T14:28:38.058Z","url":"/api/ops-failures?system=cyberark-pam&minutes=10"},"timestamp":"2025-11-30T14:28:38.058Z"}
{"level":"info","message":{"auth":"[REDACTED]","method":"GET","msg":"request","timestamp":"2025-11-30T14:28:38.374Z","url":"/api/ops-failures?system=cyberark-vault&minutes=10"},"timestamp":"2025-11-30T14:28:38.374Z"}
{"level":"info","message":{"auth":"[REDACTED]","method":"GET","msg":"request","timestamp":"2025-11-30T14:28:41.816Z","url":"/api/own-cyberark"},"timestamp":"2025-11-30T14:28:41.816Z"}
{"level":"info","message":{"auth":"[REDACTED]","method":"GET","msg":"request","timestamp":"2025-11-30T14:28:41.826Z","url":"/api/own-cyberark-epm"},"timestamp":"2025-11-30T14:28:41.826Z"}
{"level":"info","message":{"auth":"[REDACTED]","method":"GET","msg":"request","timestamp":"2025-11-30T14:28:41.832Z","url":"/api/ops-failures?system=cyberark-vault&minutes=10"},"timestamp":"2025-11-30T14:28:41.832Z"}
{"level":"info","message":{"auth":"[REDACTED]","method":"GET","msg":"request","timestamp":"2025-11-30T14:28:41.853Z","url":"/api/own-cyberark"},"timestamp":"2025-11-30T14:28:41.853Z"}
{"level":"info","message":{"auth":"[REDACTED]","method":"GET","msg":"request","timestamp":"2025-11-30T14:28:41.897Z","url":"/api/own-cyberark-epm"},"timestamp":"2025-11-30T14:28:41.897Z"}
{"level":"info","message":{"auth":"[REDACTED]","method":"GET","msg":"request","timestamp":"2025-11-30T14:28:41.909Z","url":"/api/own-cyberark-alero"},"timestamp":"2025-11-30T14:28:41.909Z"}
{"level":"info","message":{"auth":"[REDACTED]","method":"GET","msg":"request","timestamp":"2025-11-30T14:28:41.945Z","url":"/api/own-cyberark-conjur"},"timestamp":"2025-11-30T14:28:41.945Z"}
{"level":"info","message":{"auth":"[REDACTED]","method":"GET","msg":"request","timestamp":"2025-11-30T14:28:41.950Z","url":"/api/own-cyberark-dpa"},"timestamp":"2025-11-30T14:28:41.950Z"}
{"level":"info","message":{"auth":"[REDACTED]","method":"GET","msg":"request","timestamp":"2025-11-30T14:28:41.959Z","url":"/api/own-cyberark-identity"},"timestamp":"2025-11-30T14:28:41.959Z"}
{"level":"info","message":{"auth":"[REDACTED]","method":"GET","msg":"request","timestamp":"2025-11-30T14:28:41.963Z","url":"/api/own-cyberark-alero"},"timestamp":"2025-11-30T14:28:41.963Z"}
{"level":"info","message":{"auth":"[REDACTED]","method":"GET","msg":"request","timestamp":"2025-11-30T14:28:41.967Z","url":"/api/own-cyberark-conjur"},"timestamp":"2025-11-30T14:28:41.967Z"}
{"level":"info","message":{"auth":"[REDACTED]","method":"GET","msg":"request","timestamp":"2025-11-30T14:28:41.973Z","url":"/api/own-cyberark-dpa"},"timestamp":"2025-11-30T14:28:41.973Z"}
{"level":"info","message":{"auth":"[REDACTED]","method":"GET","msg":"request","timestamp":"2025-11-30T14:28:41.977Z","url":"/api/ops-failures?system=cyberark-pam&minutes=10"},"timestamp":"2025-11-30T14:28:41.977Z"}
{"level":"info","message":{"auth":"[REDACTED]","method":"GET","msg":"request","timestamp":"2025-11-30T14:28:41.982Z","url":"/api/own-cyberark-identity"},"timestamp":"2025-11-30T14:28:41.982Z"}
{"level":"info","message":{"auth":"[REDACTED]","method":"GET","msg":"request","timestamp":"2025-11-30T14:32:48.258Z","url":"/api/own-cyberark"},"timestamp":"2025-11-30T14:32:48.258Z"}
{"level":"info","message":{"auth":"[REDACTED]","method":"GET","msg":"request","timestamp":"2025-11-30T14:32:48.267Z","url":"/api/ops-failures?system=cyberark-pam&minutes=10"},"timestamp":"2025-11-30T14:32:48.267Z"}
{"level":"info","message":{"auth":"[REDACTED]","method":"GET","msg":"request","timestamp":"2025-11-30T14:32:48.271Z","url":"/api/ops-failures?system=cyberark-vault&minutes=10"},"timestamp":"2025-11-30T14:32:48.271Z"}
{"level":"info","message":{"auth":"[REDACTED]","method":"GET","msg":"request","timestamp":"2025-11-30T14:32:48.316Z","url":"/api/own-cyberark"},"timestamp":"2025-11-30T14:32:48.316Z"}
{"level":"info","message":{"auth":"[REDACTED]","method":"GET","msg":"request","timestamp":"2025-11-30T14:32:48.320Z","url":"/api/ops-failures?system=cyberark-pam&minutes=10"},"timestamp":"2025-11-30T14:32:48.320Z"}
{"level":"info","message":{"auth":"[REDACTED]","method":"GET","msg":"request","timestamp":"2025-11-30T14:32:48.326Z","url":"/api/ops-failures?system=cyberark-vault&minutes=10"},"timestamp":"2025-11-30T14:32:48.326Z"}
{"level":"info","message":{"auth":"[REDACTED]","method":"GET","msg":"request","timestamp":"2025-11-30T14:32:49.580Z","url":"/api/own-cyberark-epm"},"timestamp":"2025-11-30T14:32:49.580Z"}
{"level":"info","message":{"auth":"[REDACTED]","method":"GET","msg":"request","timestamp":"2025-11-30T14:32:49.584Z","url":"/api/own-cyberark-alero"},"timestamp":"2025-11-30T14:32:49.584Z"}
{"level":"info","message":{"auth":"[REDACTED]","method":"GET","msg":"request","timestamp":"2025-11-30T14:32:49.590Z","url":"/api/own-cyberark-conjur"},"timestamp":"2025-11-30T14:32:49.590Z"}
{"level":"info","message":{"auth":"[REDACTED]","method":"GET","msg":"request","timestamp":"2025-11-30T14:32:49.595Z","url":"/api/own-cyberark-dpa"},"timestamp":"2025-11-30T14:32:49.595Z"}
{"level":"info","message":{"auth":"[REDACTED]","method":"GET","msg":"request","timestamp":"2025-11-30T14:32:49.599Z","url":"/api/own-cyberark-identity"},"timestamp":"2025-11-30T14:32:49.599Z"}
{"level":"info","message":{"auth":"[REDACTED]","method":"GET","msg":"request","timestamp":"2025-11-30T14:32:49.603Z","url":"/api/own-cyberark-epm"},"timestamp":"2025-11-30T14:32:49.603Z"}
{"level":"info","message":{"auth":"[REDACTED]","method":"GET","msg":"request","timestamp":"2025-11-30T14:32:49.607Z","url":"/api/own-cyberark-alero"},"timestamp":"2025-11-30T14:32:49.607Z"}
{"level":"info","message":{"auth":"[REDACTED]","method":"GET","msg":"request","timestamp":"2025-11-30T14:32:49.612Z","url":"/api/own-cyberark-conjur"},"timestamp":"2025-11-30T14:32:49.612Z"}
{"level":"info","message":{"auth":"[REDACTED]","method":"GET","msg":"request","timestamp":"2025-11-30T14:32:49.615Z","url":"/api/own-cyberark-dpa"},"timestamp":"2025-11-30T14:32:49.615Z"}
{"level":"info","message":{"auth":"[REDACTED]","method":"GET","msg":"request","timestamp":"2025-11-30T14:32:49.618Z","url":"/api/own-cyberark-identity"},"timestamp":"2025-11-30T14:32:49.618Z"}
{"level":"info","message":{"auth":"[REDACTED]","method":"GET","msg":"request","timestamp":"2025-11-30T14:33:08.593Z","url":"/api/own-cyberark"},"timestamp":"2025-11-30T14:33:08.593Z"}
{"level":"info","message":{"auth":"[REDACTED]","method":"GET","msg":"request","timestamp":"2025-11-30T14:33:08.605Z","url":"/api/ops-failures?system=cyberark-pam&minutes=10"},"timestamp":"2025-11-30T14:33:08.605Z"}
{"level":"info","message":{"auth":"[REDACTED]","method":"GET","msg":"request","timestamp":"2025-11-30T14:33:08.675Z","url":"/api/ops-failures?system=cyberark-vault&minutes=10"},"timestamp":"2025-11-30T14:33:08.675Z"}
{"level":"info","message":{"auth":"[REDACTED]","method":"GET","msg":"request","timestamp":"2025-11-30T14:33:08.695Z","url":"/api/own-cyberark"},"timestamp":"2025-11-30T14:33:08.695Z"}
{"level":"info","message":{"auth":"[REDACTED]","method":"GET","msg":"request","timestamp":"2025-11-30T14:33:08.737Z","url":"/api/own-cyberark-epm"},"timestamp":"2025-11-30T14:33:08.737Z"}
{"level":"info","message":{"auth":"[REDACTED]","method":"GET","msg":"request","timestamp":"2025-11-30T14:33:08.745Z","url":"/api/own-cyberark-alero"},"timestamp":"2025-11-30T14:33:08.745Z"}
{"level":"info","message":{"auth":"[REDACTED]","method":"GET","msg":"request","timestamp":"2025-11-30T14:33:08.749Z","url":"/api/own-cyberark-conjur"},"timestamp":"2025-11-30T14:33:08.749Z"}
{"level":"info","message":{"auth":"[REDACTED]","method":"GET","msg":"request","timestamp":"2025-11-30T14:33:08.754Z","url":"/api/own-cyberark-dpa"},"timestamp":"2025-11-30T14:33:08.754Z"}
{"level":"info","message":{"auth":"[REDACTED]","method":"GET","msg":"request","timestamp":"2025-11-30T14:33:08.761Z","url":"/api/own-cyberark-identity"},"timestamp":"2025-11-30T14:33:08.761Z"}
{"level":"info","message":{"auth":"[REDACTED]","method":"GET","msg":"request","timestamp":"2025-11-30T14:33:08.766Z","url":"/api/own-cyberark-epm"},"timestamp":"2025-11-30T14:33:08.766Z"}
{"level":"info","message":{"auth":"[REDACTED]","method":"GET","msg":"request","timestamp":"2025-11-30T14:33:08.771Z","url":"/api/own-cyberark-conjur"},"timestamp":"2025-11-30T14:33:08.771Z"}
{"level":"info","message":{"auth":"[REDACTED]","method":"GET","msg":"request","timestamp":"2025-11-30T14:33:08.779Z","url":"/api/own-cyberark-dpa"},"timestamp":"2025-11-30T14:33:08.779Z"}
{"level":"info","message":{"auth":"[REDACTED]","method":"GET","msg":"request","timestamp":"2025-11-30T14:33:08.782Z","url":"/api/own-cyberark-alero"},"timestamp":"2025-11-30T14:33:08.782Z"}
{"level":"info","message":{"auth":"[REDACTED]","method":"GET","msg":"request","timestamp":"2025-11-30T14:33:08.786Z","url":"/api/own-cyberark-identity"},"timestamp":"2025-11-30T14:33:08.786Z"}
{"level":"info","message":{"auth":"[REDACTED]","method":"GET","msg":"request","timestamp":"2025-11-30T14:33:37.796Z","url":"/api/ops-failures?system=cyberark-pam&minutes=10"},"timestamp":"2025-11-30T14:33:37.796Z"}
{"level":"info","message":{"auth":"[REDACTED]","method":"GET","msg":"request","timestamp":"2025-11-30T14:33:37.801Z","url":"/api/ops-failures?system=cyberark-vault&minutes=10"},"timestamp":"2025-11-30T14:33:37.801Z"}
{"level":"info","message":{"auth":"[REDACTED]","method":"GET","msg":"request","timestamp":"2025-11-30T14:41:26.586Z","url":"/api/search-employee/u1009/details?system=ping-mfa"},"timestamp":"2025-11-30T14:41:26.586Z"}
{"level":"info","message":{"auth":"[REDACTED]","method":"GET","msg":"request","timestamp":"2025-11-30T14:41:44.984Z","url":"/api/own-ping-directory"},"timestamp":"2025-11-30T14:41:44.984Z"}
{"level":"info","message":{"auth":"[REDACTED]","method":"GET","msg":"request","timestamp":"2025-11-30T14:41:45.035Z","url":"/api/own-ping-federate"},"timestamp":"2025-11-30T14:41:45.035Z"}
{"level":"info","message":{"auth":"[REDACTED]","method":"GET","msg":"request","timestamp":"2025-11-30T14:41:45.044Z","url":"/api/own-ping-mfa"},"timestamp":"2025-11-30T14:41:45.044Z"}
{"level":"info","message":{"auth":"[REDACTED]","method":"GET","msg":"request","timestamp":"2025-11-30T14:41:45.049Z","url":"/api/own-cyberark"},"timestamp":"2025-11-30T14:41:45.049Z"}
{"level":"info","message":{"auth":"[REDACTED]","method":"GET","msg":"request","timestamp":"2025-11-30T14:41:45.053Z","url":"/api/own-saviynt"},"timestamp":"2025-11-30T14:41:45.053Z"}
{"level":"info","message":{"auth":"[REDACTED]","method":"GET","msg":"request","timestamp":"2025-11-30T14:41:45.063Z","url":"/api/own-azure-ad"},"timestamp":"2025-11-30T14:41:45.063Z"}
{"level":"info","message":{"auth":"[REDACTED]","method":"GET","msg":"request","timestamp":"2025-11-30T14:41:45.070Z","url":"/api/own-ping-federate"},"timestamp":"2025-11-30T14:41:45.070Z"}
{"level":"info","message":{"auth":"[REDACTED]","method":"GET","msg":"request","timestamp":"2025-11-30T14:41:45.079Z","url":"/api/own-ping-directory"},"timestamp":"2025-11-30T14:41:45.079Z"}
{"level":"info","message":{"auth":"[REDACTED]","method":"GET","msg":"request","timestamp":"2025-11-30T14:41:45.105Z","url":"/api/own-ping-mfa"},"timestamp":"2025-11-30T14:41:45.105Z"}
{"level":"info","message":{"auth":"[REDACTED]","method":"GET","msg":"request","timestamp":"2025-11-30T14:41:45.118Z","url":"/api/own-cyberark"},"timestamp":"2025-11-30T14:41:45.118Z"}
{"level":"info","message":{"auth":"[REDACTED]","method":"GET","msg":"request","timestamp":"2025-11-30T14:41:45.128Z","url":"/api/own-saviynt"},"timestamp":"2025-11-30T14:41:45.128Z"}
{"level":"info","message":{"auth":"[REDACTED]","method":"GET","msg":"request","timestamp":"2025-11-30T14:41:45.134Z","url":"/api/own-azure-ad"},"timestamp":"2025-11-30T14:41:45.134Z"}
{"level":"info","message":{"auth":"[REDACTED]","method":"GET","msg":"request","timestamp":"2025-11-30T14:41:46.990Z","url":"/api/ops-failures?system=cyberark-pam&minutes=10"},"timestamp":"2025-11-30T14:41:46.990Z"}
{"level":"info","message":{"auth":"[REDACTED]","method":"GET","msg":"request","timestamp":"2025-11-30T14:41:47.234Z","url":"/api/ops-failures?system=cyberark-vault&minutes=10"},"timestamp":"2025-11-30T14:41:47.234Z"}
{"level":"info","message":{"auth":"[REDACTED]","method":"GET","msg":"request","timestamp":"2025-11-30T14:54:48.731Z","url":"/api/own-cyberark"},"timestamp":"2025-11-30T14:54:48.731Z"}
{"level":"info","message":{"auth":"[REDACTED]","method":"GET","msg":"request","timestamp":"2025-11-30T14:54:48.749Z","url":"/api/ops-failures?system=cyberark-pam&minutes=10"},"timestamp":"2025-11-30T14:54:48.749Z"}
{"level":"info","message":{"auth":"[REDACTED]","method":"GET","msg":"request","timestamp":"2025-11-30T14:54:48.760Z","url":"/api/ops-failures?system=cyberark-vault&minutes=10"},"timestamp":"2025-11-30T14:54:48.760Z"}
{"level":"info","message":{"auth":"[REDACTED]","method":"GET","msg":"request","timestamp":"2025-11-30T14:54:48.770Z","url":"/api/own-cyberark"},"timestamp":"2025-11-30T14:54:48.770Z"}
{"level":"info","message":{"auth":"[REDACTED]","method":"GET","msg":"request","timestamp":"2025-11-30T14:54:48.780Z","url":"/api/ops-failures?system=cyberark-pam&minutes=10"},"timestamp":"2025-11-30T14:54:48.780Z"}
{"level":"info","message":{"auth":"[REDACTED]","method":"GET","msg":"request","timestamp":"2025-11-30T14:54:48.785Z","url":"/api/ops-failures?system=cyberark-vault&minutes=10"},"timestamp":"2025-11-30T14:54:48.785Z"}
{"level":"info","message":{"auth":"[REDACTED]","method":"GET","msg":"request","timestamp":"2025-11-30T14:54:50.402Z","url":"/api/own-cyberark-epm"},"timestamp":"2025-11-30T14:54:50.402Z"}
{"level":"info","message":{"auth":"[REDACTED]","method":"GET","msg":"request","timestamp":"2025-11-30T14:54:50.407Z","url":"/api/own-cyberark-alero"},"timestamp":"2025-11-30T14:54:50.407Z"}
{"level":"info","message":{"auth":"[REDACTED]","method":"GET","msg":"request","timestamp":"2025-11-30T14:54:50.418Z","url":"/api/own-cyberark-conjur"},"timestamp":"2025-11-30T14:54:50.418Z"}
{"level":"info","message":{"auth":"[REDACTED]","method":"GET","msg":"request","timestamp":"2025-11-30T14:54:50.423Z","url":"/api/own-cyberark-epm"},"timestamp":"2025-11-30T14:54:50.423Z"}
{"level":"info","message":{"auth":"[REDACTED]","method":"GET","msg":"request","timestamp":"2025-11-30T14:54:50.432Z","url":"/api/own-cyberark-dpa"},"timestamp":"2025-11-30T14:54:50.432Z"}
{"level":"info","message":{"auth":"[REDACTED]","method":"GET","msg":"request","timestamp":"2025-11-30T14:54:50.438Z","url":"/api/own-cyberark-alero"},"timestamp":"2025-11-30T14:54:50.438Z"}
{"level":"info","message":{"auth":"[REDACTED]","method":"GET","msg":"request","timestamp":"2025-11-30T14:54:50.443Z","url":"/api/own-cyberark-identity"},"timestamp":"2025-11-30T14:54:50.443Z"}
{"level":"info","message":{"auth":"[REDACTED]","method":"GET","msg":"request","timestamp":"2025-11-30T14:54:50.449Z","url":"/api/own-cyberark-conjur"},"timestamp":"2025-11-30T14:54:50.449Z"}
{"level":"info","message":{"auth":"[REDACTED]","method":"GET","msg":"request","timestamp":"2025-11-30T14:54:50.456Z","url":"/api/own-cyberark-dpa"},"timestamp":"2025-11-30T14:54:50.456Z"}
{"level":"info","message":{"auth":"[REDACTED]","method":"GET","msg":"request","timestamp":"2025-11-30T14:54:50.471Z","url":"/api/own-cyberark-identity"},"timestamp":"2025-11-30T14:54:50.471Z"}
{"level":"info","message":{"auth":"[REDACTED]","method":"GET","msg":"request","timestamp":"2025-11-30T15:04:02.793Z","url":"/api/own-cyberark"},"timestamp":"2025-11-30T15:04:02.793Z"}
{"level":"info","message":{"auth":"[REDACTED]","method":"GET","msg":"request","timestamp":"2025-11-30T15:04:02.800Z","url":"/api/ops-failures?system=cyberark-pam&minutes=10"},"timestamp":"2025-11-30T15:04:02.800Z"}
{"level":"info","message":{"auth":"[REDACTED]","method":"GET","msg":"request","timestamp":"2025-11-30T15:04:02.812Z","url":"/api/ops-failures?system=cyberark-vault&minutes=10"},"timestamp":"2025-11-30T15:04:02.812Z"}
{"level":"info","message":{"auth":"[REDACTED]","method":"GET","msg":"request","timestamp":"2025-11-30T15:04:02.825Z","url":"/api/ops-failures?system=cyberark-vault&minutes=10"},"timestamp":"2025-11-30T15:04:02.825Z"}
{"level":"info","message":{"auth":"[REDACTED]","method":"GET","msg":"request","timestamp":"2025-11-30T15:04:02.833Z","url":"/api/own-cyberark"},"timestamp":"2025-11-30T15:04:02.833Z"}
{"level":"info","message":{"auth":"[REDACTED]","method":"GET","msg":"request","timestamp":"2025-11-30T15:04:02.837Z","url":"/api/ops-failures?system=cyberark-pam&minutes=10"},"timestamp":"2025-11-30T15:04:02.837Z"}
{"level":"info","message":{"auth":"[REDACTED]","method":"GET","msg":"request","timestamp":"2025-11-30T15:04:04.473Z","url":"/api/own-cyberark-epm"},"timestamp":"2025-11-30T15:04:04.473Z"}
{"level":"info","message":{"auth":"[REDACTED]","method":"GET","msg":"request","timestamp":"2025-11-30T15:04:04.478Z","url":"/api/own-cyberark-epm"},"timestamp":"2025-11-30T15:04:04.478Z"}
{"level":"info","message":{"auth":"[REDACTED]","method":"GET","msg":"request","timestamp":"2025-11-30T15:04:04.486Z","url":"/api/own-cyberark-alero"},"timestamp":"2025-11-30T15:04:04.486Z"}
{"level":"info","message":{"auth":"[REDACTED]","method":"GET","msg":"request","timestamp":"2025-11-30T15:04:04.492Z","url":"/api/own-cyberark-conjur"},"timestamp":"2025-11-30T15:04:04.492Z"}
{"level":"info","message":{"auth":"[REDACTED]","method":"GET","msg":"request","timestamp":"2025-11-30T15:04:04.502Z","url":"/api/own-cyberark-conjur"},"timestamp":"2025-11-30T15:04:04.502Z"}
{"level":"info","message":{"auth":"[REDACTED]","method":"GET","msg":"request","timestamp":"2025-11-30T15:04:04.509Z","url":"/api/own-cyberark-identity"},"timestamp":"2025-11-30T15:04:04.509Z"}
{"level":"info","message":{"auth":"[REDACTED]","method":"GET","msg":"request","timestamp":"2025-11-30T15:04:04.518Z","url":"/api/own-cyberark-alero"},"timestamp":"2025-11-30T15:04:04.518Z"}
{"level":"info","message":{"auth":"[REDACTED]","method":"GET","msg":"request","timestamp":"2025-11-30T15:04:04.521Z","url":"/api/own-cyberark-dpa"},"timestamp":"2025-11-30T15:04:04.521Z"}
{"level":"info","message":{"auth":"[REDACTED]","method":"GET","msg":"request","timestamp":"2025-11-30T15:04:04.526Z","url":"/api/own-cyberark-identity"},"timestamp":"2025-11-30T15:04:04.526Z"}
{"level":"info","message":{"auth":"[REDACTED]","method":"GET","msg":"request","timestamp":"2025-11-30T15:04:04.533Z","url":"/api/own-cyberark-dpa"},"timestamp":"2025-11-30T15:04:04.533Z"}
{"level":"info","message":{"auth":"[REDACTED]","method":"GET","msg":"request","timestamp":"2025-11-30T15:07:11.404Z","url":"/api/own-cyberark"},"timestamp":"2025-11-30T15:07:11.404Z"}
{"level":"info","message":{"auth":"[REDACTED]","method":"GET","msg":"request","timestamp":"2025-11-30T15:07:11.410Z","url":"/api/own-cyberark-epm"},"timestamp":"2025-11-30T15:07:11.410Z"}
{"level":"info","message":{"auth":"[REDACTED]","method":"GET","msg":"request","timestamp":"2025-11-30T15:07:11.417Z","url":"/api/own-cyberark-alero"},"timestamp":"2025-11-30T15:07:11.417Z"}
{"level":"info","message":{"auth":"[REDACTED]","method":"GET","msg":"request","timestamp":"2025-11-30T15:07:11.423Z","url":"/api/own-cyberark-conjur"},"timestamp":"2025-11-30T15:07:11.423Z"}
{"level":"info","message":{"auth":"[REDACTED]","method":"GET","msg":"request","timestamp":"2025-11-30T15:07:11.429Z","url":"/api/own-cyberark-dpa"},"timestamp":"2025-11-30T15:07:11.429Z"}
{"level":"info","message":{"auth":"[REDACTED]","method":"GET","msg":"request","timestamp":"2025-11-30T15:07:11.438Z","url":"/api/own-cyberark"},"timestamp":"2025-11-30T15:07:11.438Z"}
{"level":"info","message":{"auth":"[REDACTED]","method":"GET","msg":"request","timestamp":"2025-11-30T15:07:11.443Z","url":"/api/own-cyberark-epm"},"timestamp":"2025-11-30T15:07:11.443Z"}
{"level":"info","message":{"auth":"[REDACTED]","method":"GET","msg":"request","timestamp":"2025-11-30T15:07:11.452Z","url":"/api/own-cyberark-alero"},"timestamp":"2025-11-30T15:07:11.452Z"}
{"level":"info","message":{"auth":"[REDACTED]","method":"GET","msg":"request","timestamp":"2025-11-30T15:07:11.457Z","url":"/api/own-cyberark-identity"},"timestamp":"2025-11-30T15:07:11.457Z"}
{"level":"info","message":{"auth":"[REDACTED]","method":"GET","msg":"request","timestamp":"2025-11-30T15:07:11.469Z","url":"/api/own-cyberark-conjur"},"timestamp":"2025-11-30T15:07:11.469Z"}
{"level":"info","message":{"auth":"[REDACTED]","method":"GET","msg":"request","timestamp":"2025-11-30T15:07:11.474Z","url":"/api/own-cyberark-identity"},"timestamp":"2025-11-30T15:07:11.474Z"}
{"level":"info","message":{"auth":"[REDACTED]","method":"GET","msg":"request","timestamp":"2025-11-30T15:07:11.489Z","url":"/api/own-cyberark-dpa"},"timestamp":"2025-11-30T15:07:11.489Z"}
{"level":"info","message":{"auth":"[REDACTED]","method":"GET","msg":"request","timestamp":"2025-11-30T15:07:31.769Z","url":"/api/own-cyberark"},"timestamp":"2025-11-30T15:07:31.769Z"}
{"level":"info","message":{"auth":"[REDACTED]","method":"GET","msg":"request","timestamp":"2025-11-30T15:07:31.786Z","url":"/api/ops-failures?system=cyberark-pam&minutes=10"},"timestamp":"2025-11-30T15:07:31.786Z"}
{"level":"info","message":{"auth":"[REDACTED]","method":"GET","msg":"request","timestamp":"2025-11-30T15:07:31.797Z","url":"/api/ops-failures?system=cyberark-vault&minutes=10"},"timestamp":"2025-11-30T15:07:31.797Z"}
{"level":"info","message":{"auth":"[REDACTED]","method":"GET","msg":"request","timestamp":"2025-11-30T15:07:31.825Z","url":"/api/ops-failures?system=cyberark-pam&minutes=10"},"timestamp":"2025-11-30T15:07:31.825Z"}
{"level":"info","message":{"auth":"[REDACTED]","method":"GET","msg":"request","timestamp":"2025-11-30T15:07:31.846Z","url":"/api/own-cyberark"},"timestamp":"2025-11-30T15:07:31.846Z"}
{"level":"info","message":{"auth":"[REDACTED]","method":"GET","msg":"request","timestamp":"2025-11-30T15:07:31.868Z","url":"/api/ops-failures?system=cyberark-vault&minutes=10"},"timestamp":"2025-11-30T15:07:31.868Z"}
{"level":"info","message":{"auth":"[REDACTED]","method":"GET","msg":"request","timestamp":"2025-11-30T15:07:32.213Z","url":"/api/own-cyberark-epm"},"timestamp":"2025-11-30T15:07:32.213Z"}
{"level":"info","message":{"auth":"[REDACTED]","method":"GET","msg":"request","timestamp":"2025-11-30T15:07:32.223Z","url":"/api/own-cyberark-alero"},"timestamp":"2025-11-30T15:07:32.224Z"}
{"level":"info","message":{"auth":"[REDACTED]","method":"GET","msg":"request","timestamp":"2025-11-30T15:07:32.234Z","url":"/api/own-cyberark-conjur"},"timestamp":"2025-11-30T15:07:32.234Z"}
{"level":"info","message":{"auth":"[REDACTED]","method":"GET","msg":"request","timestamp":"2025-11-30T15:07:32.239Z","url":"/api/own-cyberark-epm"},"timestamp":"2025-11-30T15:07:32.239Z"}
{"level":"info","message":{"auth":"[REDACTED]","method":"GET","msg":"request","timestamp":"2025-11-30T15:07:32.247Z","url":"/api/own-cyberark-alero"},"timestamp":"2025-11-30T15:07:32.247Z"}
{"level":"info","message":{"auth":"[REDACTED]","method":"GET","msg":"request","timestamp":"2025-11-30T15:07:32.253Z","url":"/api/own-cyberark-dpa"},"timestamp":"2025-11-30T15:07:32.253Z"}
{"level":"info","message":{"auth":"[REDACTED]","method":"GET","msg":"request","timestamp":"2025-11-30T15:07:32.258Z","url":"/api/own-cyberark-conjur"},"timestamp":"2025-11-30T15:07:32.258Z"}
{"level":"info","message":{"auth":"[REDACTED]","method":"GET","msg":"request","timestamp":"2025-11-30T15:07:32.267Z","url":"/api/own-cyberark-identity"},"timestamp":"2025-11-30T15:07:32.267Z"}
{"level":"info","message":{"auth":"[REDACTED]","method":"GET","msg":"request","timestamp":"2025-11-30T15:07:32.271Z","url":"/api/own-cyberark-dpa"},"timestamp":"2025-11-30T15:07:32.271Z"}
{"level":"info","message":{"auth":"[REDACTED]","method":"GET","msg":"request","timestamp":"2025-11-30T15:07:32.276Z","url":"/api/own-cyberark-identity"},"timestamp":"2025-11-30T15:07:32.276Z"}
{"level":"info","message":{"auth":"[REDACTED]","method":"GET","msg":"request","timestamp":"2025-11-30T15:11:13.623Z","url":"/api/own-cyberark"},"timestamp":"2025-11-30T15:11:13.623Z"}
{"level":"info","message":{"auth":"[REDACTED]","method":"GET","msg":"request","timestamp":"2025-11-30T15:11:13.651Z","url":"/api/own-saviynt"},"timestamp":"2025-11-30T15:11:13.651Z"}
{"level":"info","message":{"auth":"[REDACTED]","method":"GET","msg":"request","timestamp":"2025-11-30T15:11:13.659Z","url":"/api/own-azure-ad"},"timestamp":"2025-11-30T15:11:13.659Z"}
{"level":"info","message":{"auth":"[REDACTED]","method":"GET","msg":"request","timestamp":"2025-11-30T15:11:13.675Z","url":"/api/own-cyberark"},"timestamp":"2025-11-30T15:11:13.675Z"}
{"level":"info","message":{"auth":"[REDACTED]","method":"GET","msg":"request","timestamp":"2025-11-30T15:11:13.684Z","url":"/api/own-saviynt"},"timestamp":"2025-11-30T15:11:13.684Z"}
{"level":"info","message":{"auth":"[REDACTED]","method":"GET","msg":"request","timestamp":"2025-11-30T15:11:13.690Z","url":"/api/own-azure-ad"},"timestamp":"2025-11-30T15:11:13.690Z"}
{"level":"info","message":{"auth":"[REDACTED]","method":"GET","msg":"request","timestamp":"2025-11-30T15:12:15.069Z","url":"/api/search-employee/u1009/details?system=ping-mfa"},"timestamp":"2025-11-30T15:12:15.069Z"}
{"level":"info","message":{"auth":"[REDACTED]","method":"GET","msg":"request","timestamp":"2025-11-30T15:12:56.963Z","url":"/api/ops-failures?system=ping-federate&minutes=10"},"timestamp":"2025-11-30T15:12:56.963Z"}
{"level":"info","message":{"auth":"[REDACTED]","method":"GET","msg":"request","timestamp":"2025-11-30T15:12:56.973Z","url":"/api/ops-failures?system=ping-mfa&minutes=10"},"timestamp":"2025-11-30T15:12:56.973Z"}
{"level":"info","message":{"auth":"[REDACTED]","method":"GET","msg":"request","timestamp":"2025-11-30T15:20:53.908Z","url":"/api/ops-failures?system=ping-federate&minutes=10"},"timestamp":"2025-11-30T15:20:53.908Z"}
{"level":"info","message":{"auth":"[REDACTED]","method":"GET","msg":"request","timestamp":"2025-11-30T15:20:53.984Z","url":"/api/ops-failures?system=ping-mfa&minutes=10"},"timestamp":"2025-11-30T15:20:53.984Z"}
{"level":"info","message":{"auth":"[REDACTED]","method":"GET","msg":"request","timestamp":"2025-11-30T15:20:54.005Z","url":"/api/ops-failures?system=ping-federate&minutes=10"},"timestamp":"2025-11-30T15:20:54.005Z"}
{"level":"info","message":{"auth":"[REDACTED]","method":"GET","msg":"request","timestamp":"2025-11-30T15:20:54.016Z","url":"/api/ops-failures?system=ping-mfa&minutes=10"},"timestamp":"2025-11-30T15:20:54.016Z"}
{"level":"info","message":{"auth":"[REDACTED]","method":"GET","msg":"request","timestamp":"2025-11-30T15:24:22.751Z","url":"/api/ops-failures?system=ping-federate&minutes=10"},"timestamp":"2025-11-30T15:24:22.751Z"}
{"level":"info","message":{"auth":"[REDACTED]","method":"GET","msg":"request","timestamp":"2025-11-30T15:24:22.776Z","url":"/api/ops-failures?system=ping-mfa&minutes=10"},"timestamp":"2025-11-30T15:24:22.776Z"}
{"level":"info","message":{"auth":"[REDACTED]","method":"GET","msg":"request","timestamp":"2025-11-30T15:24:22.789Z","url":"/api/ops-failures?system=ping-mfa&minutes=10"},"timestamp":"2025-11-30T15:24:22.789Z"}
{"level":"info","message":{"auth":"[REDACTED]","method":"GET","msg":"request","timestamp":"2025-11-30T15:24:22.799Z","url":"/api/ops-failures?system=ping-federate&minutes=10"},"timestamp":"2025-11-30T15:24:22.799Z"}
{"level":"info","message":{"auth":"[REDACTED]","method":"GET","msg":"request","timestamp":"2025-11-30T15:24:55.676Z","url":"/api/own-azure-ad"},"timestamp":"2025-11-30T15:24:55.676Z"}
{"level":"info","message":{"auth":"[REDACTED]","method":"GET","msg":"request","timestamp":"2025-11-30T15:24:55.724Z","url":"/api/ops-failures?system=azure-ad-auth&minutes=10"},"timestamp":"2025-11-30T15:24:55.724Z"}
{"level":"info","message":{"auth":"[REDACTED]","method":"GET","msg":"request","timestamp":"2025-11-30T15:24:55.737Z","url":"/api/ops-failures?system=azure-ad-access&minutes=10"},"timestamp":"2025-11-30T15:24:55.737Z"}
{"level":"info","message":{"auth":"[REDACTED]","method":"GET","msg":"request","timestamp":"2025-11-30T15:24:55.744Z","url":"/api/own-azure-ad"},"timestamp":"2025-11-30T15:24:55.744Z"}
{"level":"info","message":{"auth":"[REDACTED]","method":"GET","msg":"request","timestamp":"2025-11-30T15:24:56.126Z","url":"/api/own-azure-ad-users"},"timestamp":"2025-11-30T15:24:56.126Z"}
{"level":"info","message":{"auth":"[REDACTED]","method":"GET","msg":"request","timestamp":"2025-11-30T15:24:56.139Z","url":"/api/own-azure-ad-groups"},"timestamp":"2025-11-30T15:24:56.139Z"}
{"level":"info","message":{"auth":"[REDACTED]","method":"GET","msg":"request","timestamp":"2025-11-30T15:24:56.146Z","url":"/api/own-azure-ad-apps"},"timestamp":"2025-11-30T15:24:56.146Z"}
{"level":"info","message":{"auth":"[REDACTED]","method":"GET","msg":"request","timestamp":"2025-11-30T15:24:56.153Z","url":"/api/own-azure-ad-signin"},"timestamp":"2025-11-30T15:24:56.153Z"}
{"level":"info","message":{"auth":"[REDACTED]","method":"GET","msg":"request","timestamp":"2025-11-30T15:24:56.158Z","url":"/api/own-azure-ad-groups"},"timestamp":"2025-11-30T15:24:56.158Z"}
{"level":"info","message":{"auth":"[REDACTED]","method":"GET","msg":"request","timestamp":"2025-11-30T15:24:56.170Z","url":"/api/own-azure-ad-conditional"},"timestamp":"2025-11-30T15:24:56.170Z"}
{"level":"info","message":{"auth":"[REDACTED]","method":"GET","msg":"request","timestamp":"2025-11-30T15:24:56.175Z","url":"/api/own-azure-ad-users"},"timestamp":"2025-11-30T15:24:56.175Z"}
{"level":"info","message":{"auth":"[REDACTED]","method":"GET","msg":"request","timestamp":"2025-11-30T15:24:56.183Z","url":"/api/own-azure-ad-apps"},"timestamp":"2025-11-30T15:24:56.183Z"}
{"level":"info","message":{"auth":"[REDACTED]","method":"GET","msg":"request","timestamp":"2025-11-30T15:24:56.187Z","url":"/api/own-azure-ad-signin"},"timestamp":"2025-11-30T15:24:56.187Z"}
{"level":"info","message":{"auth":"[REDACTED]","method":"GET","msg":"request","timestamp":"2025-11-30T15:24:56.193Z","url":"/api/own-azure-ad-conditional"},"timestamp":"2025-11-30T15:24:56.193Z"}
{"level":"info","message":{"auth":"[REDACTED]","method":"GET","msg":"request","timestamp":"2025-11-30T15:31:07.403Z","url":"/api/own-azure-ad"},"timestamp":"2025-11-30T15:31:07.403Z"}
{"level":"info","message":{"auth":"[REDACTED]","method":"GET","msg":"request","timestamp":"2025-11-30T15:31:07.411Z","url":"/api/ops-failures?system=azure-ad-auth&minutes=10"},"timestamp":"2025-11-30T15:31:07.411Z"}
{"level":"info","message":{"auth":"[REDACTED]","method":"GET","msg":"request","timestamp":"2025-11-30T15:31:07.416Z","url":"/api/ops-failures?system=azure-ad-access&minutes=10"},"timestamp":"2025-11-30T15:31:07.416Z"}
{"level":"info","message":{"auth":"[REDACTED]","method":"GET","msg":"request","timestamp":"2025-11-30T15:31:07.465Z","url":"/api/own-azure-ad"},"timestamp":"2025-11-30T15:31:07.465Z"}
{"level":"info","message":{"auth":"[REDACTED]","method":"GET","msg":"request","timestamp":"2025-11-30T15:31:07.472Z","url":"/api/ops-failures?system=azure-ad-auth&minutes=10"},"timestamp":"2025-11-30T15:31:07.472Z"}
{"level":"info","message":{"auth":"[REDACTED]","method":"GET","msg":"request","timestamp":"2025-11-30T15:31:07.488Z","url":"/api/ops-failures?system=azure-ad-access&minutes=10"},"timestamp":"2025-11-30T15:31:07.488Z"}
{"level":"info","message":{"auth":"[REDACTED]","method":"GET","msg":"request","timestamp":"2025-11-30T15:31:08.635Z","url":"/api/own-azure-ad-users"},"timestamp":"2025-11-30T15:31:08.635Z"}
{"level":"info","message":{"auth":"[REDACTED]","method":"GET","msg":"request","timestamp":"2025-11-30T15:31:08.639Z","url":"/api/own-azure-ad-groups"},"timestamp":"2025-11-30T15:31:08.639Z"}
{"level":"info","message":{"auth":"[REDACTED]","method":"GET","msg":"request","timestamp":"2025-11-30T15:31:08.646Z","url":"/api/own-azure-ad-apps"},"timestamp":"2025-11-30T15:31:08.646Z"}
{"level":"info","message":{"auth":"[REDACTED]","method":"GET","msg":"request","timestamp":"2025-11-30T15:31:08.650Z","url":"/api/own-azure-ad-users"},"timestamp":"2025-11-30T15:31:08.650Z"}
{"level":"info","message":{"auth":"[REDACTED]","method":"GET","msg":"request","timestamp":"2025-11-30T15:31:08.654Z","url":"/api/own-azure-ad-conditional"},"timestamp":"2025-11-30T15:31:08.654Z"}
{"level":"info","message":{"auth":"[REDACTED]","method":"GET","msg":"request","timestamp":"2025-11-30T15:31:08.659Z","url":"/api/own-azure-ad-signin"},"timestamp":"2025-11-30T15:31:08.659Z"}
{"level":"info","message":{"auth":"[REDACTED]","method":"GET","msg":"request","timestamp":"2025-11-30T15:31:08.662Z","url":"/api/own-azure-ad-groups"},"timestamp":"2025-11-30T15:31:08.662Z"}
{"level":"info","message":{"auth":"[REDACTED]","method":"GET","msg":"request","timestamp":"2025-11-30T15:31:08.666Z","url":"/api/own-azure-ad-apps"},"timestamp":"2025-11-30T15:31:08.666Z"}
{"level":"info","message":{"auth":"[REDACTED]","method":"GET","msg":"request","timestamp":"2025-11-30T15:31:08.670Z","url":"/api/own-azure-ad-conditional"},"timestamp":"2025-11-30T15:31:08.670Z"}
{"level":"info","message":{"auth":"[REDACTED]","method":"GET","msg":"request","timestamp":"2025-11-30T15:31:08.674Z","url":"/api/own-azure-ad-signin"},"timestamp":"2025-11-30T15:31:08.674Z"}
{"level":"info","message":{"auth":"[REDACTED]","method":"GET","msg":"request","timestamp":"2025-11-30T15:31:22.012Z","url":"/api/own-ping-directory"},"timestamp":"2025-11-30T15:31:22.012Z"}
{"level":"info","message":{"auth":"[REDACTED]","method":"GET","msg":"request","timestamp":"2025-11-30T15:31:22.030Z","url":"/api/own-ping-directory"},"timestamp":"2025-11-30T15:31:22.030Z"}
{"level":"info","message":{"auth":"[REDACTED]","method":"GET","msg":"request","timestamp":"2025-11-30T15:31:22.052Z","url":"/api/own-ping-federate"},"timestamp":"2025-11-30T15:31:22.052Z"}
{"level":"info","message":{"auth":"[REDACTED]","method":"GET","msg":"request","timestamp":"2025-11-30T15:31:22.064Z","url":"/api/own-ping-mfa"},"timestamp":"2025-11-30T15:31:22.064Z"}
{"level":"info","message":{"auth":"[REDACTED]","method":"GET","msg":"request","timestamp":"2025-11-30T15:31:22.072Z","url":"/api/own-ping-federate"},"timestamp":"2025-11-30T15:31:22.072Z"}
{"level":"info","message":{"auth":"[REDACTED]","method":"GET","msg":"request","timestamp":"2025-11-30T15:31:22.125Z","url":"/api/own-azure-ad"},"timestamp":"2025-11-30T15:31:22.125Z"}
{"level":"info","message":{"auth":"[REDACTED]","method":"GET","msg":"request","timestamp":"2025-11-30T15:31:22.136Z","url":"/api/own-cyberark"},"timestamp":"2025-11-30T15:31:22.136Z"}
{"level":"info","message":{"auth":"[REDACTED]","method":"GET","msg":"request","timestamp":"2025-11-30T15:31:22.152Z","url":"/api/own-saviynt"},"timestamp":"2025-11-30T15:31:22.152Z"}
{"level":"info","message":{"auth":"[REDACTED]","method":"GET","msg":"request","timestamp":"2025-11-30T15:31:22.162Z","url":"/api/own-ping-mfa"},"timestamp":"2025-11-30T15:31:22.162Z"}
{"level":"info","message":{"auth":"[REDACTED]","method":"GET","msg":"request","timestamp":"2025-11-30T15:31:22.167Z","url":"/api/own-azure-ad"},"timestamp":"2025-11-30T15:31:22.167Z"}
{"level":"info","message":{"auth":"[REDACTED]","method":"GET","msg":"request","timestamp":"2025-11-30T15:31:22.174Z","url":"/api/own-cyberark"},"timestamp":"2025-11-30T15:31:22.174Z"}
{"level":"info","message":{"auth":"[REDACTED]","method":"GET","msg":"request","timestamp":"2025-11-30T15:31:22.181Z","url":"/api/own-saviynt"},"timestamp":"2025-11-30T15:31:22.181Z"}
{"level":"info","message":{"auth":"[REDACTED]","method":"GET","msg":"request","timestamp":"2025-11-30T15:31:43.343Z","url":"/api/own-ping-directory"},"timestamp":"2025-11-30T15:31:43.343Z"}
{"level":"info","message":{"auth":"[REDACTED]","method":"GET","msg":"request","timestamp":"2025-11-30T15:31:43.382Z","url":"/api/own-ping-federate"},"timestamp":"2025-11-30T15:31:43.382Z"}
{"level":"info","message":{"auth":"[REDACTED]","method":"GET","msg":"request","timestamp":"2025-11-30T15:31:43.417Z","url":"/api/own-ping-directory"},"timestamp":"2025-11-30T15:31:43.417Z"}
{"level":"info","message":{"auth":"[REDACTED]","method":"GET","msg":"request","timestamp":"2025-11-30T15:31:43.428Z","url":"/api/own-cyberark"},"timestamp":"2025-11-30T15:31:43.428Z"}
{"level":"info","message":{"auth":"[REDACTED]","method":"GET","msg":"request","timestamp":"2025-11-30T15:31:43.455Z","url":"/api/own-saviynt"},"timestamp":"2025-11-30T15:31:43.455Z"}
{"level":"info","message":{"auth":"[REDACTED]","method":"GET","msg":"request","timestamp":"2025-11-30T15:31:43.471Z","url":"/api/own-ping-federate"},"timestamp":"2025-11-30T15:31:43.471Z"}
{"level":"info","message":{"auth":"[REDACTED]","method":"GET","msg":"request","timestamp":"2025-11-30T15:31:43.479Z","url":"/api/own-ping-mfa"},"timestamp":"2025-11-30T15:31:43.479Z"}
{"level":"info","message":{"auth":"[REDACTED]","method":"GET","msg":"request","timestamp":"2025-11-30T15:31:43.500Z","url":"/api/own-azure-ad"},"timestamp":"2025-11-30T15:31:43.500Z"}
{"level":"info","message":{"auth":"[REDACTED]","method":"GET","msg":"request","timestamp":"2025-11-30T15:31:43.525Z","url":"/api/own-cyberark"},"timestamp":"2025-11-30T15:31:43.525Z"}
{"level":"info","message":{"auth":"[REDACTED]","method":"GET","msg":"request","timestamp":"2025-11-30T15:31:43.563Z","url":"/api/own-saviynt"},"timestamp":"2025-11-30T15:31:43.563Z"}
{"level":"info","message":{"auth":"[REDACTED]","method":"GET","msg":"request","timestamp":"2025-11-30T15:31:43.575Z","url":"/api/own-ping-mfa"},"timestamp":"2025-11-30T15:31:43.575Z"}
{"level":"info","message":{"auth":"[REDACTED]","method":"GET","msg":"request","timestamp":"2025-11-30T15:31:43.580Z","url":"/api/own-azure-ad"},"timestamp":"2025-11-30T15:31:43.580Z"}
{"level":"info","message":{"auth":"[REDACTED]","method":"GET","msg":"request","timestamp":"2025-11-30T15:31:43.882Z","url":"/api/own-cyberark"},"timestamp":"2025-11-30T15:31:43.882Z"}
{"level":"info","message":{"auth":"[REDACTED]","method":"GET","msg":"request","timestamp":"2025-11-30T15:31:43.889Z","url":"/api/own-saviynt"},"timestamp":"2025-11-30T15:31:43.889Z"}
{"level":"info","message":{"auth":"[REDACTED]","method":"GET","msg":"request","timestamp":"2025-11-30T15:31:43.893Z","url":"/api/own-azure-ad"},"timestamp":"2025-11-30T15:31:43.893Z"}
{"level":"info","message":{"auth":"[REDACTED]","method":"GET","msg":"request","timestamp":"2025-11-30T15:32:33.354Z","url":"/api/own-ping-directory"},"timestamp":"2025-11-30T15:32:33.354Z"}
{"level":"info","message":{"auth":"[REDACTED]","method":"GET","msg":"request","timestamp":"2025-11-30T15:32:33.418Z","url":"/api/own-ping-federate"},"timestamp":"2025-11-30T15:32:33.418Z"}
{"level":"info","message":{"auth":"[REDACTED]","method":"GET","msg":"request","timestamp":"2025-11-30T15:32:33.446Z","url":"/api/own-ping-directory"},"timestamp":"2025-11-30T15:32:33.446Z"}
{"level":"info","message":{"auth":"[REDACTED]","method":"GET","msg":"request","timestamp":"2025-11-30T15:32:33.514Z","url":"/api/own-cyberark"},"timestamp":"2025-11-30T15:32:33.514Z"}
{"level":"info","message":{"auth":"[REDACTED]","method":"GET","msg":"request","timestamp":"2025-11-30T15:32:33.545Z","url":"/api/own-ping-federate"},"timestamp":"2025-11-30T15:32:33.545Z"}
{"level":"info","message":{"auth":"[REDACTED]","method":"GET","msg":"request","timestamp":"2025-11-30T15:32:33.565Z","url":"/api/own-azure-ad"},"timestamp":"2025-11-30T15:32:33.565Z"}
{"level":"info","message":{"auth":"[REDACTED]","method":"GET","msg":"request","timestamp":"2025-11-30T15:32:33.619Z","url":"/api/own-saviynt"},"timestamp":"2025-11-30T15:32:33.619Z"}
{"level":"info","message":{"auth":"[REDACTED]","method":"GET","msg":"request","timestamp":"2025-11-30T15:32:33.697Z","url":"/api/own-ping-mfa"},"timestamp":"2025-11-30T15:32:33.697Z"}
{"level":"info","message":{"auth":"[REDACTED]","method":"GET","msg":"request","timestamp":"2025-11-30T15:32:33.731Z","url":"/api/own-cyberark"},"timestamp":"2025-11-30T15:32:33.731Z"}
{"level":"info","message":{"auth":"[REDACTED]","method":"GET","msg":"request","timestamp":"2025-11-30T15:32:33.911Z","url":"/api/own-azure-ad"},"timestamp":"2025-11-30T15:32:33.911Z"}
{"level":"info","message":{"auth":"[REDACTED]","method":"GET","msg":"request","timestamp":"2025-11-30T15:32:34.050Z","url":"/api/own-saviynt"},"timestamp":"2025-11-30T15:32:34.050Z"}
{"level":"info","message":{"auth":"[REDACTED]","method":"GET","msg":"request","timestamp":"2025-11-30T15:32:34.149Z","url":"/api/own-ping-mfa"},"timestamp":"2025-11-30T15:32:34.149Z"}
{"level":"info","message":{"auth":"[REDACTED]","method":"GET","msg":"request","timestamp":"2025-11-30T15:32:34.167Z","url":"/api/own-cyberark"},"timestamp":"2025-11-30T15:32:34.167Z"}
{"level":"info","message":{"auth":"[REDACTED]","method":"GET","msg":"request","timestamp":"2025-11-30T15:32:34.199Z","url":"/api/own-azure-ad"},"timestamp":"2025-11-30T15:32:34.199Z"}
{"level":"info","message":{"auth":"[REDACTED]","method":"GET","msg":"request","timestamp":"2025-11-30T15:32:34.230Z","url":"/api/own-saviynt"},"timestamp":"2025-11-30T15:32:34.230Z"}
{"level":"info","message":{"auth":"[REDACTED]","method":"GET","msg":"request","timestamp":"2025-11-30T15:32:42.431Z","url":"/api/own-ping-directory"},"timestamp":"2025-11-30T15:32:42.431Z"}
{"level":"info","message":{"auth":"[REDACTED]","method":"GET","msg":"request","timestamp":"2025-11-30T15:32:42.442Z","url":"/api/own-ping-federate"},"timestamp":"2025-11-30T15:32:42.442Z"}
{"level":"info","message":{"auth":"[REDACTED]","method":"GET","msg":"request","timestamp":"2025-11-30T15:32:42.451Z","url":"/api/own-ping-mfa"},"timestamp":"2025-11-30T15:32:42.451Z"}
{"level":"info","message":{"auth":"[REDACTED]","method":"GET","msg":"request","timestamp":"2025-11-30T15:32:42.460Z","url":"/api/own-ping-federate"},"timestamp":"2025-11-30T15:32:42.460Z"}
{"level":"info","message":{"auth":"[REDACTED]","method":"GET","msg":"request","timestamp":"2025-11-30T15:32:42.466Z","url":"/api/own-ping-mfa"},"timestamp":"2025-11-30T15:32:42.466Z"}
{"level":"info","message":{"auth":"[REDACTED]","method":"GET","msg":"request","timestamp":"2025-11-30T15:32:42.473Z","url":"/api/own-cyberark"},"timestamp":"2025-11-30T15:32:42.473Z"}
{"level":"info","message":{"auth":"[REDACTED]","method":"GET","msg":"request","timestamp":"2025-11-30T15:32:42.481Z","url":"/api/own-saviynt"},"timestamp":"2025-11-30T15:32:42.481Z"}
{"level":"info","message":{"auth":"[REDACTED]","method":"GET","msg":"request","timestamp":"2025-11-30T15:32:42.518Z","url":"/api/own-azure-ad"},"timestamp":"2025-11-30T15:32:42.518Z"}
{"level":"info","message":{"auth":"[REDACTED]","method":"GET","msg":"request","timestamp":"2025-11-30T15:32:42.529Z","url":"/api/own-ping-directory"},"timestamp":"2025-11-30T15:32:42.529Z"}
{"level":"info","message":{"auth":"[REDACTED]","method":"GET","msg":"request","timestamp":"2025-11-30T15:32:42.544Z","url":"/api/own-cyberark"},"timestamp":"2025-11-30T15:32:42.544Z"}
{"level":"info","message":{"auth":"[REDACTED]","method":"GET","msg":"request","timestamp":"2025-11-30T15:32:42.553Z","url":"/api/own-saviynt"},"timestamp":"2025-11-30T15:32:42.553Z"}
{"level":"info","message":{"auth":"[REDACTED]","method":"GET","msg":"request","timestamp":"2025-11-30T15:32:42.560Z","url":"/api/own-azure-ad"},"timestamp":"2025-11-30T15:32:42.560Z"}
{"level":"info","message":{"auth":"[REDACTED]","method":"GET","msg":"request","timestamp":"2025-11-30T15:33:39.403Z","url":"/api/own-ping-directory"},"timestamp":"2025-11-30T15:33:39.403Z"}
{"level":"info","message":{"auth":"[REDACTED]","method":"GET","msg":"request","timestamp":"2025-11-30T15:33:39.462Z","url":"/api/own-ping-mfa"},"timestamp":"2025-11-30T15:33:39.462Z"}
{"level":"info","message":{"auth":"[REDACTED]","method":"GET","msg":"request","timestamp":"2025-11-30T15:33:39.483Z","url":"/api/own-ping-federate"},"timestamp":"2025-11-30T15:33:39.483Z"}
{"level":"info","message":{"auth":"[REDACTED]","method":"GET","msg":"request","timestamp":"2025-11-30T15:33:39.503Z","url":"/api/own-ping-directory"},"timestamp":"2025-11-30T15:33:39.503Z"}
{"level":"info","message":{"auth":"[REDACTED]","method":"GET","msg":"request","timestamp":"2025-11-30T15:33:39.519Z","url":"/api/own-ping-mfa"},"timestamp":"2025-11-30T15:33:39.519Z"}
{"level":"info","message":{"auth":"[REDACTED]","method":"GET","msg":"request","timestamp":"2025-11-30T15:33:39.533Z","url":"/api/own-cyberark"},"timestamp":"2025-11-30T15:33:39.533Z"}
{"level":"info","message":{"auth":"[REDACTED]","method":"GET","msg":"request","timestamp":"2025-11-30T15:33:39.547Z","url":"/api/own-ping-federate"},"timestamp":"2025-11-30T15:33:39.547Z"}
{"level":"info","message":{"auth":"[REDACTED]","method":"GET","msg":"request","timestamp":"2025-11-30T15:33:39.560Z","url":"/api/own-azure-ad"},"timestamp":"2025-11-30T15:33:39.560Z"}
{"level":"info","message":{"auth":"[REDACTED]","method":"GET","msg":"request","timestamp":"2025-11-30T15:33:39.570Z","url":"/api/own-saviynt"},"timestamp":"2025-11-30T15:33:39.570Z"}
{"level":"info","message":{"auth":"[REDACTED]","method":"GET","msg":"request","timestamp":"2025-11-30T15:33:39.582Z","url":"/api/own-cyberark"},"timestamp":"2025-11-30T15:33:39.582Z"}
{"level":"info","message":{"auth":"[REDACTED]","method":"GET","msg":"request","timestamp":"2025-11-30T15:33:39.616Z","url":"/api/own-azure-ad"},"timestamp":"2025-11-30T15:33:39.616Z"}
{"level":"info","message":{"auth":"[REDACTED]","method":"GET","msg":"request","timestamp":"2025-11-30T15:33:39.634Z","url":"/api/own-saviynt"},"timestamp":"2025-11-30T15:33:39.635Z"}
{"level":"info","message":{"auth":"[REDACTED]","method":"GET","msg":"request","timestamp":"2025-11-30T15:35:31.346Z","url":"/api/own-ping-directory"},"timestamp":"2025-11-30T15:35:31.346Z"}
{"level":"info","message":{"auth":"[REDACTED]","method":"GET","msg":"request","timestamp":"2025-11-30T15:35:31.353Z","url":"/api/own-ping-federate"},"timestamp":"2025-11-30T15:35:31.353Z"}
{"level":"info","message":{"auth":"[REDACTED]","method":"GET","msg":"request","timestamp":"2025-11-30T15:35:31.369Z","url":"/api/own-cyberark"},"timestamp":"2025-11-30T15:35:31.369Z"}
{"level":"info","message":{"auth":"[REDACTED]","method":"GET","msg":"request","timestamp":"2025-11-30T15:35:31.385Z","url":"/api/own-cyberark"},"timestamp":"2025-11-30T15:35:31.385Z"}
{"level":"info","message":{"auth":"[REDACTED]","method":"GET","msg":"request","timestamp":"2025-11-30T15:35:31.390Z","url":"/api/own-saviynt"},"timestamp":"2025-11-30T15:35:31.390Z"}
{"level":"info","message":{"auth":"[REDACTED]","method":"GET","msg":"request","timestamp":"2025-11-30T15:35:31.395Z","url":"/api/own-azure-ad"},"timestamp":"2025-11-30T15:35:31.395Z"}
{"level":"info","message":{"auth":"[REDACTED]","method":"GET","msg":"request","timestamp":"2025-11-30T15:35:31.404Z","url":"/api/own-ping-mfa"},"timestamp":"2025-11-30T15:35:31.404Z"}
{"level":"info","message":{"auth":"[REDACTED]","method":"GET","msg":"request","timestamp":"2025-11-30T15:35:31.412Z","url":"/api/own-ping-directory"},"timestamp":"2025-11-30T15:35:31.412Z"}
{"level":"info","message":{"auth":"[REDACTED]","method":"GET","msg":"request","timestamp":"2025-11-30T15:35:31.419Z","url":"/api/own-ping-federate"},"timestamp":"2025-11-30T15:35:31.419Z"}
{"level":"info","message":{"auth":"[REDACTED]","method":"GET","msg":"request","timestamp":"2025-11-30T15:35:31.424Z","url":"/api/own-saviynt"},"timestamp":"2025-11-30T15:35:31.424Z"}
{"level":"info","message":{"auth":"[REDACTED]","method":"GET","msg":"request","timestamp":"2025-11-30T15:35:31.430Z","url":"/api/own-azure-ad"},"timestamp":"2025-11-30T15:35:31.430Z"}
{"level":"info","message":{"auth":"[REDACTED]","method":"GET","msg":"request","timestamp":"2025-11-30T15:35:31.434Z","url":"/api/own-ping-mfa"},"timestamp":"2025-11-30T15:35:31.434Z"}
{"level":"info","message":{"auth":"[REDACTED]","method":"GET","msg":"request","timestamp":"2025-11-30T15:35:32.995Z","url":"/api/own-cyberark"},"timestamp":"2025-11-30T15:35:32.995Z"}
{"level":"info","message":{"auth":"[REDACTED]","method":"GET","msg":"request","timestamp":"2025-11-30T15:35:33.002Z","url":"/api/own-saviynt"},"timestamp":"2025-11-30T15:35:33.002Z"}
{"level":"info","message":{"auth":"[REDACTED]","method":"GET","msg":"request","timestamp":"2025-11-30T15:35:33.006Z","url":"/api/own-azure-ad"},"timestamp":"2025-11-30T15:35:33.006Z"}
{"level":"info","message":{"auth":"[REDACTED]","method":"GET","msg":"request","timestamp":"2025-11-30T15:35:41.335Z","url":"/api/own-azure-ad"},"timestamp":"2025-11-30T15:35:41.335Z"}
{"level":"info","message":{"auth":"[REDACTED]","method":"GET","msg":"request","timestamp":"2025-11-30T15:35:41.344Z","url":"/api/own-azure-ad-users"},"timestamp":"2025-11-30T15:35:41.344Z"}
{"level":"info","message":{"auth":"[REDACTED]","method":"GET","msg":"request","timestamp":"2025-11-30T15:35:41.375Z","url":"/api/own-azure-ad-groups"},"timestamp":"2025-11-30T15:35:41.375Z"}
{"level":"info","message":{"auth":"[REDACTED]","method":"GET","msg":"request","timestamp":"2025-11-30T15:35:41.392Z","url":"/api/own-azure-ad"},"timestamp":"2025-11-30T15:35:41.392Z"}
{"level":"info","message":{"auth":"[REDACTED]","method":"GET","msg":"request","timestamp":"2025-11-30T15:35:41.402Z","url":"/api/own-azure-ad-users"},"timestamp":"2025-11-30T15:35:41.402Z"}
{"level":"info","message":{"auth":"[REDACTED]","method":"GET","msg":"request","timestamp":"2025-11-30T15:35:41.413Z","url":"/api/own-azure-ad-groups"},"timestamp":"2025-11-30T15:35:41.413Z"}
{"level":"info","message":{"auth":"[REDACTED]","method":"GET","msg":"request","timestamp":"2025-11-30T15:35:41.435Z","url":"/api/own-azure-ad-apps"},"timestamp":"2025-11-30T15:35:41.435Z"}
{"level":"info","message":{"auth":"[REDACTED]","method":"GET","msg":"request","timestamp":"2025-11-30T15:35:41.441Z","url":"/api/own-azure-ad-conditional"},"timestamp":"2025-11-30T15:35:41.442Z"}
{"level":"info","message":{"auth":"[REDACTED]","method":"GET","msg":"request","timestamp":"2025-11-30T15:35:41.451Z","url":"/api/own-azure-ad-signin"},"timestamp":"2025-11-30T15:35:41.451Z"}
{"level":"info","message":{"auth":"[REDACTED]","method":"GET","msg":"request","timestamp":"2025-11-30T15:35:41.457Z","url":"/api/ops-failures?system=azure-ad-auth&minutes=10"},"timestamp":"2025-11-30T15:35:41.457Z"}
{"level":"info","message":{"auth":"[REDACTED]","method":"GET","msg":"request","timestamp":"2025-11-30T15:35:41.468Z","url":"/api/ops-failures?system=azure-ad-access&minutes=10"},"timestamp":"2025-11-30T15:35:41.468Z"}
{"level":"info","message":{"auth":"[REDACTED]","method":"GET","msg":"request","timestamp":"2025-11-30T15:35:41.473Z","url":"/api/own-azure-ad-apps"},"timestamp":"2025-11-30T15:35:41.473Z"}
{"level":"info","message":{"auth":"[REDACTED]","method":"GET","msg":"request","timestamp":"2025-11-30T15:35:41.477Z","url":"/api/own-azure-ad-conditional"},"timestamp":"2025-11-30T15:35:41.477Z"}
{"level":"info","message":{"auth":"[REDACTED]","method":"GET","msg":"request","timestamp":"2025-11-30T15:35:41.484Z","url":"/api/own-azure-ad-signin"},"timestamp":"2025-11-30T15:35:41.484Z"}
{"level":"info","message":{"auth":"[REDACTED]","method":"GET","msg":"request","timestamp":"2025-11-30T15:41:42.859Z","url":"/api/ops-failures?system=azure-ad-auth&minutes=10"},"timestamp":"2025-11-30T15:41:42.859Z"}
{"level":"info","message":{"auth":"[REDACTED]","method":"GET","msg":"request","timestamp":"2025-11-30T15:41:42.864Z","url":"/api/ops-failures?system=azure-ad-access&minutes=10"},"timestamp":"2025-11-30T15:41:42.864Z"}
{"level":"info","message":{"auth":"[REDACTED]","method":"GET","msg":"request","timestamp":"2025-11-30T15:43:39.683Z","url":"/api/own-azure-ad"},"timestamp":"2025-11-30T15:43:39.683Z"}
{"level":"info","message":{"auth":"[REDACTED]","method":"GET","msg":"request","timestamp":"2025-11-30T15:43:39.696Z","url":"/api/ops-failures?system=azure-ad-auth&minutes=10"},"timestamp":"2025-11-30T15:43:39.696Z"}
{"level":"info","message":{"auth":"[REDACTED]","method":"GET","msg":"request","timestamp":"2025-11-30T15:43:39.710Z","url":"/api/own-azure-ad"},"timestamp":"2025-11-30T15:43:39.710Z"}
{"level":"info","message":{"auth":"[REDACTED]","method":"GET","msg":"request","timestamp":"2025-11-30T15:43:39.721Z","url":"/api/ops-failures?system=azure-ad-access&minutes=10"},"timestamp":"2025-11-30T15:43:39.721Z"}
{"level":"info","message":{"auth":"[REDACTED]","method":"GET","msg":"request","timestamp":"2025-11-30T15:43:39.726Z","url":"/api/ops-failures?system=azure-ad-auth&minutes=10"},"timestamp":"2025-11-30T15:43:39.726Z"}
{"level":"info","message":{"auth":"[REDACTED]","method":"GET","msg":"request","timestamp":"2025-11-30T15:43:39.731Z","url":"/api/ops-failures?system=azure-ad-access&minutes=10"},"timestamp":"2025-11-30T15:43:39.731Z"}
{"level":"info","message":{"auth":"[REDACTED]","method":"GET","msg":"request","timestamp":"2025-11-30T15:43:41.142Z","url":"/api/own-azure-ad-users"},"timestamp":"2025-11-30T15:43:41.142Z"}
{"level":"info","message":{"auth":"[REDACTED]","method":"GET","msg":"request","timestamp":"2025-11-30T15:43:41.148Z","url":"/api/own-azure-ad-groups"},"timestamp":"2025-11-30T15:43:41.148Z"}
{"level":"info","message":{"auth":"[REDACTED]","method":"GET","msg":"request","timestamp":"2025-11-30T15:43:41.156Z","url":"/api/own-azure-ad-users"},"timestamp":"2025-11-30T15:43:41.156Z"}
{"level":"info","message":{"auth":"[REDACTED]","method":"GET","msg":"request","timestamp":"2025-11-30T15:43:41.160Z","url":"/api/own-azure-ad-signin"},"timestamp":"2025-11-30T15:43:41.160Z"}
{"level":"info","message":{"auth":"[REDACTED]","method":"GET","msg":"request","timestamp":"2025-11-30T15:43:41.165Z","url":"/api/own-azure-ad-groups"},"timestamp":"2025-11-30T15:43:41.165Z"}
{"level":"info","message":{"auth":"[REDACTED]","method":"GET","msg":"request","timestamp":"2025-11-30T15:43:41.170Z","url":"/api/own-azure-ad-apps"},"timestamp":"2025-11-30T15:43:41.170Z"}
{"level":"info","message":{"auth":"[REDACTED]","method":"GET","msg":"request","timestamp":"2025-11-30T15:43:41.174Z","url":"/api/own-azure-ad-conditional"},"timestamp":"2025-11-30T15:43:41.174Z"}
{"level":"info","message":{"auth":"[REDACTED]","method":"GET","msg":"request","timestamp":"2025-11-30T15:43:41.178Z","url":"/api/own-azure-ad-signin"},"timestamp":"2025-11-30T15:43:41.178Z"}
{"level":"info","message":{"auth":"[REDACTED]","method":"GET","msg":"request","timestamp":"2025-11-30T15:43:41.181Z","url":"/api/own-azure-ad-apps"},"timestamp":"2025-11-30T15:43:41.181Z"}
{"level":"info","message":{"auth":"[REDACTED]","method":"GET","msg":"request","timestamp":"2025-11-30T15:43:41.188Z","url":"/api/own-azure-ad-conditional"},"timestamp":"2025-11-30T15:43:41.188Z"}
{"level":"info","message":{"auth":"[REDACTED]","method":"GET","msg":"request","timestamp":"2025-11-30T15:44:11.440Z","url":"/api/own-saviynt"},"timestamp":"2025-11-30T15:44:11.440Z"}
{"level":"info","message":{"auth":"[REDACTED]","method":"GET","msg":"request","timestamp":"2025-11-30T15:44:11.448Z","url":"/api/own-saviynt-certifications"},"timestamp":"2025-11-30T15:44:11.448Z"}
{"level":"info","message":{"auth":"[REDACTED]","method":"GET","msg":"request","timestamp":"2025-11-30T15:44:11.465Z","url":"/api/own-saviynt-controls"},"timestamp":"2025-11-30T15:44:11.465Z"}
{"level":"info","message":{"auth":"[REDACTED]","method":"GET","msg":"request","timestamp":"2025-11-30T15:44:11.482Z","url":"/api/own-saviynt-analytics"},"timestamp":"2025-11-30T15:44:11.482Z"}
{"level":"info","message":{"auth":"[REDACTED]","method":"GET","msg":"request","timestamp":"2025-11-30T15:44:11.492Z","url":"/api/ops-failures?system=saviynt-access&minutes=10"},"timestamp":"2025-11-30T15:44:11.492Z"}
{"level":"info","message":{"auth":"[REDACTED]","method":"GET","msg":"request","timestamp":"2025-11-30T15:44:11.504Z","url":"/api/own-saviynt"},"timestamp":"2025-11-30T15:44:11.504Z"}
{"level":"info","message":{"auth":"[REDACTED]","method":"GET","msg":"request","timestamp":"2025-11-30T15:44:11.512Z","url":"/api/own-saviynt-provisioning"},"timestamp":"2025-11-30T15:44:11.512Z"}
{"level":"info","message":{"auth":"[REDACTED]","method":"GET","msg":"request","timestamp":"2025-11-30T15:44:11.546Z","url":"/api/own-saviynt-controls"},"timestamp":"2025-11-30T15:44:11.546Z"}
{"level":"info","message":{"auth":"[REDACTED]","method":"GET","msg":"request","timestamp":"2025-11-30T15:44:11.554Z","url":"/api/ops-failures?system=saviynt-provisioning&minutes=10"},"timestamp":"2025-11-30T15:44:11.554Z"}
{"level":"info","message":{"auth":"[REDACTED]","method":"GET","msg":"request","timestamp":"2025-11-30T15:44:11.574Z","url":"/api/own-saviynt-provisioning"},"timestamp":"2025-11-30T15:44:11.574Z"}
{"level":"info","message":{"auth":"[REDACTED]","method":"GET","msg":"request","timestamp":"2025-11-30T15:44:11.578Z","url":"/api/own-saviynt-certifications"},"timestamp":"2025-11-30T15:44:11.578Z"}
{"level":"info","message":{"auth":"[REDACTED]","method":"GET","msg":"request","timestamp":"2025-11-30T15:44:11.583Z","url":"/api/own-saviynt-requests"},"timestamp":"2025-11-30T15:44:11.583Z"}
{"level":"info","message":{"auth":"[REDACTED]","method":"GET","msg":"request","timestamp":"2025-11-30T15:44:11.589Z","url":"/api/own-saviynt-analytics"},"timestamp":"2025-11-30T15:44:11.589Z"}
{"level":"info","message":{"auth":"[REDACTED]","method":"GET","msg":"request","timestamp":"2025-11-30T15:44:11.593Z","url":"/api/own-saviynt-requests"},"timestamp":"2025-11-30T15:44:11.593Z"}
{"level":"info","message":{"auth":"[REDACTED]","method":"GET","msg":"request","timestamp":"2025-11-30T15:47:41.952Z","url":"/api/ops-failures?system=ping-federate&minutes=10"},"timestamp":"2025-11-30T15:47:41.952Z"}
{"level":"info","message":{"auth":"[REDACTED]","method":"GET","msg":"request","timestamp":"2025-11-30T15:47:41.957Z","url":"/api/ops-failures?system=ping-mfa&minutes=10"},"timestamp":"2025-11-30T15:47:41.957Z"}
{"level":"info","message":{"auth":"[REDACTED]","method":"GET","msg":"request","timestamp":"2025-11-30T15:48:24.267Z","url":"/api/all-users"},"timestamp":"2025-11-30T15:48:24.267Z"}
{"level":"info","message":{"auth":"[REDACTED]","method":"GET","msg":"request","timestamp":"2025-11-30T15:48:24.366Z","url":"/api/search-employee/george.smith%40company.com/details?system=ping-directory"},"timestamp":"2025-11-30T15:48:24.366Z"}
{"level":"info","message":{"auth":"[REDACTED]","method":"GET","msg":"request","timestamp":"2025-11-30T15:48:24.380Z","url":"/api/search-employee/u1007/details?system=ping-directory"},"timestamp":"2025-11-30T15:48:24.380Z"}
{"level":"info","message":{"auth":"[REDACTED]","method":"GET","msg":"request","timestamp":"2025-11-30T15:48:24.429Z","url":"/api/search-employee/U1007/details?system=ping-directory"},"timestamp":"2025-11-30T15:48:24.429Z"}
{"level":"info","message":{"auth":"[REDACTED]","method":"GET","msg":"request","timestamp":"2025-11-30T15:48:24.453Z","url":"/api/search-employee/GEORGE.SMITH%40COMPANY.COM/details?system=ping-directory"},"timestamp":"2025-11-30T15:48:24.453Z"}
{"level":"info","message":{"auth":"[REDACTED]","method":"GET","msg":"request","timestamp":"2025-11-30T15:48:24.465Z","url":"/api/search-employee/george.smith%40company.com/details?system=ping-mfa"},"timestamp":"2025-11-30T15:48:24.465Z"}
{"level":"info","message":{"auth":"[REDACTED]","method":"GET","msg":"request","timestamp":"2025-11-30T15:48:24.481Z","url":"/api/search-employee/u1007/details?system=ping-mfa"},"timestamp":"2025-11-30T15:48:24.481Z"}
{"level":"info","message":{"auth":"[REDACTED]","method":"GET","msg":"request","timestamp":"2025-11-30T15:48:24.494Z","url":"/api/search-employee/U1007/details?system=ping-mfa"},"timestamp":"2025-11-30T15:48:24.494Z"}
{"level":"info","message":{"auth":"[REDACTED]","method":"GET","msg":"request","timestamp":"2025-11-30T15:48:24.550Z","url":"/api/search-employee/GEORGE.SMITH%40COMPANY.COM/details?system=ping-mfa"},"timestamp":"2025-11-30T15:48:24.550Z"}
{"level":"info","message":{"auth":"[REDACTED]","method":"GET","msg":"request","timestamp":"2025-11-30T15:50:08.608Z","url":"/api/ops-failures?system=ping-federate&minutes=10"},"timestamp":"2025-11-30T15:50:08.608Z"}
{"level":"info","message":{"auth":"[REDACTED]","method":"GET","msg":"request","timestamp":"2025-11-30T15:50:08.615Z","url":"/api/ops-failures?system=ping-mfa&minutes=10"},"timestamp":"2025-11-30T15:50:08.615Z"}
{"level":"info","message":{"auth":"[REDACTED]","method":"GET","msg":"request","timestamp":"2025-11-30T15:50:10.373Z","url":"/api/ops-failures?system=ping-federate&minutes=10"},"timestamp":"2025-11-30T15:50:10.373Z"}
{"level":"info","message":{"auth":"[REDACTED]","method":"GET","msg":"request","timestamp":"2025-11-30T15:50:10.395Z","url":"/api/ops-failures?system=ping-mfa&minutes=10"},"timestamp":"2025-11-30T15:50:10.395Z"}
{"level":"info","message":{"auth":"[REDACTED]","method":"GET","msg":"request","timestamp":"2025-11-30T15:50:13.717Z","url":"/api/ops-failures?system=ping-federate&minutes=10"},"timestamp":"2025-11-30T15:50:13.717Z"}
{"level":"info","message":{"auth":"[REDACTED]","method":"GET","msg":"request","timestamp":"2025-11-30T15:50:13.728Z","url":"/api/ops-failures?system=ping-mfa&minutes=10"},"timestamp":"2025-11-30T15:50:13.728Z"}
{"level":"info","message":{"auth":"[REDACTED]","method":"GET","msg":"request","timestamp":"2025-11-30T15:54:13.156Z","url":"/api/own-ping-directory"},"timestamp":"2025-11-30T15:54:13.156Z"}
{"level":"info","message":{"auth":"[REDACTED]","method":"GET","msg":"request","timestamp":"2025-11-30T15:54:13.196Z","url":"/api/own-ping-federate"},"timestamp":"2025-11-30T15:54:13.196Z"}
{"level":"info","message":{"auth":"[REDACTED]","method":"GET","msg":"request","timestamp":"2025-11-30T15:54:13.226Z","url":"/api/own-ping-directory"},"timestamp":"2025-11-30T15:54:13.226Z"}
{"level":"info","message":{"auth":"[REDACTED]","method":"GET","msg":"request","timestamp":"2025-11-30T15:54:13.253Z","url":"/api/own-ping-federate"},"timestamp":"2025-11-30T15:54:13.253Z"}
{"level":"info","message":{"auth":"[REDACTED]","method":"GET","msg":"request","timestamp":"2025-11-30T15:54:13.271Z","url":"/api/own-saviynt"},"timestamp":"2025-11-30T15:54:13.271Z"}
{"level":"info","message":{"auth":"[REDACTED]","method":"GET","msg":"request","timestamp":"2025-11-30T15:54:13.277Z","url":"/api/own-azure-ad"},"timestamp":"2025-11-30T15:54:13.277Z"}
{"level":"info","message":{"auth":"[REDACTED]","method":"GET","msg":"request","timestamp":"2025-11-30T15:54:13.287Z","url":"/api/own-ping-mfa"},"timestamp":"2025-11-30T15:54:13.287Z"}
{"level":"info","message":{"auth":"[REDACTED]","method":"GET","msg":"request","timestamp":"2025-11-30T15:54:13.299Z","url":"/api/own-cyberark"},"timestamp":"2025-11-30T15:54:13.299Z"}
{"level":"info","message":{"auth":"[REDACTED]","method":"GET","msg":"request","timestamp":"2025-11-30T15:54:13.306Z","url":"/api/own-saviynt"},"timestamp":"2025-11-30T15:54:13.306Z"}
{"level":"info","message":{"auth":"[REDACTED]","method":"GET","msg":"request","timestamp":"2025-11-30T15:54:13.311Z","url":"/api/own-azure-ad"},"timestamp":"2025-11-30T15:54:13.311Z"}
{"level":"info","message":{"auth":"[REDACTED]","method":"GET","msg":"request","timestamp":"2025-11-30T15:54:13.319Z","url":"/api/own-ping-mfa"},"timestamp":"2025-11-30T15:54:13.319Z"}
{"level":"info","message":{"auth":"[REDACTED]","method":"GET","msg":"request","timestamp":"2025-11-30T15:54:13.324Z","url":"/api/own-cyberark"},"timestamp":"2025-11-30T15:54:13.324Z"}
{"level":"info","message":{"auth":"[REDACTED]","method":"GET","msg":"request","timestamp":"2025-11-30T15:54:15.441Z","url":"/api/own-ping-directory"},"timestamp":"2025-11-30T15:54:15.441Z"}
{"level":"info","message":{"auth":"[REDACTED]","method":"GET","msg":"request","timestamp":"2025-11-30T15:54:15.472Z","url":"/api/own-ping-directory"},"timestamp":"2025-11-30T15:54:15.472Z"}
{"level":"info","message":{"auth":"[REDACTED]","method":"GET","msg":"request","timestamp":"2025-11-30T15:54:15.481Z","url":"/api/own-ping-federate"},"timestamp":"2025-11-30T15:54:15.481Z"}
{"level":"info","message":{"auth":"[REDACTED]","method":"GET","msg":"request","timestamp":"2025-11-30T15:54:15.499Z","url":"/api/own-ping-mfa"},"timestamp":"2025-11-30T15:54:15.499Z"}
{"level":"info","message":{"auth":"[REDACTED]","method":"GET","msg":"request","timestamp":"2025-11-30T15:54:15.565Z","url":"/api/own-cyberark"},"timestamp":"2025-11-30T15:54:15.565Z"}
{"level":"info","message":{"auth":"[REDACTED]","method":"GET","msg":"request","timestamp":"2025-11-30T15:54:15.612Z","url":"/api/own-saviynt"},"timestamp":"2025-11-30T15:54:15.612Z"}
{"level":"info","message":{"auth":"[REDACTED]","method":"GET","msg":"request","timestamp":"2025-11-30T15:54:15.631Z","url":"/api/own-azure-ad"},"timestamp":"2025-11-30T15:54:15.631Z"}
{"level":"info","message":{"auth":"[REDACTED]","method":"GET","msg":"request","timestamp":"2025-11-30T15:54:15.657Z","url":"/api/own-ping-federate"},"timestamp":"2025-11-30T15:54:15.657Z"}
{"level":"info","message":{"auth":"[REDACTED]","method":"GET","msg":"request","timestamp":"2025-11-30T15:54:15.746Z","url":"/api/own-ping-mfa"},"timestamp":"2025-11-30T15:54:15.746Z"}
{"level":"info","message":{"auth":"[REDACTED]","method":"GET","msg":"request","timestamp":"2025-11-30T15:54:15.795Z","url":"/api/own-cyberark"},"timestamp":"2025-11-30T15:54:15.795Z"}
{"level":"info","message":{"auth":"[REDACTED]","method":"GET","msg":"request","timestamp":"2025-11-30T15:54:15.848Z","url":"/api/own-saviynt"},"timestamp":"2025-11-30T15:54:15.848Z"}
{"level":"info","message":{"auth":"[REDACTED]","method":"GET","msg":"request","timestamp":"2025-11-30T15:54:15.978Z","url":"/api/own-azure-ad"},"timestamp":"2025-11-30T15:54:15.978Z"}
{"level":"info","message":{"auth":"[REDACTED]","method":"GET","msg":"request","timestamp":"2025-11-30T15:54:41.422Z","url":"/api/ops-failures?system=cyberark-pam&minutes=10"},"timestamp":"2025-11-30T15:54:41.422Z"}
{"level":"info","message":{"auth":"[REDACTED]","method":"GET","msg":"request","timestamp":"2025-11-30T15:54:41.435Z","url":"/api/ops-failures?system=cyberark-vault&minutes=10"},"timestamp":"2025-11-30T15:54:41.435Z"}
{"level":"info","message":{"auth":"[REDACTED]","method":"GET","msg":"request","timestamp":"2025-11-30T15:55:40.173Z","url":"/api/own-cyberark"},"timestamp":"2025-11-30T15:55:40.173Z"}
{"level":"info","message":{"auth":"[REDACTED]","method":"GET","msg":"request","timestamp":"2025-11-30T15:55:40.179Z","url":"/api/own-cyberark"},"timestamp":"2025-11-30T15:55:40.179Z"}
{"level":"info","message":{"auth":"[REDACTED]","method":"GET","msg":"request","timestamp":"2025-11-30T15:55:40.193Z","url":"/api/own-cyberark-epm"},"timestamp":"2025-11-30T15:55:40.193Z"}
{"level":"info","message":{"auth":"[REDACTED]","method":"GET","msg":"request","timestamp":"2025-11-30T15:55:40.198Z","url":"/api/own-cyberark-alero"},"timestamp":"2025-11-30T15:55:40.198Z"}
{"level":"info","message":{"auth":"[REDACTED]","method":"GET","msg":"request","timestamp":"2025-11-30T15:55:40.203Z","url":"/api/own-cyberark-conjur"},"timestamp":"2025-11-30T15:55:40.203Z"}
{"level":"info","message":{"auth":"[REDACTED]","method":"GET","msg":"request","timestamp":"2025-11-30T15:55:40.209Z","url":"/api/own-cyberark-dpa"},"timestamp":"2025-11-30T15:55:40.209Z"}
{"level":"info","message":{"auth":"[REDACTED]","method":"GET","msg":"request","timestamp":"2025-11-30T15:55:40.213Z","url":"/api/own-cyberark-identity"},"timestamp":"2025-11-30T15:55:40.213Z"}
{"level":"info","message":{"auth":"[REDACTED]","method":"GET","msg":"request","timestamp":"2025-11-30T15:55:40.217Z","url":"/api/own-cyberark-epm"},"timestamp":"2025-11-30T15:55:40.217Z"}
{"level":"info","message":{"auth":"[REDACTED]","method":"GET","msg":"request","timestamp":"2025-11-30T15:55:40.227Z","url":"/api/own-cyberark-alero"},"timestamp":"2025-11-30T15:55:40.227Z"}
{"level":"info","message":{"auth":"[REDACTED]","method":"GET","msg":"request","timestamp":"2025-11-30T15:55:40.233Z","url":"/api/own-cyberark-conjur"},"timestamp":"2025-11-30T15:55:40.233Z"}
{"level":"info","message":{"auth":"[REDACTED]","method":"GET","msg":"request","timestamp":"2025-11-30T15:55:40.243Z","url":"/api/own-cyberark-dpa"},"timestamp":"2025-11-30T15:55:40.243Z"}
{"level":"info","message":{"auth":"[REDACTED]","method":"GET","msg":"request","timestamp":"2025-11-30T15:55:40.246Z","url":"/api/own-cyberark-identity"},"timestamp":"2025-11-30T15:55:40.246Z"}
{"level":"info","message":{"auth":"[REDACTED]","method":"GET","msg":"request","timestamp":"2025-11-30T15:55:55.867Z","url":"/api/search-employee/u1001/details?system=ping-directory"},"timestamp":"2025-11-30T15:55:55.867Z"}
{"level":"info","message":{"auth":"[REDACTED]","method":"GET","msg":"request","timestamp":"2025-11-30T16:09:01.802Z","url":"/api/ops-failures?system=azure-ad-auth&minutes=10"},"timestamp":"2025-11-30T16:09:01.802Z"}
{"level":"info","message":{"auth":"[REDACTED]","method":"GET","msg":"request","timestamp":"2025-11-30T16:09:01.813Z","url":"/api/own-azure-ad"},"timestamp":"2025-11-30T16:09:01.813Z"}
{"level":"info","message":{"auth":"[REDACTED]","method":"GET","msg":"request","timestamp":"2025-11-30T16:09:01.818Z","url":"/api/ops-failures?system=azure-ad-access&minutes=10"},"timestamp":"2025-11-30T16:09:01.818Z"}
{"level":"info","message":{"auth":"[REDACTED]","method":"GET","msg":"request","timestamp":"2025-11-30T16:09:01.824Z","url":"/api/own-azure-ad"},"timestamp":"2025-11-30T16:09:01.824Z"}
{"level":"info","message":{"auth":"[REDACTED]","method":"GET","msg":"request","timestamp":"2025-11-30T16:09:02.923Z","url":"/api/own-azure-ad-users"},"timestamp":"2025-11-30T16:09:02.923Z"}
{"level":"info","message":{"auth":"[REDACTED]","method":"GET","msg":"request","timestamp":"2025-11-30T16:09:02.928Z","url":"/api/own-azure-ad-groups"},"timestamp":"2025-11-30T16:09:02.928Z"}
{"level":"info","message":{"auth":"[REDACTED]","method":"GET","msg":"request","timestamp":"2025-11-30T16:09:02.935Z","url":"/api/own-azure-ad-users"},"timestamp":"2025-11-30T16:09:02.935Z"}
{"level":"info","message":{"auth":"[REDACTED]","method":"GET","msg":"request","timestamp":"2025-11-30T16:09:02.942Z","url":"/api/own-azure-ad-signin"},"timestamp":"2025-11-30T16:09:02.942Z"}
{"level":"info","message":{"auth":"[REDACTED]","method":"GET","msg":"request","timestamp":"2025-11-30T16:09:02.951Z","url":"/api/own-azure-ad-groups"},"timestamp":"2025-11-30T16:09:02.951Z"}
{"level":"info","message":{"auth":"[REDACTED]","method":"GET","msg":"request","timestamp":"2025-11-30T16:09:02.957Z","url":"/api/own-azure-ad-apps"},"timestamp":"2025-11-30T16:09:02.957Z"}
{"level":"info","message":{"auth":"[REDACTED]","method":"GET","msg":"request","timestamp":"2025-11-30T16:09:02.960Z","url":"/api/own-azure-ad-conditional"},"timestamp":"2025-11-30T16:09:02.960Z"}
{"level":"info","message":{"auth":"[REDACTED]","method":"GET","msg":"request","timestamp":"2025-11-30T16:09:02.963Z","url":"/api/own-azure-ad-signin"},"timestamp":"2025-11-30T16:09:02.963Z"}
{"level":"info","message":{"auth":"[REDACTED]","method":"GET","msg":"request","timestamp":"2025-11-30T16:09:02.967Z","url":"/api/own-azure-ad-apps"},"timestamp":"2025-11-30T16:09:02.967Z"}
{"level":"info","message":{"auth":"[REDACTED]","method":"GET","msg":"request","timestamp":"2025-11-30T16:09:02.972Z","url":"/api/own-azure-ad-conditional"},"timestamp":"2025-11-30T16:09:02.972Z"}
{"level":"info","message":{"auth":"[REDACTED]","method":"GET","msg":"request","timestamp":"2025-11-30T16:09:36.394Z","url":"/api/search-employee/u1008/details?system=ping-directory"},"timestamp":"2025-11-30T16:09:36.394Z"}
{"level":"info","message":{"auth":"[REDACTED]","method":"GET","msg":"request","timestamp":"2025-11-30T16:10:47.579Z","url":"/api/search-employee/u1008/details?system=ping-directory"},"timestamp":"2025-11-30T16:10:47.579Z"}
{"level":"info","message":{"auth":"[REDACTED]","method":"GET","msg":"request","timestamp":"2025-11-30T16:13:10.619Z","url":"/api/search-employee/u1008/details?system=ping-mfa"},"timestamp":"2025-11-30T16:13:10.619Z"}
{"level":"info","message":{"auth":"[REDACTED]","method":"GET","msg":"request","timestamp":"2025-11-30T16:14:46.582Z","url":"/api/all-users"},"timestamp":"2025-11-30T16:14:46.582Z"}
{"level":"info","message":{"auth":"[REDACTED]","method":"GET","msg":"request","timestamp":"2025-11-30T16:14:46.724Z","url":"/api/search-employee/hannah.park%40company.com/details?system=ping-directory"},"timestamp":"2025-11-30T16:14:46.724Z"}
{"level":"info","message":{"auth":"[REDACTED]","method":"GET","msg":"request","timestamp":"2025-11-30T16:14:47.005Z","url":"/api/search-employee/u1008/details?system=ping-directory"},"timestamp":"2025-11-30T16:14:47.005Z"}
{"level":"info","message":{"auth":"[REDACTED]","method":"GET","msg":"request","timestamp":"2025-11-30T16:14:47.055Z","url":"/api/search-employee/HANNAH.PARK%40COMPANY.COM/details?system=ping-directory"},"timestamp":"2025-11-30T16:14:47.055Z"}
{"level":"info","message":{"auth":"[REDACTED]","method":"GET","msg":"request","timestamp":"2025-11-30T16:14:47.106Z","url":"/api/search-employee/U1008/details?system=ping-directory"},"timestamp":"2025-11-30T16:14:47.106Z"}
{"level":"info","message":{"auth":"[REDACTED]","method":"GET","msg":"request","timestamp":"2025-11-30T16:14:47.143Z","url":"/api/search-employee/hannah.park%40company.com/details?system=ping-mfa"},"timestamp":"2025-11-30T16:14:47.143Z"}
{"level":"info","message":{"auth":"[REDACTED]","method":"GET","msg":"request","timestamp":"2025-11-30T16:14:47.158Z","url":"/api/search-employee/u1008/details?system=ping-mfa"},"timestamp":"2025-11-30T16:14:47.158Z"}
{"level":"info","message":{"auth":"[REDACTED]","method":"GET","msg":"request","timestamp":"2025-11-30T16:14:47.172Z","url":"/api/search-employee/HANNAH.PARK%40COMPANY.COM/details?system=ping-mfa"},"timestamp":"2025-11-30T16:14:47.172Z"}
{"level":"info","message":{"auth":"[REDACTED]","method":"GET","msg":"request","timestamp":"2025-11-30T16:14:47.227Z","url":"/api/search-employee/U1008/details?system=ping-mfa"},"timestamp":"2025-11-30T16:14:47.227Z"}
{"level":"info","message":{"auth":"[REDACTED]","method":"GET","msg":"request","timestamp":"2025-11-30T16:14:52.727Z","url":"/api/all-users"},"timestamp":"2025-11-30T16:14:52.727Z"}
{"level":"info","message":{"auth":"[REDACTED]","method":"GET","msg":"request","timestamp":"2025-11-30T16:14:52.816Z","url":"/api/search-employee/hannah.park%40company.com/details?system=ping-directory"},"timestamp":"2025-11-30T16:14:52.816Z"}
{"level":"info","message":{"auth":"[REDACTED]","method":"GET","msg":"request","timestamp":"2025-11-30T16:14:52.828Z","url":"/api/search-employee/u1008/details?system=ping-directory"},"timestamp":"2025-11-30T16:14:52.828Z"}
{"level":"info","message":{"auth":"[REDACTED]","method":"GET","msg":"request","timestamp":"2025-11-30T16:14:52.876Z","url":"/api/search-employee/HANNAH.PARK%40COMPANY.COM/details?system=ping-directory"},"timestamp":"2025-11-30T16:14:52.876Z"}
{"level":"info","message":{"auth":"[REDACTED]","method":"GET","msg":"request","timestamp":"2025-11-30T16:14:52.898Z","url":"/api/search-employee/U1008/details?system=ping-directory"},"timestamp":"2025-11-30T16:14:52.898Z"}
{"level":"info","message":{"auth":"[REDACTED]","method":"GET","msg":"request","timestamp":"2025-11-30T16:14:52.909Z","url":"/api/search-employee/hannah.park%40company.com/details?system=ping-mfa"},"timestamp":"2025-11-30T16:14:52.909Z"}
{"level":"info","message":{"auth":"[REDACTED]","method":"GET","msg":"request","timestamp":"2025-11-30T16:14:52.921Z","url":"/api/search-employee/u1008/details?system=ping-mfa"},"timestamp":"2025-11-30T16:14:52.921Z"}
{"level":"info","message":{"auth":"[REDACTED]","method":"GET","msg":"request","timestamp":"2025-11-30T16:14:52.931Z","url":"/api/search-employee/HANNAH.PARK%40COMPANY.COM/details?system=ping-mfa"},"timestamp":"2025-11-30T16:14:52.931Z"}
{"level":"info","message":{"auth":"[REDACTED]","method":"GET","msg":"request","timestamp":"2025-11-30T16:14:52.942Z","url":"/api/search-employee/U1008/details?system=ping-mfa"},"timestamp":"2025-11-30T16:14:52.942Z"}
{"level":"info","message":{"auth":"[REDACTED]","method":"GET","msg":"request","timestamp":"2025-11-30T16:16:33.406Z","url":"/api/search-employee/u1008/details?system=ping-mfa"},"timestamp":"2025-11-30T16:16:33.406Z"}
{"level":"info","message":{"auth":"[REDACTED]","method":"GET","msg":"request","timestamp":"2025-11-30T16:17:17.445Z","url":"/api/search-employee/u1008/details?system=ping-mfa"},"timestamp":"2025-11-30T16:17:17.445Z"}
{"level":"info","message":{"auth":"[REDACTED]","method":"GET","msg":"request","timestamp":"2025-11-30T16:17:45.647Z","url":"/api/all-users"},"timestamp":"2025-11-30T16:17:45.647Z"}
{"level":"info","message":{"auth":"[REDACTED]","method":"GET","msg":"request","timestamp":"2025-11-30T16:17:45.772Z","url":"/api/search-employee/hannah.park%40company.com/details?system=ping-directory"},"timestamp":"2025-11-30T16:17:45.772Z"}
{"level":"info","message":{"auth":"[REDACTED]","method":"GET","msg":"request","timestamp":"2025-11-30T16:17:45.853Z","url":"/api/search-employee/u1008/details?system=ping-directory"},"timestamp":"2025-11-30T16:17:45.853Z"}
{"level":"info","message":{"auth":"[REDACTED]","method":"GET","msg":"request","timestamp":"2025-11-30T16:17:45.860Z","url":"/api/search-employee/HANNAH.PARK%40COMPANY.COM/details?system=ping-directory"},"timestamp":"2025-11-30T16:17:45.860Z"}
{"level":"info","message":{"auth":"[REDACTED]","method":"GET","msg":"request","timestamp":"2025-11-30T16:17:45.911Z","url":"/api/search-employee/U1008/details?system=ping-directory"},"timestamp":"2025-11-30T16:17:45.911Z"}
{"level":"info","message":{"auth":"[REDACTED]","method":"GET","msg":"request","timestamp":"2025-11-30T16:17:46.019Z","url":"/api/search-employee/hannah.park%40company.com/details?system=ping-mfa"},"timestamp":"2025-11-30T16:17:46.019Z"}
{"level":"info","message":{"auth":"[REDACTED]","method":"GET","msg":"request","timestamp":"2025-11-30T16:17:46.116Z","url":"/api/search-employee/u1008/details?system=ping-mfa"},"timestamp":"2025-11-30T16:17:46.116Z"}
{"level":"info","message":{"auth":"[REDACTED]","method":"GET","msg":"request","timestamp":"2025-11-30T16:17:46.133Z","url":"/api/search-employee/HANNAH.PARK%40COMPANY.COM/details?system=ping-mfa"},"timestamp":"2025-11-30T16:17:46.133Z"}
{"level":"info","message":{"auth":"[REDACTED]","method":"GET","msg":"request","timestamp":"2025-11-30T16:17:46.139Z","url":"/api/search-employee/U1008/details?system=ping-mfa"},"timestamp":"2025-11-30T16:17:46.139Z"}
{"level":"info","message":{"auth":"[REDACTED]","method":"GET","msg":"request","timestamp":"2025-11-30T16:17:50.932Z","url":"/api/all-users"},"timestamp":"2025-11-30T16:17:50.932Z"}
{"level":"info","message":{"auth":"[REDACTED]","method":"GET","msg":"request","timestamp":"2025-11-30T16:17:51.087Z","url":"/api/search-employee/hannah.park%40company.com/details?system=ping-directory"},"timestamp":"2025-11-30T16:17:51.087Z"}
{"level":"info","message":{"auth":"[REDACTED]","method":"GET","msg":"request","timestamp":"2025-11-30T16:17:51.184Z","url":"/api/search-employee/u1008/details?system=ping-directory"},"timestamp":"2025-11-30T16:17:51.184Z"}
{"level":"info","message":{"auth":"[REDACTED]","method":"GET","msg":"request","timestamp":"2025-11-30T16:17:51.237Z","url":"/api/search-employee/HANNAH.PARK%40COMPANY.COM/details?system=ping-directory"},"timestamp":"2025-11-30T16:17:51.237Z"}
{"level":"info","message":{"auth":"[REDACTED]","method":"GET","msg":"request","timestamp":"2025-11-30T16:17:51.255Z","url":"/api/search-employee/U1008/details?system=ping-directory"},"timestamp":"2025-11-30T16:17:51.255Z"}
{"level":"info","message":{"auth":"[REDACTED]","method":"GET","msg":"request","timestamp":"2025-11-30T16:17:51.266Z","url":"/api/search-employee/hannah.park%40company.com/details?system=ping-mfa"},"timestamp":"2025-11-30T16:17:51.266Z"}
{"level":"info","message":{"auth":"[REDACTED]","method":"GET","msg":"request","timestamp":"2025-11-30T16:17:51.280Z","url":"/api/search-employee/u1008/details?system=ping-mfa"},"timestamp":"2025-11-30T16:17:51.280Z"}
{"level":"info","message":{"auth":"[REDACTED]","method":"GET","msg":"request","timestamp":"2025-11-30T16:17:51.307Z","url":"/api/search-employee/HANNAH.PARK%40COMPANY.COM/details?system=ping-mfa"},"timestamp":"2025-11-30T16:17:51.307Z"}
{"level":"info","message":{"auth":"[REDACTED]","method":"GET","msg":"request","timestamp":"2025-11-30T16:17:51.319Z","url":"/api/search-employee/U1008/details?system=ping-mfa"},"timestamp":"2025-11-30T16:17:51.319Z"}
{"level":"info","message":{"auth":"[REDACTED]","method":"GET","msg":"request","timestamp":"2025-11-30T16:17:59.717Z","url":"/api/search-employee/u1008/details?system=ping-mfa"},"timestamp":"2025-11-30T16:17:59.717Z"}
{"level":"info","message":{"auth":"[REDACTED]","method":"GET","msg":"request","timestamp":"2025-11-30T16:18:12.739Z","url":"/api/own-azure-ad"},"timestamp":"2025-11-30T16:18:12.739Z"}
{"level":"info","message":{"auth":"[REDACTED]","method":"GET","msg":"request","timestamp":"2025-11-30T16:18:12.781Z","url":"/api/ops-failures?system=azure-ad-auth&minutes=10"},"timestamp":"2025-11-30T16:18:12.781Z"}
{"level":"info","message":{"auth":"[REDACTED]","method":"GET","msg":"request","timestamp":"2025-11-30T16:18:12.790Z","url":"/api/own-azure-ad"},"timestamp":"2025-11-30T16:18:12.790Z"}
{"level":"info","message":{"auth":"[REDACTED]","method":"GET","msg":"request","timestamp":"2025-11-30T16:18:12.811Z","url":"/api/ops-failures?system=azure-ad-access&minutes=10"},"timestamp":"2025-11-30T16:18:12.811Z"}
{"level":"info","message":{"auth":"[REDACTED]","method":"GET","msg":"request","timestamp":"2025-11-30T16:18:12.832Z","url":"/api/ops-failures?system=azure-ad-auth&minutes=10"},"timestamp":"2025-11-30T16:18:12.832Z"}
{"level":"info","message":{"auth":"[REDACTED]","method":"GET","msg":"request","timestamp":"2025-11-30T16:18:12.863Z","url":"/api/ops-failures?system=azure-ad-access&minutes=10"},"timestamp":"2025-11-30T16:18:12.863Z"}
{"level":"info","message":{"auth":"[REDACTED]","method":"GET","msg":"request","timestamp":"2025-11-30T16:18:13.179Z","url":"/api/own-azure-ad-users"},"timestamp":"2025-11-30T16:18:13.179Z"}
{"level":"info","message":{"auth":"[REDACTED]","method":"GET","msg":"request","timestamp":"2025-11-30T16:18:13.184Z","url":"/api/own-azure-ad-groups"},"timestamp":"2025-11-30T16:18:13.184Z"}
{"level":"info","message":{"auth":"[REDACTED]","method":"GET","msg":"request","timestamp":"2025-11-30T16:18:13.195Z","url":"/api/own-azure-ad-users"},"timestamp":"2025-11-30T16:18:13.195Z"}
{"level":"info","message":{"auth":"[REDACTED]","method":"GET","msg":"request","timestamp":"2025-11-30T16:18:13.199Z","url":"/api/own-azure-ad-signin"},"timestamp":"2025-11-30T16:18:13.199Z"}
{"level":"info","message":{"auth":"[REDACTED]","method":"GET","msg":"request","timestamp":"2025-11-30T16:18:13.203Z","url":"/api/own-azure-ad-groups"},"timestamp":"2025-11-30T16:18:13.203Z"}
{"level":"info","message":{"auth":"[REDACTED]","method":"GET","msg":"request","timestamp":"2025-11-30T16:18:13.209Z","url":"/api/own-azure-ad-apps"},"timestamp":"2025-11-30T16:18:13.209Z"}
{"level":"info","message":{"auth":"[REDACTED]","method":"GET","msg":"request","timestamp":"2025-11-30T16:18:13.213Z","url":"/api/own-azure-ad-conditional"},"timestamp":"2025-11-30T16:18:13.213Z"}
{"level":"info","message":{"auth":"[REDACTED]","method":"GET","msg":"request","timestamp":"2025-11-30T16:18:13.217Z","url":"/api/own-azure-ad-signin"},"timestamp":"2025-11-30T16:18:13.217Z"}
{"level":"info","message":{"auth":"[REDACTED]","method":"GET","msg":"request","timestamp":"2025-11-30T16:18:13.223Z","url":"/api/own-azure-ad-apps"},"timestamp":"2025-11-30T16:18:13.223Z"}
{"level":"info","message":{"auth":"[REDACTED]","method":"GET","msg":"request","timestamp":"2025-11-30T16:18:13.229Z","url":"/api/own-azure-ad-conditional"},"timestamp":"2025-11-30T16:18:13.229Z"}
{"level":"info","message":{"auth":"[REDACTED]","method":"GET","msg":"request","timestamp":"2025-11-30T16:18:25.665Z","url":"/api/own-azure-ad"},"timestamp":"2025-11-30T16:18:25.665Z"}
{"level":"info","message":{"auth":"[REDACTED]","method":"GET","msg":"request","timestamp":"2025-11-30T16:18:25.677Z","url":"/api/own-azure-ad-users"},"timestamp":"2025-11-30T16:18:25.677Z"}
{"level":"info","message":{"auth":"[REDACTED]","method":"GET","msg":"request","timestamp":"2025-11-30T16:18:25.687Z","url":"/api/own-azure-ad"},"timestamp":"2025-11-30T16:18:25.687Z"}
{"level":"info","message":{"auth":"[REDACTED]","method":"GET","msg":"request","timestamp":"2025-11-30T16:18:25.697Z","url":"/api/own-azure-ad-conditional"},"timestamp":"2025-11-30T16:18:25.697Z"}
{"level":"info","message":{"auth":"[REDACTED]","method":"GET","msg":"request","timestamp":"2025-11-30T16:18:25.702Z","url":"/api/own-azure-ad-groups"},"timestamp":"2025-11-30T16:18:25.702Z"}
{"level":"info","message":{"auth":"[REDACTED]","method":"GET","msg":"request","timestamp":"2025-11-30T16:18:25.708Z","url":"/api/own-azure-ad-apps"},"timestamp":"2025-11-30T16:18:25.708Z"}
{"level":"info","message":{"auth":"[REDACTED]","method":"GET","msg":"request","timestamp":"2025-11-30T16:18:25.713Z","url":"/api/own-azure-ad-users"},"timestamp":"2025-11-30T16:18:25.713Z"}
{"level":"info","message":{"auth":"[REDACTED]","method":"GET","msg":"request","timestamp":"2025-11-30T16:18:25.717Z","url":"/api/own-azure-ad-signin"},"timestamp":"2025-11-30T16:18:25.717Z"}
{"level":"info","message":{"auth":"[REDACTED]","method":"GET","msg":"request","timestamp":"2025-11-30T16:18:25.724Z","url":"/api/own-azure-ad-conditional"},"timestamp":"2025-11-30T16:18:25.724Z"}
{"level":"info","message":{"auth":"[REDACTED]","method":"GET","msg":"request","timestamp":"2025-11-30T16:18:25.729Z","url":"/api/own-azure-ad-groups"},"timestamp":"2025-11-30T16:18:25.729Z"}
{"level":"info","message":{"auth":"[REDACTED]","method":"GET","msg":"request","timestamp":"2025-11-30T16:18:25.732Z","url":"/api/own-azure-ad-apps"},"timestamp":"2025-11-30T16:18:25.732Z"}
{"level":"info","message":{"auth":"[REDACTED]","method":"GET","msg":"request","timestamp":"2025-11-30T16:18:25.736Z","url":"/api/own-azure-ad-signin"},"timestamp":"2025-11-30T16:18:25.736Z"}
{"level":"info","message":{"auth":"[REDACTED]","method":"GET","msg":"request","timestamp":"2025-11-30T16:18:27.398Z","url":"/api/search-employee/u1008/details?system=ping-mfa"},"timestamp":"2025-11-30T16:18:27.398Z"}
{"level":"info","message":{"auth":"[REDACTED]","method":"GET","msg":"request","timestamp":"2025-11-30T16:35:21.261Z","url":"/api/own-azure-ad"},"timestamp":"2025-11-30T16:35:21.261Z"}
{"level":"info","message":{"auth":"[REDACTED]","method":"GET","msg":"request","timestamp":"2025-11-30T16:35:21.313Z","url":"/api/own-azure-ad"},"timestamp":"2025-11-30T16:35:21.313Z"}
{"level":"info","message":{"auth":"[REDACTED]","method":"GET","msg":"request","timestamp":"2025-11-30T16:35:21.370Z","url":"/api/ops-failures?system=azure-ad-access&minutes=10"},"timestamp":"2025-11-30T16:35:21.370Z"}
{"level":"info","message":{"auth":"[REDACTED]","method":"GET","msg":"request","timestamp":"2025-11-30T16:35:21.380Z","url":"/api/ops-failures?system=azure-ad-auth&minutes=10"},"timestamp":"2025-11-30T16:35:21.380Z"}
{"level":"info","message":{"auth":"[REDACTED]","method":"GET","msg":"request","timestamp":"2025-11-30T16:35:21.389Z","url":"/api/ops-failures?system=azure-ad-access&minutes=10"},"timestamp":"2025-11-30T16:35:21.389Z"}
{"level":"info","message":{"auth":"[REDACTED]","method":"GET","msg":"request","timestamp":"2025-11-30T16:35:21.402Z","url":"/api/ops-failures?system=azure-ad-auth&minutes=10"},"timestamp":"2025-11-30T16:35:21.402Z"}
{"level":"info","message":{"auth":"[REDACTED]","method":"GET","msg":"request","timestamp":"2025-11-30T16:35:21.807Z","url":"/api/own-azure-ad-users"},"timestamp":"2025-11-30T16:35:21.807Z"}
{"level":"info","message":{"auth":"[REDACTED]","method":"GET","msg":"request","timestamp":"2025-11-30T16:35:21.854Z","url":"/api/own-azure-ad-users"},"timestamp":"2025-11-30T16:35:21.854Z"}
{"level":"info","message":{"auth":"[REDACTED]","method":"GET","msg":"request","timestamp":"2025-11-30T16:35:21.887Z","url":"/api/own-azure-ad-apps"},"timestamp":"2025-11-30T16:35:21.887Z"}
{"level":"info","message":{"auth":"[REDACTED]","method":"GET","msg":"request","timestamp":"2025-11-30T16:35:21.916Z","url":"/api/own-azure-ad-signin"},"timestamp":"2025-11-30T16:35:21.916Z"}
{"level":"info","message":{"auth":"[REDACTED]","method":"GET","msg":"request","timestamp":"2025-11-30T16:35:21.931Z","url":"/api/own-azure-ad-groups"},"timestamp":"2025-11-30T16:35:21.931Z"}
{"level":"info","message":{"auth":"[REDACTED]","method":"GET","msg":"request","timestamp":"2025-11-30T16:35:21.950Z","url":"/api/own-azure-ad-conditional"},"timestamp":"2025-11-30T16:35:21.950Z"}
{"level":"info","message":{"auth":"[REDACTED]","method":"GET","msg":"request","timestamp":"2025-11-30T16:35:21.960Z","url":"/api/own-azure-ad-apps"},"timestamp":"2025-11-30T16:35:21.960Z"}
{"level":"info","message":{"auth":"[REDACTED]","method":"GET","msg":"request","timestamp":"2025-11-30T16:35:21.969Z","url":"/api/own-azure-ad-signin"},"timestamp":"2025-11-30T16:35:21.969Z"}
{"level":"info","message":{"auth":"[REDACTED]","method":"GET","msg":"request","timestamp":"2025-11-30T16:35:21.981Z","url":"/api/own-azure-ad-groups"},"timestamp":"2025-11-30T16:35:21.981Z"}
{"level":"info","message":{"auth":"[REDACTED]","method":"GET","msg":"request","timestamp":"2025-11-30T16:35:21.997Z","url":"/api/own-azure-ad-conditional"},"timestamp":"2025-11-30T16:35:21.997Z"}
{"level":"info","message":{"auth":"[REDACTED]","method":"GET","msg":"request","timestamp":"2025-11-30T16:35:31.612Z","url":"/api/search-employee/u1008/details?system=ping-directory"},"timestamp":"2025-11-30T16:35:31.612Z"}
{"level":"info","message":{"auth":"[REDACTED]","method":"GET","msg":"request","timestamp":"2025-11-30T16:35:48.829Z","url":"/api/search-employee/u1008/details?system=ping-directory"},"timestamp":"2025-11-30T16:35:48.829Z"}
{"level":"info","message":{"auth":"[REDACTED]","method":"GET","msg":"request","timestamp":"2025-11-30T16:40:49.217Z","url":"/api/all-users"},"timestamp":"2025-11-30T16:40:49.217Z"}
{"level":"info","message":{"auth":"[REDACTED]","method":"GET","msg":"request","timestamp":"2025-11-30T16:40:49.300Z","url":"/api/search-employee/hannah.park%40company.com/details?system=ping-directory"},"timestamp":"2025-11-30T16:40:49.300Z"}
{"level":"info","message":{"auth":"[REDACTED]","method":"GET","msg":"request","timestamp":"2025-11-30T16:40:49.311Z","url":"/api/search-employee/u1008/details?system=ping-directory"},"timestamp":"2025-11-30T16:40:49.311Z"}
{"level":"info","message":{"auth":"[REDACTED]","method":"GET","msg":"request","timestamp":"2025-11-30T16:40:49.321Z","url":"/api/search-employee/HANNAH.PARK%40COMPANY.COM/details?system=ping-directory"},"timestamp":"2025-11-30T16:40:49.321Z"}
{"level":"info","message":{"auth":"[REDACTED]","method":"GET","msg":"request","timestamp":"2025-11-30T16:40:49.332Z","url":"/api/search-employee/U1008/details?system=ping-directory"},"timestamp":"2025-11-30T16:40:49.332Z"}
{"level":"info","message":{"auth":"[REDACTED]","method":"GET","msg":"request","timestamp":"2025-11-30T16:40:49.337Z","url":"/api/search-employee/hannah.park%40company.com/details?system=ping-mfa"},"timestamp":"2025-11-30T16:40:49.337Z"}
{"level":"info","message":{"auth":"[REDACTED]","method":"GET","msg":"request","timestamp":"2025-11-30T16:40:49.345Z","url":"/api/search-employee/u1008/details?system=ping-mfa"},"timestamp":"2025-11-30T16:40:49.345Z"}
{"level":"info","message":{"auth":"[REDACTED]","method":"GET","msg":"request","timestamp":"2025-11-30T16:40:49.353Z","url":"/api/search-employee/HANNAH.PARK%40COMPANY.COM/details?system=ping-mfa"},"timestamp":"2025-11-30T16:40:49.353Z"}
{"level":"info","message":{"auth":"[REDACTED]","method":"GET","msg":"request","timestamp":"2025-11-30T16:40:49.361Z","url":"/api/search-employee/U1008/details?system=ping-mfa"},"timestamp":"2025-11-30T16:40:49.362Z"}
{"level":"info","message":{"auth":"[REDACTED]","method":"GET","msg":"request","timestamp":"2025-11-30T16:40:52.247Z","url":"/api/all-users"},"timestamp":"2025-11-30T16:40:52.247Z"}
{"level":"info","message":{"auth":"[REDACTED]","method":"GET","msg":"request","timestamp":"2025-11-30T16:40:52.324Z","url":"/api/search-employee/hannah.park%40company.com/details?system=ping-directory"},"timestamp":"2025-11-30T16:40:52.324Z"}
{"level":"info","message":{"auth":"[REDACTED]","method":"GET","msg":"request","timestamp":"2025-11-30T16:40:52.329Z","url":"/api/search-employee/u1008/details?system=ping-directory"},"timestamp":"2025-11-30T16:40:52.329Z"}
{"level":"info","message":{"auth":"[REDACTED]","method":"GET","msg":"request","timestamp":"2025-11-30T16:40:52.333Z","url":"/api/search-employee/HANNAH.PARK%40COMPANY.COM/details?system=ping-directory"},"timestamp":"2025-11-30T16:40:52.333Z"}
{"level":"info","message":{"auth":"[REDACTED]","method":"GET","msg":"request","timestamp":"2025-11-30T16:40:52.337Z","url":"/api/search-employee/U1008/details?system=ping-directory"},"timestamp":"2025-11-30T16:40:52.337Z"}
{"level":"info","message":{"auth":"[REDACTED]","method":"GET","msg":"request","timestamp":"2025-11-30T16:40:52.344Z","url":"/api/search-employee/hannah.park%40company.com/details?system=ping-mfa"},"timestamp":"2025-11-30T16:40:52.344Z"}
{"level":"info","message":{"auth":"[REDACTED]","method":"GET","msg":"request","timestamp":"2025-11-30T16:40:52.349Z","url":"/api/search-employee/u1008/details?system=ping-mfa"},"timestamp":"2025-11-30T16:40:52.349Z"}
{"level":"info","message":{"auth":"[REDACTED]","method":"GET","msg":"request","timestamp":"2025-11-30T16:40:52.352Z","url":"/api/search-employee/HANNAH.PARK%40COMPANY.COM/details?system=ping-mfa"},"timestamp":"2025-11-30T16:40:52.352Z"}
{"level":"info","message":{"auth":"[REDACTED]","method":"GET","msg":"request","timestamp":"2025-11-30T16:40:52.355Z","url":"/api/search-employee/U1008/details?system=ping-mfa"},"timestamp":"2025-11-30T16:40:52.355Z"}
{"level":"info","message":{"auth":"[REDACTED]","method":"GET","msg":"request","timestamp":"2025-11-30T16:40:56.697Z","url":"/api/search-employee/u1008/details?system=ping-mfa"},"timestamp":"2025-11-30T16:40:56.697Z"}
{"level":"info","message":{"auth":"[REDACTED]","method":"GET","msg":"request","timestamp":"2025-11-30T16:41:09.307Z","url":"/api/own-azure-ad"},"timestamp":"2025-11-30T16:41:09.307Z"}
{"level":"info","message":{"auth":"[REDACTED]","method":"GET","msg":"request","timestamp":"2025-11-30T16:41:09.315Z","url":"/api/own-azure-ad"},"timestamp":"2025-11-30T16:41:09.315Z"}
{"level":"info","message":{"auth":"[REDACTED]","method":"GET","msg":"request","timestamp":"2025-11-30T16:41:09.326Z","url":"/api/own-azure-ad-users"},"timestamp":"2025-11-30T16:41:09.326Z"}
{"level":"info","message":{"auth":"[REDACTED]","method":"GET","msg":"request","timestamp":"2025-11-30T16:41:09.343Z","url":"/api/own-azure-ad-groups"},"timestamp":"2025-11-30T16:41:09.343Z"}
{"level":"info","message":{"auth":"[REDACTED]","method":"GET","msg":"request","timestamp":"2025-11-30T16:41:09.352Z","url":"/api/own-azure-ad-apps"},"timestamp":"2025-11-30T16:41:09.352Z"}
{"level":"info","message":{"auth":"[REDACTED]","method":"GET","msg":"request","timestamp":"2025-11-30T16:41:09.364Z","url":"/api/own-azure-ad-conditional"},"timestamp":"2025-11-30T16:41:09.364Z"}
{"level":"info","message":{"auth":"[REDACTED]","method":"GET","msg":"request","timestamp":"2025-11-30T16:41:09.374Z","url":"/api/own-azure-ad-signin"},"timestamp":"2025-11-30T16:41:09.374Z"}
{"level":"info","message":{"auth":"[REDACTED]","method":"GET","msg":"request","timestamp":"2025-11-30T16:41:09.383Z","url":"/api/own-azure-ad-users"},"timestamp":"2025-11-30T16:41:09.383Z"}
{"level":"info","message":{"auth":"[REDACTED]","method":"GET","msg":"request","timestamp":"2025-11-30T16:41:09.414Z","url":"/api/own-azure-ad-groups"},"timestamp":"2025-11-30T16:41:09.414Z"}
{"level":"info","message":{"auth":"[REDACTED]","method":"GET","msg":"request","timestamp":"2025-11-30T16:41:09.427Z","url":"/api/own-azure-ad-apps"},"timestamp":"2025-11-30T16:41:09.427Z"}
{"level":"info","message":{"auth":"[REDACTED]","method":"GET","msg":"request","timestamp":"2025-11-30T16:41:09.448Z","url":"/api/own-azure-ad-conditional"},"timestamp":"2025-11-30T16:41:09.449Z"}
{"level":"info","message":{"auth":"[REDACTED]","method":"GET","msg":"request","timestamp":"2025-11-30T16:41:09.461Z","url":"/api/own-azure-ad-signin"},"timestamp":"2025-11-30T16:41:09.461Z"}
{"level":"info","message":{"auth":"[REDACTED]","method":"GET","msg":"request","timestamp":"2025-11-30T16:41:20.486Z","url":"/api/search-employee/u1008/details?system=ping-directory"},"timestamp":"2025-11-30T16:41:20.486Z"}
{"level":"info","message":{"auth":"[REDACTED]","method":"GET","msg":"request","timestamp":"2025-11-30T16:42:31.029Z","url":"/api/all-users"},"timestamp":"2025-11-30T16:42:31.029Z"}
{"level":"info","message":{"auth":"[REDACTED]","method":"GET","msg":"request","timestamp":"2025-11-30T16:42:31.115Z","url":"/api/search-employee/hannah.park%40company.com/details?system=ping-directory"},"timestamp":"2025-11-30T16:42:31.115Z"}
{"level":"info","message":{"auth":"[REDACTED]","method":"GET","msg":"request","timestamp":"2025-11-30T16:42:31.123Z","url":"/api/search-employee/u1008/details?system=ping-directory"},"timestamp":"2025-11-30T16:42:31.123Z"}
{"level":"info","message":{"auth":"[REDACTED]","method":"GET","msg":"request","timestamp":"2025-11-30T16:42:31.129Z","url":"/api/search-employee/HANNAH.PARK%40COMPANY.COM/details?system=ping-directory"},"timestamp":"2025-11-30T16:42:31.129Z"}
{"level":"info","message":{"auth":"[REDACTED]","method":"GET","msg":"request","timestamp":"2025-11-30T16:42:31.141Z","url":"/api/search-employee/U1008/details?system=ping-directory"},"timestamp":"2025-11-30T16:42:31.141Z"}
{"level":"info","message":{"auth":"[REDACTED]","method":"GET","msg":"request","timestamp":"2025-11-30T16:42:31.146Z","url":"/api/search-employee/hannah.park%40company.com/details?system=ping-mfa"},"timestamp":"2025-11-30T16:42:31.146Z"}
{"level":"info","message":{"auth":"[REDACTED]","method":"GET","msg":"request","timestamp":"2025-11-30T16:42:31.155Z","url":"/api/search-employee/u1008/details?system=ping-mfa"},"timestamp":"2025-11-30T16:42:31.155Z"}
{"level":"info","message":{"auth":"[REDACTED]","method":"GET","msg":"request","timestamp":"2025-11-30T16:42:31.160Z","url":"/api/search-employee/HANNAH.PARK%40COMPANY.COM/details?system=ping-mfa"},"timestamp":"2025-11-30T16:42:31.160Z"}
{"level":"info","message":{"auth":"[REDACTED]","method":"GET","msg":"request","timestamp":"2025-11-30T16:42:31.169Z","url":"/api/search-employee/U1008/details?system=ping-mfa"},"timestamp":"2025-11-30T16:42:31.170Z"}
{"level":"info","message":{"auth":"[REDACTED]","method":"GET","msg":"request","timestamp":"2025-11-30T16:42:34.672Z","url":"/api/all-users"},"timestamp":"2025-11-30T16:42:34.672Z"}
{"level":"info","message":{"auth":"[REDACTED]","method":"GET","msg":"request","timestamp":"2025-11-30T16:42:34.757Z","url":"/api/search-employee/hannah.park%40company.com/details?system=ping-directory"},"timestamp":"2025-11-30T16:42:34.757Z"}
{"level":"info","message":{"auth":"[REDACTED]","method":"GET","msg":"request","timestamp":"2025-11-30T16:42:34.788Z","url":"/api/search-employee/u1008/details?system=ping-directory"},"timestamp":"2025-11-30T16:42:34.788Z"}
{"level":"info","message":{"auth":"[REDACTED]","method":"GET","msg":"request","timestamp":"2025-11-30T16:42:34.795Z","url":"/api/search-employee/HANNAH.PARK%40COMPANY.COM/details?system=ping-directory"},"timestamp":"2025-11-30T16:42:34.795Z"}
{"level":"info","message":{"auth":"[REDACTED]","method":"GET","msg":"request","timestamp":"2025-11-30T16:42:34.809Z","url":"/api/search-employee/U1008/details?system=ping-directory"},"timestamp":"2025-11-30T16:42:34.809Z"}
{"level":"info","message":{"auth":"[REDACTED]","method":"GET","msg":"request","timestamp":"2025-11-30T16:42:34.814Z","url":"/api/search-employee/hannah.park%40company.com/details?system=ping-mfa"},"timestamp":"2025-11-30T16:42:34.814Z"}
{"level":"info","message":{"auth":"[REDACTED]","method":"GET","msg":"request","timestamp":"2025-11-30T16:42:34.824Z","url":"/api/search-employee/u1008/details?system=ping-mfa"},"timestamp":"2025-11-30T16:42:34.824Z"}
{"level":"info","message":{"auth":"[REDACTED]","method":"GET","msg":"request","timestamp":"2025-11-30T16:42:34.829Z","url":"/api/search-employee/HANNAH.PARK%40COMPANY.COM/details?system=ping-mfa"},"timestamp":"2025-11-30T16:42:34.829Z"}
{"level":"info","message":{"auth":"[REDACTED]","method":"GET","msg":"request","timestamp":"2025-11-30T16:42:34.842Z","url":"/api/search-employee/U1008/details?system=ping-mfa"},"timestamp":"2025-11-30T16:42:34.842Z"}
{"level":"info","message":{"auth":"[REDACTED]","method":"GET","msg":"request","timestamp":"2025-11-30T16:43:04.083Z","url":"/api/search-employee/u1008/details?system=ping-directory"},"timestamp":"2025-11-30T16:43:04.083Z"}
{"level":"info","message":{"auth":"[REDACTED]","method":"GET","msg":"request","timestamp":"2025-11-30T16:43:38.954Z","url":"/api/all-users"},"timestamp":"2025-11-30T16:43:38.954Z"}
{"level":"info","message":{"auth":"[REDACTED]","method":"GET","msg":"request","timestamp":"2025-11-30T16:43:39.041Z","url":"/api/search-employee/hannah.park%40company.com/details?system=ping-directory"},"timestamp":"2025-11-30T16:43:39.041Z"}
{"level":"info","message":{"auth":"[REDACTED]","method":"GET","msg":"request","timestamp":"2025-11-30T16:43:39.054Z","url":"/api/search-employee/u1008/details?system=ping-directory"},"timestamp":"2025-11-30T16:43:39.054Z"}
{"level":"info","message":{"auth":"[REDACTED]","method":"GET","msg":"request","timestamp":"2025-11-30T16:43:39.064Z","url":"/api/search-employee/HANNAH.PARK%40COMPANY.COM/details?system=ping-directory"},"timestamp":"2025-11-30T16:43:39.064Z"}
{"level":"info","message":{"auth":"[REDACTED]","method":"GET","msg":"request","timestamp":"2025-11-30T16:43:39.071Z","url":"/api/search-employee/U1008/details?system=ping-directory"},"timestamp":"2025-11-30T16:43:39.071Z"}
{"level":"info","message":{"auth":"[REDACTED]","method":"GET","msg":"request","timestamp":"2025-11-30T16:43:39.078Z","url":"/api/search-employee/hannah.park%40company.com/details?system=ping-mfa"},"timestamp":"2025-11-30T16:43:39.078Z"}
{"level":"info","message":{"auth":"[REDACTED]","method":"GET","msg":"request","timestamp":"2025-11-30T16:43:39.089Z","url":"/api/search-employee/u1008/details?system=ping-mfa"},"timestamp":"2025-11-30T16:43:39.089Z"}
{"level":"info","message":{"auth":"[REDACTED]","method":"GET","msg":"request","timestamp":"2025-11-30T16:43:39.100Z","url":"/api/search-employee/HANNAH.PARK%40COMPANY.COM/details?system=ping-mfa"},"timestamp":"2025-11-30T16:43:39.100Z"}
{"level":"info","message":{"auth":"[REDACTED]","method":"GET","msg":"request","timestamp":"2025-11-30T16:43:39.106Z","url":"/api/search-employee/U1008/details?system=ping-mfa"},"timestamp":"2025-11-30T16:43:39.106Z"}
{"level":"info","message":{"auth":"[REDACTED]","method":"GET","msg":"request","timestamp":"2025-11-30T16:43:49.071Z","url":"/api/search-employee/u1008/details?system=ping-mfa"},"timestamp":"2025-11-30T16:43:49.071Z"}
{"level":"info","message":{"auth":"[REDACTED]","method":"GET","msg":"request","timestamp":"2025-11-30T16:45:51.021Z","url":"/api/ops-failures?system=ping-federate&minutes=10"},"timestamp":"2025-11-30T16:45:51.021Z"}
{"level":"info","message":{"auth":"[REDACTED]","method":"GET","msg":"request","timestamp":"2025-11-30T16:45:51.123Z","url":"/api/ops-failures?system=ping-mfa&minutes=10"},"timestamp":"2025-11-30T16:45:51.123Z"}
{"level":"info","message":{"auth":"[REDACTED]","method":"GET","msg":"request","timestamp":"2025-11-30T16:46:02.455Z","url":"/api/ops-failures?system=ping-federate&minutes=10"},"timestamp":"2025-11-30T16:46:02.455Z"}
{"level":"info","message":{"auth":"[REDACTED]","method":"GET","msg":"request","timestamp":"2025-11-30T16:46:02.466Z","url":"/api/ops-failures?system=ping-federate&minutes=10"},"timestamp":"2025-11-30T16:46:02.466Z"}
{"level":"info","message":{"auth":"[REDACTED]","method":"GET","msg":"request","timestamp":"2025-11-30T16:46:02.477Z","url":"/api/ops-failures?system=ping-mfa&minutes=10"},"timestamp":"2025-11-30T16:46:02.477Z"}
{"level":"info","message":{"auth":"[REDACTED]","method":"GET","msg":"request","timestamp":"2025-11-30T16:46:02.484Z","url":"/api/ops-failures?system=ping-mfa&minutes=10"},"timestamp":"2025-11-30T16:46:02.484Z"}
{"level":"info","message":{"auth":"[REDACTED]","method":"GET","msg":"request","timestamp":"2025-11-30T16:46:33.985Z","url":"/api/all-users"},"timestamp":"2025-11-30T16:46:33.985Z"}
{"level":"info","message":{"auth":"[REDACTED]","method":"GET","msg":"request","timestamp":"2025-11-30T16:46:34.059Z","url":"/api/search-employee/ian.chen%40company.com/details?system=ping-directory"},"timestamp":"2025-11-30T16:46:34.059Z"}
{"level":"info","message":{"auth":"[REDACTED]","method":"GET","msg":"request","timestamp":"2025-11-30T16:46:34.065Z","url":"/api/search-employee/u1009/details?system=ping-directory"},"timestamp":"2025-11-30T16:46:34.065Z"}
{"level":"info","message":{"auth":"[REDACTED]","method":"GET","msg":"request","timestamp":"2025-11-30T16:46:34.071Z","url":"/api/search-employee/IAN.CHEN%40COMPANY.COM/details?system=ping-directory"},"timestamp":"2025-11-30T16:46:34.071Z"}
{"level":"info","message":{"auth":"[REDACTED]","method":"GET","msg":"request","timestamp":"2025-11-30T16:46:34.084Z","url":"/api/search-employee/U1009/details?system=ping-directory"},"timestamp":"2025-11-30T16:46:34.084Z"}
{"level":"info","message":{"auth":"[REDACTED]","method":"GET","msg":"request","timestamp":"2025-11-30T16:46:34.096Z","url":"/api/search-employee/ian.chen%40company.com/details?system=ping-mfa"},"timestamp":"2025-11-30T16:46:34.096Z"}
{"level":"info","message":{"auth":"[REDACTED]","method":"GET","msg":"request","timestamp":"2025-11-30T16:46:34.104Z","url":"/api/search-employee/u1009/details?system=ping-mfa"},"timestamp":"2025-11-30T16:46:34.104Z"}
{"level":"info","message":{"auth":"[REDACTED]","method":"GET","msg":"request","timestamp":"2025-11-30T16:46:34.115Z","url":"/api/search-employee/IAN.CHEN%40COMPANY.COM/details?system=ping-mfa"},"timestamp":"2025-11-30T16:46:34.115Z"}
{"level":"info","message":{"auth":"[REDACTED]","method":"GET","msg":"request","timestamp":"2025-11-30T16:46:34.122Z","url":"/api/search-employee/U1009/details?system=ping-mfa"},"timestamp":"2025-11-30T16:46:34.122Z"}
{"level":"info","message":{"auth":"[REDACTED]","method":"GET","msg":"request","timestamp":"2025-11-30T16:46:36.619Z","url":"/api/all-users"},"timestamp":"2025-11-30T16:46:36.619Z"}
{"level":"info","message":{"auth":"[REDACTED]","method":"GET","msg":"request","timestamp":"2025-11-30T16:46:36.696Z","url":"/api/search-employee/ian.chen%40company.com/details?system=ping-directory"},"timestamp":"2025-11-30T16:46:36.696Z"}
{"level":"info","message":{"auth":"[REDACTED]","method":"GET","msg":"request","timestamp":"2025-11-30T16:46:36.702Z","url":"/api/search-employee/u1009/details?system=ping-directory"},"timestamp":"2025-11-30T16:46:36.702Z"}
{"level":"info","message":{"auth":"[REDACTED]","method":"GET","msg":"request","timestamp":"2025-11-30T16:46:36.716Z","url":"/api/search-employee/IAN.CHEN%40COMPANY.COM/details?system=ping-directory"},"timestamp":"2025-11-30T16:46:36.716Z"}
{"level":"info","message":{"auth":"[REDACTED]","method":"GET","msg":"request","timestamp":"2025-11-30T16:46:36.719Z","url":"/api/search-employee/U1009/details?system=ping-directory"},"timestamp":"2025-11-30T16:46:36.719Z"}
{"level":"info","message":{"auth":"[REDACTED]","method":"GET","msg":"request","timestamp":"2025-11-30T16:46:36.727Z","url":"/api/search-employee/ian.chen%40company.com/details?system=ping-mfa"},"timestamp":"2025-11-30T16:46:36.727Z"}
{"level":"info","message":{"auth":"[REDACTED]","method":"GET","msg":"request","timestamp":"2025-11-30T16:46:36.730Z","url":"/api/search-employee/u1009/details?system=ping-mfa"},"timestamp":"2025-11-30T16:46:36.730Z"}
{"level":"info","message":{"auth":"[REDACTED]","method":"GET","msg":"request","timestamp":"2025-11-30T16:46:36.733Z","url":"/api/search-employee/IAN.CHEN%40COMPANY.COM/details?system=ping-mfa"},"timestamp":"2025-11-30T16:46:36.733Z"}
{"level":"info","message":{"auth":"[REDACTED]","method":"GET","msg":"request","timestamp":"2025-11-30T16:46:36.736Z","url":"/api/search-employee/U1009/details?system=ping-mfa"},"timestamp":"2025-11-30T16:46:36.737Z"}
{"level":"info","message":{"auth":"[REDACTED]","method":"GET","msg":"request","timestamp":"2025-11-30T16:47:44.581Z","url":"/api/all-users"},"timestamp":"2025-11-30T16:47:44.581Z"}
{"level":"info","message":{"auth":"[REDACTED]","method":"GET","msg":"request","timestamp":"2025-11-30T16:47:44.658Z","url":"/api/search-employee/ian.chen%40company.com/details?system=ping-directory"},"timestamp":"2025-11-30T16:47:44.658Z"}
{"level":"info","message":{"auth":"[REDACTED]","method":"GET","msg":"request","timestamp":"2025-11-30T16:47:44.669Z","url":"/api/search-employee/u1009/details?system=ping-directory"},"timestamp":"2025-11-30T16:47:44.669Z"}
{"level":"info","message":{"auth":"[REDACTED]","method":"GET","msg":"request","timestamp":"2025-11-30T16:47:44.679Z","url":"/api/search-employee/IAN.CHEN%40COMPANY.COM/details?system=ping-directory"},"timestamp":"2025-11-30T16:47:44.679Z"}
{"level":"info","message":{"auth":"[REDACTED]","method":"GET","msg":"request","timestamp":"2025-11-30T16:47:44.686Z","url":"/api/search-employee/U1009/details?system=ping-directory"},"timestamp":"2025-11-30T16:47:44.686Z"}
{"level":"info","message":{"auth":"[REDACTED]","method":"GET","msg":"request","timestamp":"2025-11-30T16:47:44.696Z","url":"/api/search-employee/ian.chen%40company.com/details?system=ping-mfa"},"timestamp":"2025-11-30T16:47:44.696Z"}
{"level":"info","message":{"auth":"[REDACTED]","method":"GET","msg":"request","timestamp":"2025-11-30T16:47:44.703Z","url":"/api/search-employee/u1009/details?system=ping-mfa"},"timestamp":"2025-11-30T16:47:44.703Z"}
{"level":"info","message":{"auth":"[REDACTED]","method":"GET","msg":"request","timestamp":"2025-11-30T16:47:44.712Z","url":"/api/search-employee/IAN.CHEN%40COMPANY.COM/details?system=ping-mfa"},"timestamp":"2025-11-30T16:47:44.712Z"}
{"level":"info","message":{"auth":"[REDACTED]","method":"GET","msg":"request","timestamp":"2025-11-30T16:47:44.719Z","url":"/api/search-employee/U1009/details?system=ping-mfa"},"timestamp":"2025-11-30T16:47:44.719Z"}
{"level":"info","message":{"auth":"[REDACTED]","method":"GET","msg":"request","timestamp":"2025-11-30T16:53:18.197Z","url":"/api/search-employee/u1009/details?system=ping-directory"},"timestamp":"2025-11-30T16:53:18.197Z"}
{"level":"info","message":{"auth":"[REDACTED]","method":"GET","msg":"request","timestamp":"2025-11-30T16:53:31.890Z","url":"/api/all-users"},"timestamp":"2025-11-30T16:53:31.890Z"}
{"level":"info","message":{"auth":"[REDACTED]","method":"GET","msg":"request","timestamp":"2025-11-30T16:53:31.971Z","url":"/api/search-employee/ian.chen%40company.com/details?system=ping-directory"},"timestamp":"2025-11-30T16:53:31.971Z"}
{"level":"info","message":{"auth":"[REDACTED]","method":"GET","msg":"request","timestamp":"2025-11-30T16:53:31.979Z","url":"/api/search-employee/u1009/details?system=ping-directory"},"timestamp":"2025-11-30T16:53:31.979Z"}
{"level":"info","message":{"auth":"[REDACTED]","method":"GET","msg":"request","timestamp":"2025-11-30T16:53:31.990Z","url":"/api/search-employee/IAN.CHEN%40COMPANY.COM/details?system=ping-directory"},"timestamp":"2025-11-30T16:53:31.990Z"}
{"level":"info","message":{"auth":"[REDACTED]","method":"GET","msg":"request","timestamp":"2025-11-30T16:53:32.003Z","url":"/api/search-employee/U1009/details?system=ping-directory"},"timestamp":"2025-11-30T16:53:32.003Z"}
{"level":"info","message":{"auth":"[REDACTED]","method":"GET","msg":"request","timestamp":"2025-11-30T16:53:32.011Z","url":"/api/search-employee/ian.chen%40company.com/details?system=ping-mfa"},"timestamp":"2025-11-30T16:53:32.011Z"}
{"level":"info","message":{"auth":"[REDACTED]","method":"GET","msg":"request","timestamp":"2025-11-30T16:53:32.027Z","url":"/api/search-employee/u1009/details?system=ping-mfa"},"timestamp":"2025-11-30T16:53:32.027Z"}
{"level":"info","message":{"auth":"[REDACTED]","method":"GET","msg":"request","timestamp":"2025-11-30T16:53:32.038Z","url":"/api/search-employee/IAN.CHEN%40COMPANY.COM/details?system=ping-mfa"},"timestamp":"2025-11-30T16:53:32.038Z"}
{"level":"info","message":{"auth":"[REDACTED]","method":"GET","msg":"request","timestamp":"2025-11-30T16:53:32.048Z","url":"/api/search-employee/U1009/details?system=ping-mfa"},"timestamp":"2025-11-30T16:53:32.048Z"}
{"level":"info","message":{"auth":"[REDACTED]","method":"GET","msg":"request","timestamp":"2025-11-30T16:53:35.401Z","url":"/api/all-users"},"timestamp":"2025-11-30T16:53:35.401Z"}
{"level":"info","message":{"auth":"[REDACTED]","method":"GET","msg":"request","timestamp":"2025-11-30T16:53:35.483Z","url":"/api/search-employee/ian.chen%40company.com/details?system=ping-directory"},"timestamp":"2025-11-30T16:53:35.483Z"}
{"level":"info","message":{"auth":"[REDACTED]","method":"GET","msg":"request","timestamp":"2025-11-30T16:53:35.489Z","url":"/api/search-employee/u1009/details?system=ping-directory"},"timestamp":"2025-11-30T16:53:35.489Z"}
{"level":"info","message":{"auth":"[REDACTED]","method":"GET","msg":"request","timestamp":"2025-11-30T16:53:35.502Z","url":"/api/search-employee/IAN.CHEN%40COMPANY.COM/details?system=ping-directory"},"timestamp":"2025-11-30T16:53:35.502Z"}
{"level":"info","message":{"auth":"[REDACTED]","method":"GET","msg":"request","timestamp":"2025-11-30T16:53:35.505Z","url":"/api/search-employee/U1009/details?system=ping-directory"},"timestamp":"2025-11-30T16:53:35.505Z"}
{"level":"info","message":{"auth":"[REDACTED]","method":"GET","msg":"request","timestamp":"2025-11-30T16:53:35.511Z","url":"/api/search-employee/ian.chen%40company.com/details?system=ping-mfa"},"timestamp":"2025-11-30T16:53:35.511Z"}
{"level":"info","message":{"auth":"[REDACTED]","method":"GET","msg":"request","timestamp":"2025-11-30T16:53:35.516Z","url":"/api/search-employee/u1009/details?system=ping-mfa"},"timestamp":"2025-11-30T16:53:35.516Z"}
{"level":"info","message":{"auth":"[REDACTED]","method":"GET","msg":"request","timestamp":"2025-11-30T16:53:35.519Z","url":"/api/search-employee/IAN.CHEN%40COMPANY.COM/details?system=ping-mfa"},"timestamp":"2025-11-30T16:53:35.519Z"}
{"level":"info","message":{"auth":"[REDACTED]","method":"GET","msg":"request","timestamp":"2025-11-30T16:53:35.522Z","url":"/api/search-employee/U1009/details?system=ping-mfa"},"timestamp":"2025-11-30T16:53:35.522Z"}
{"level":"info","message":{"auth":"[REDACTED]","method":"GET","msg":"request","timestamp":"2025-11-30T17:01:09.903Z","url":"/api/all-users"},"timestamp":"2025-11-30T17:01:09.903Z"}
{"level":"info","message":{"auth":"[REDACTED]","method":"GET","msg":"request","timestamp":"2025-11-30T17:01:09.983Z","url":"/api/search-employee/ian.chen%40company.com/details?system=ping-directory"},"timestamp":"2025-11-30T17:01:09.983Z"}
{"level":"info","message":{"auth":"[REDACTED]","method":"GET","msg":"request","timestamp":"2025-11-30T17:01:09.989Z","url":"/api/search-employee/u1009/details?system=ping-directory"},"timestamp":"2025-11-30T17:01:09.989Z"}
{"level":"info","message":{"auth":"[REDACTED]","method":"GET","msg":"request","timestamp":"2025-11-30T17:01:09.995Z","url":"/api/search-employee/IAN.CHEN%40COMPANY.COM/details?system=ping-directory"},"timestamp":"2025-11-30T17:01:09.995Z"}
{"level":"info","message":{"auth":"[REDACTED]","method":"GET","msg":"request","timestamp":"2025-11-30T17:01:10.001Z","url":"/api/search-employee/U1009/details?system=ping-directory"},"timestamp":"2025-11-30T17:01:10.001Z"}
{"level":"info","message":{"auth":"[REDACTED]","method":"GET","msg":"request","timestamp":"2025-11-30T17:01:10.013Z","url":"/api/search-employee/ian.chen%40company.com/details?system=ping-mfa"},"timestamp":"2025-11-30T17:01:10.013Z"}
{"level":"info","message":{"auth":"[REDACTED]","method":"GET","msg":"request","timestamp":"2025-11-30T17:01:10.019Z","url":"/api/search-employee/u1009/details?system=ping-mfa"},"timestamp":"2025-11-30T17:01:10.019Z"}
{"level":"info","message":{"auth":"[REDACTED]","method":"GET","msg":"request","timestamp":"2025-11-30T17:01:10.030Z","url":"/api/search-employee/IAN.CHEN%40COMPANY.COM/details?system=ping-mfa"},"timestamp":"2025-11-30T17:01:10.030Z"}
{"level":"info","message":{"auth":"[REDACTED]","method":"GET","msg":"request","timestamp":"2025-11-30T17:01:10.035Z","url":"/api/search-employee/U1009/details?system=ping-mfa"},"timestamp":"2025-11-30T17:01:10.035Z"}
{"level":"info","message":{"auth":"[REDACTED]","method":"GET","msg":"request","timestamp":"2025-11-30T17:01:18.244Z","url":"/api/all-users"},"timestamp":"2025-11-30T17:01:18.244Z"}
{"level":"info","message":{"auth":"[REDACTED]","method":"GET","msg":"request","timestamp":"2025-11-30T17:01:18.347Z","url":"/api/search-employee/ian.chen%40company.com/details?system=ping-directory"},"timestamp":"2025-11-30T17:01:18.347Z"}
{"level":"info","message":{"auth":"[REDACTED]","method":"GET","msg":"request","timestamp":"2025-11-30T17:01:18.367Z","url":"/api/search-employee/u1009/details?system=ping-directory"},"timestamp":"2025-11-30T17:01:18.367Z"}
{"level":"info","message":{"auth":"[REDACTED]","method":"GET","msg":"request","timestamp":"2025-11-30T17:01:18.375Z","url":"/api/search-employee/IAN.CHEN%40COMPANY.COM/details?system=ping-directory"},"timestamp":"2025-11-30T17:01:18.375Z"}
{"level":"info","message":{"auth":"[REDACTED]","method":"GET","msg":"request","timestamp":"2025-11-30T17:01:18.381Z","url":"/api/search-employee/U1009/details?system=ping-directory"},"timestamp":"2025-11-30T17:01:18.381Z"}
{"level":"info","message":{"auth":"[REDACTED]","method":"GET","msg":"request","timestamp":"2025-11-30T17:01:18.386Z","url":"/api/search-employee/ian.chen%40company.com/details?system=ping-mfa"},"timestamp":"2025-11-30T17:01:18.386Z"}
{"level":"info","message":{"auth":"[REDACTED]","method":"GET","msg":"request","timestamp":"2025-11-30T17:01:18.400Z","url":"/api/search-employee/u1009/details?system=ping-mfa"},"timestamp":"2025-11-30T17:01:18.400Z"}
{"level":"info","message":{"auth":"[REDACTED]","method":"GET","msg":"request","timestamp":"2025-11-30T17:01:18.410Z","url":"/api/search-employee/IAN.CHEN%40COMPANY.COM/details?system=ping-mfa"},"timestamp":"2025-11-30T17:01:18.410Z"}
{"level":"info","message":{"auth":"[REDACTED]","method":"GET","msg":"request","timestamp":"2025-11-30T17:01:18.417Z","url":"/api/search-employee/U1009/details?system=ping-mfa"},"timestamp":"2025-11-30T17:01:18.417Z"}
{"level":"info","message":{"auth":"[REDACTED]","method":"GET","msg":"request","timestamp":"2025-11-30T17:02:36.672Z","url":"/api/ops-failures?system=ping-federate&minutes=10"},"timestamp":"2025-11-30T17:02:36.672Z"}
{"level":"info","message":{"auth":"[REDACTED]","method":"GET","msg":"request","timestamp":"2025-11-30T17:02:36.696Z","url":"/api/ops-failures?system=ping-federate&minutes=10"},"timestamp":"2025-11-30T17:02:36.696Z"}
{"level":"info","message":{"auth":"[REDACTED]","method":"GET","msg":"request","timestamp":"2025-11-30T17:02:36.707Z","url":"/api/ops-failures?system=ping-mfa&minutes=10"},"timestamp":"2025-11-30T17:02:36.707Z"}
{"level":"info","message":{"auth":"[REDACTED]","method":"GET","msg":"request","timestamp":"2025-11-30T17:02:36.714Z","url":"/api/ops-failures?system=ping-mfa&minutes=10"},"timestamp":"2025-11-30T17:02:36.714Z"}
{"level":"info","message":{"auth":"[REDACTED]","method":"GET","msg":"request","timestamp":"2025-11-30T17:02:51.639Z","url":"/api/ops-failures?system=ping-federate&minutes=10"},"timestamp":"2025-11-30T17:02:51.639Z"}
{"level":"info","message":{"auth":"[REDACTED]","method":"GET","msg":"request","timestamp":"2025-11-30T17:02:51.664Z","url":"/api/ops-failures?system=ping-federate&minutes=10"},"timestamp":"2025-11-30T17:02:51.664Z"}
{"level":"info","message":{"auth":"[REDACTED]","method":"GET","msg":"request","timestamp":"2025-11-30T17:02:51.677Z","url":"/api/ops-failures?system=ping-mfa&minutes=10"},"timestamp":"2025-11-30T17:02:51.677Z"}
{"level":"info","message":{"auth":"[REDACTED]","method":"GET","msg":"request","timestamp":"2025-11-30T17:02:51.702Z","url":"/api/ops-failures?system=ping-mfa&minutes=10"},"timestamp":"2025-11-30T17:02:51.702Z"}
{"level":"info","message":{"auth":"[REDACTED]","method":"GET","msg":"request","timestamp":"2025-11-30T17:04:01.644Z","url":"/api/all-users"},"timestamp":"2025-11-30T17:04:01.644Z"}
{"level":"info","message":{"auth":"[REDACTED]","method":"GET","msg":"request","timestamp":"2025-11-30T17:04:01.724Z","url":"/api/search-employee/ian.chen%40company.com/details?system=ping-directory"},"timestamp":"2025-11-30T17:04:01.724Z"}
{"level":"info","message":{"auth":"[REDACTED]","method":"GET","msg":"request","timestamp":"2025-11-30T17:04:01.734Z","url":"/api/search-employee/u1009/details?system=ping-directory"},"timestamp":"2025-11-30T17:04:01.734Z"}
{"level":"info","message":{"auth":"[REDACTED]","method":"GET","msg":"request","timestamp":"2025-11-30T17:04:01.745Z","url":"/api/search-employee/IAN.CHEN%40COMPANY.COM/details?system=ping-directory"},"timestamp":"2025-11-30T17:04:01.745Z"}
{"level":"info","message":{"auth":"[REDACTED]","method":"GET","msg":"request","timestamp":"2025-11-30T17:04:01.756Z","url":"/api/search-employee/U1009/details?system=ping-directory"},"timestamp":"2025-11-30T17:04:01.756Z"}
{"level":"info","message":{"auth":"[REDACTED]","method":"GET","msg":"request","timestamp":"2025-11-30T17:04:01.764Z","url":"/api/search-employee/ian.chen%40company.com/details?system=ping-mfa"},"timestamp":"2025-11-30T17:04:01.765Z"}
{"level":"info","message":{"auth":"[REDACTED]","method":"GET","msg":"request","timestamp":"2025-11-30T17:04:01.776Z","url":"/api/search-employee/u1009/details?system=ping-mfa"},"timestamp":"2025-11-30T17:04:01.776Z"}
{"level":"info","message":{"auth":"[REDACTED]","method":"GET","msg":"request","timestamp":"2025-11-30T17:04:01.786Z","url":"/api/search-employee/IAN.CHEN%40COMPANY.COM/details?system=ping-mfa"},"timestamp":"2025-11-30T17:04:01.786Z"}
{"level":"info","message":{"auth":"[REDACTED]","method":"GET","msg":"request","timestamp":"2025-11-30T17:04:01.793Z","url":"/api/search-employee/U1009/details?system=ping-mfa"},"timestamp":"2025-11-30T17:04:01.793Z"}
{"level":"info","message":{"auth":"[REDACTED]","method":"GET","msg":"request","timestamp":"2025-11-30T17:05:52.803Z","url":"/api/all-users"},"timestamp":"2025-11-30T17:05:52.803Z"}
{"level":"info","message":{"auth":"[REDACTED]","method":"GET","msg":"request","timestamp":"2025-11-30T17:05:52.896Z","url":"/api/search-employee/ian.chen%40company.com/details?system=ping-directory"},"timestamp":"2025-11-30T17:05:52.896Z"}
{"level":"info","message":{"auth":"[REDACTED]","method":"GET","msg":"request","timestamp":"2025-11-30T17:05:52.937Z","url":"/api/search-employee/u1009/details?system=ping-directory"},"timestamp":"2025-11-30T17:05:52.937Z"}
{"level":"info","message":{"auth":"[REDACTED]","method":"GET","msg":"request","timestamp":"2025-11-30T17:05:52.953Z","url":"/api/search-employee/IAN.CHEN%40COMPANY.COM/details?system=ping-directory"},"timestamp":"2025-11-30T17:05:52.953Z"}
{"level":"info","message":{"auth":"[REDACTED]","method":"GET","msg":"request","timestamp":"2025-11-30T17:05:52.973Z","url":"/api/search-employee/U1009/details?system=ping-directory"},"timestamp":"2025-11-30T17:05:52.973Z"}
{"level":"info","message":{"auth":"[REDACTED]","method":"GET","msg":"request","timestamp":"2025-11-30T17:05:52.982Z","url":"/api/search-employee/ian.chen%40company.com/details?system=ping-mfa"},"timestamp":"2025-11-30T17:05:52.982Z"}
{"level":"info","message":{"auth":"[REDACTED]","method":"GET","msg":"request","timestamp":"2025-11-30T17:05:52.989Z","url":"/api/search-employee/u1009/details?system=ping-mfa"},"timestamp":"2025-11-30T17:05:52.989Z"}
{"level":"info","message":{"auth":"[REDACTED]","method":"GET","msg":"request","timestamp":"2025-11-30T17:05:52.997Z","url":"/api/search-employee/IAN.CHEN%40COMPANY.COM/details?system=ping-mfa"},"timestamp":"2025-11-30T17:05:52.997Z"}
{"level":"info","message":{"auth":"[REDACTED]","method":"GET","msg":"request","timestamp":"2025-11-30T17:05:53.006Z","url":"/api/search-employee/U1009/details?system=ping-mfa"},"timestamp":"2025-11-30T17:05:53.006Z"}
{"level":"info","message":{"auth":"[REDACTED]","method":"GET","msg":"request","timestamp":"2025-11-30T17:10:06.404Z","url":"/api/ops-failures?system=ping-federate&minutes=10"},"timestamp":"2025-11-30T17:10:06.404Z"}
{"level":"info","message":{"auth":"[REDACTED]","method":"GET","msg":"request","timestamp":"2025-11-30T17:10:06.412Z","url":"/api/ops-failures?system=ping-mfa&minutes=10"},"timestamp":"2025-11-30T17:10:06.412Z"}
{"level":"info","message":{"auth":"[REDACTED]","method":"GET","msg":"request","timestamp":"2025-11-30T17:10:06.456Z","url":"/api/ops-failures?system=ping-federate&minutes=10"},"timestamp":"2025-11-30T17:10:06.456Z"}
{"level":"info","message":{"auth":"[REDACTED]","method":"GET","msg":"request","timestamp":"2025-11-30T17:10:06.461Z","url":"/api/ops-failures?system=ping-mfa&minutes=10"},"timestamp":"2025-11-30T17:10:06.461Z"}
{"level":"info","message":{"auth":"[REDACTED]","method":"GET","msg":"request","timestamp":"2025-11-30T17:10:13.546Z","url":"/api/ops-failures?system=ping-federate&minutes=10"},"timestamp":"2025-11-30T17:10:13.546Z"}
{"level":"info","message":{"auth":"[REDACTED]","method":"GET","msg":"request","timestamp":"2025-11-30T17:10:13.558Z","url":"/api/ops-failures?system=ping-mfa&minutes=10"},"timestamp":"2025-11-30T17:10:13.558Z"}
{"level":"info","message":{"auth":"[REDACTED]","method":"GET","msg":"request","timestamp":"2025-11-30T17:10:36.225Z","url":"/api/all-users"},"timestamp":"2025-11-30T17:10:36.225Z"}
{"level":"info","message":{"auth":"[REDACTED]","method":"GET","msg":"request","timestamp":"2025-11-30T17:10:36.304Z","url":"/api/search-employee/ian.chen%40company.com/details?system=ping-directory"},"timestamp":"2025-11-30T17:10:36.304Z"}
{"level":"info","message":{"auth":"[REDACTED]","method":"GET","msg":"request","timestamp":"2025-11-30T17:10:36.312Z","url":"/api/search-employee/u1009/details?system=ping-directory"},"timestamp":"2025-11-30T17:10:36.312Z"}
{"level":"info","message":{"auth":"[REDACTED]","method":"GET","msg":"request","timestamp":"2025-11-30T17:10:36.324Z","url":"/api/search-employee/IAN.CHEN%40COMPANY.COM/details?system=ping-directory"},"timestamp":"2025-11-30T17:10:36.324Z"}
{"level":"info","message":{"auth":"[REDACTED]","method":"GET","msg":"request","timestamp":"2025-11-30T17:10:36.333Z","url":"/api/search-employee/U1009/details?system=ping-directory"},"timestamp":"2025-11-30T17:10:36.333Z"}
{"level":"info","message":{"auth":"[REDACTED]","method":"GET","msg":"request","timestamp":"2025-11-30T17:10:36.341Z","url":"/api/search-employee/ian.chen%40company.com/details?system=ping-mfa"},"timestamp":"2025-11-30T17:10:36.341Z"}
{"level":"info","message":{"auth":"[REDACTED]","method":"GET","msg":"request","timestamp":"2025-11-30T17:10:36.353Z","url":"/api/search-employee/u1009/details?system=ping-mfa"},"timestamp":"2025-11-30T17:10:36.353Z"}
{"level":"info","message":{"auth":"[REDACTED]","method":"GET","msg":"request","timestamp":"2025-11-30T17:10:36.360Z","url":"/api/search-employee/IAN.CHEN%40COMPANY.COM/details?system=ping-mfa"},"timestamp":"2025-11-30T17:10:36.360Z"}
{"level":"info","message":{"auth":"[REDACTED]","method":"GET","msg":"request","timestamp":"2025-11-30T17:10:36.381Z","url":"/api/search-employee/U1009/details?system=ping-mfa"},"timestamp":"2025-11-30T17:10:36.381Z"}
{"level":"info","message":{"auth":"[REDACTED]","method":"GET","msg":"request","timestamp":"2025-11-30T17:10:41.532Z","url":"/api/all-users"},"timestamp":"2025-11-30T17:10:41.532Z"}
{"level":"info","message":{"auth":"[REDACTED]","method":"GET","msg":"request","timestamp":"2025-11-30T17:10:41.601Z","url":"/api/search-employee/ian.chen%40company.com/details?system=ping-directory"},"timestamp":"2025-11-30T17:10:41.601Z"}
{"level":"info","message":{"auth":"[REDACTED]","method":"GET","msg":"request","timestamp":"2025-11-30T17:10:41.610Z","url":"/api/search-employee/u1009/details?system=ping-directory"},"timestamp":"2025-11-30T17:10:41.610Z"}
{"level":"info","message":{"auth":"[REDACTED]","method":"GET","msg":"request","timestamp":"2025-11-30T17:10:41.621Z","url":"/api/search-employee/IAN.CHEN%40COMPANY.COM/details?system=ping-directory"},"timestamp":"2025-11-30T17:10:41.621Z"}
{"level":"info","message":{"auth":"[REDACTED]","method":"GET","msg":"request","timestamp":"2025-11-30T17:10:41.625Z","url":"/api/search-employee/U1009/details?system=ping-directory"},"timestamp":"2025-11-30T17:10:41.625Z"}
{"level":"info","message":{"auth":"[REDACTED]","method":"GET","msg":"request","timestamp":"2025-11-30T17:10:41.631Z","url":"/api/search-employee/ian.chen%40company.com/details?system=ping-mfa"},"timestamp":"2025-11-30T17:10:41.631Z"}
{"level":"info","message":{"auth":"[REDACTED]","method":"GET","msg":"request","timestamp":"2025-11-30T17:10:41.638Z","url":"/api/search-employee/u1009/details?system=ping-mfa"},"timestamp":"2025-11-30T17:10:41.638Z"}
{"level":"info","message":{"auth":"[REDACTED]","method":"GET","msg":"request","timestamp":"2025-11-30T17:10:41.642Z","url":"/api/search-employee/IAN.CHEN%40COMPANY.COM/details?system=ping-mfa"},"timestamp":"2025-11-30T17:10:41.642Z"}
{"level":"info","message":{"auth":"[REDACTED]","method":"GET","msg":"request","timestamp":"2025-11-30T17:10:41.651Z","url":"/api/search-employee/U1009/details?system=ping-mfa"},"timestamp":"2025-11-30T17:10:41.651Z"}
{"level":"info","message":{"auth":"[REDACTED]","method":"GET","msg":"request","timestamp":"2025-11-30T17:11:07.432Z","url":"/api/all-users"},"timestamp":"2025-11-30T17:11:07.432Z"}
{"level":"info","message":{"auth":"[REDACTED]","method":"GET","msg":"request","timestamp":"2025-11-30T17:11:07.499Z","url":"/api/search-employee/ian.chen%40company.com/details?system=ping-directory"},"timestamp":"2025-11-30T17:11:07.499Z"}
{"level":"info","message":{"auth":"[REDACTED]","method":"GET","msg":"request","timestamp":"2025-11-30T17:11:07.506Z","url":"/api/search-employee/u1009/details?system=ping-directory"},"timestamp":"2025-11-30T17:11:07.506Z"}
{"level":"info","message":{"auth":"[REDACTED]","method":"GET","msg":"request","timestamp":"2025-11-30T17:11:07.512Z","url":"/api/search-employee/IAN.CHEN%40COMPANY.COM/details?system=ping-directory"},"timestamp":"2025-11-30T17:11:07.512Z"}
{"level":"info","message":{"auth":"[REDACTED]","method":"GET","msg":"request","timestamp":"2025-11-30T17:11:07.522Z","url":"/api/search-employee/U1009/details?system=ping-directory"},"timestamp":"2025-11-30T17:11:07.522Z"}
{"level":"info","message":{"auth":"[REDACTED]","method":"GET","msg":"request","timestamp":"2025-11-30T17:11:07.530Z","url":"/api/search-employee/ian.chen%40company.com/details?system=ping-mfa"},"timestamp":"2025-11-30T17:11:07.530Z"}
{"level":"info","message":{"auth":"[REDACTED]","method":"GET","msg":"request","timestamp":"2025-11-30T17:11:07.540Z","url":"/api/search-employee/u1009/details?system=ping-mfa"},"timestamp":"2025-11-30T17:11:07.540Z"}
{"level":"info","message":{"auth":"[REDACTED]","method":"GET","msg":"request","timestamp":"2025-11-30T17:11:07.547Z","url":"/api/search-employee/IAN.CHEN%40COMPANY.COM/details?system=ping-mfa"},"timestamp":"2025-11-30T17:11:07.547Z"}
{"level":"info","message":{"auth":"[REDACTED]","method":"GET","msg":"request","timestamp":"2025-11-30T17:11:07.559Z","url":"/api/search-employee/U1009/details?system=ping-mfa"},"timestamp":"2025-11-30T17:11:07.559Z"}
{"level":"info","message":{"auth":"[REDACTED]","method":"GET","msg":"request","timestamp":"2025-11-30T17:11:46.922Z","url":"/api/ops-failures?system=ping-federate&minutes=10"},"timestamp":"2025-11-30T17:11:46.922Z"}
{"level":"info","message":{"auth":"[REDACTED]","method":"GET","msg":"request","timestamp":"2025-11-30T17:11:46.937Z","url":"/api/ops-failures?system=ping-federate&minutes=10"},"timestamp":"2025-11-30T17:11:46.937Z"}
{"level":"info","message":{"auth":"[REDACTED]","method":"GET","msg":"request","timestamp":"2025-11-30T17:11:46.947Z","url":"/api/ops-failures?system=ping-mfa&minutes=10"},"timestamp":"2025-11-30T17:11:46.947Z"}
{"level":"info","message":{"auth":"[REDACTED]","method":"GET","msg":"request","timestamp":"2025-11-30T17:11:46.954Z","url":"/api/ops-failures?system=ping-mfa&minutes=10"},"timestamp":"2025-11-30T17:11:46.954Z"}
{"level":"info","message":{"auth":"[REDACTED]","method":"GET","msg":"request","timestamp":"2025-11-30T17:11:56.073Z","url":"/api/all-users"},"timestamp":"2025-11-30T17:11:56.073Z"}
{"level":"info","message":{"auth":"[REDACTED]","method":"GET","msg":"request","timestamp":"2025-11-30T17:11:56.163Z","url":"/api/search-employee/dana.lee%40company.com/details?system=ping-directory"},"timestamp":"2025-11-30T17:11:56.163Z"}
{"level":"info","message":{"auth":"[REDACTED]","method":"GET","msg":"request","timestamp":"2025-11-30T17:11:56.209Z","url":"/api/search-employee/u1004/details?system=ping-directory"},"timestamp":"2025-11-30T17:11:56.209Z"}
{"level":"info","message":{"auth":"[REDACTED]","method":"GET","msg":"request","timestamp":"2025-11-30T17:11:56.220Z","url":"/api/search-employee/DANA.LEE%40COMPANY.COM/details?system=ping-directory"},"timestamp":"2025-11-30T17:11:56.220Z"}
{"level":"info","message":{"auth":"[REDACTED]","method":"GET","msg":"request","timestamp":"2025-11-30T17:11:56.225Z","url":"/api/search-employee/U1004/details?system=ping-directory"},"timestamp":"2025-11-30T17:11:56.225Z"}
{"level":"info","message":{"auth":"[REDACTED]","method":"GET","msg":"request","timestamp":"2025-11-30T17:11:56.234Z","url":"/api/search-employee/dana.lee%40company.com/details?system=ping-mfa"},"timestamp":"2025-11-30T17:11:56.234Z"}
{"level":"info","message":{"auth":"[REDACTED]","method":"GET","msg":"request","timestamp":"2025-11-30T17:11:56.240Z","url":"/api/search-employee/u1004/details?system=ping-mfa"},"timestamp":"2025-11-30T17:11:56.240Z"}
{"level":"info","message":{"auth":"[REDACTED]","method":"GET","msg":"request","timestamp":"2025-11-30T17:11:56.247Z","url":"/api/search-employee/DANA.LEE%40COMPANY.COM/details?system=ping-mfa"},"timestamp":"2025-11-30T17:11:56.247Z"}
{"level":"info","message":{"auth":"[REDACTED]","method":"GET","msg":"request","timestamp":"2025-11-30T17:11:56.253Z","url":"/api/search-employee/U1004/details?system=ping-mfa"},"timestamp":"2025-11-30T17:11:56.253Z"}
{"level":"info","message":{"auth":"[REDACTED]","method":"GET","msg":"request","timestamp":"2025-11-30T17:12:53.351Z","url":"/api/all-users"},"timestamp":"2025-11-30T17:12:53.351Z"}
{"level":"info","message":{"auth":"[REDACTED]","method":"GET","msg":"request","timestamp":"2025-11-30T17:12:53.491Z","url":"/api/search-employee/dana.lee%40company.com/details?system=ping-directory"},"timestamp":"2025-11-30T17:12:53.491Z"}
{"level":"info","message":{"auth":"[REDACTED]","method":"GET","msg":"request","timestamp":"2025-11-30T17:12:53.590Z","url":"/api/search-employee/u1004/details?system=ping-directory"},"timestamp":"2025-11-30T17:12:53.590Z"}
{"level":"info","message":{"auth":"[REDACTED]","method":"GET","msg":"request","timestamp":"2025-11-30T17:12:53.600Z","url":"/api/search-employee/DANA.LEE%40COMPANY.COM/details?system=ping-directory"},"timestamp":"2025-11-30T17:12:53.600Z"}
{"level":"info","message":{"auth":"[REDACTED]","method":"GET","msg":"request","timestamp":"2025-11-30T17:12:53.611Z","url":"/api/search-employee/U1004/details?system=ping-directory"},"timestamp":"2025-11-30T17:12:53.611Z"}
{"level":"info","message":{"auth":"[REDACTED]","method":"GET","msg":"request","timestamp":"2025-11-30T17:12:53.621Z","url":"/api/search-employee/dana.lee%40company.com/details?system=ping-mfa"},"timestamp":"2025-11-30T17:12:53.621Z"}
{"level":"info","message":{"auth":"[REDACTED]","method":"GET","msg":"request","timestamp":"2025-11-30T17:12:53.630Z","url":"/api/search-employee/u1004/details?system=ping-mfa"},"timestamp":"2025-11-30T17:12:53.630Z"}
{"level":"info","message":{"auth":"[REDACTED]","method":"GET","msg":"request","timestamp":"2025-11-30T17:12:53.640Z","url":"/api/search-employee/DANA.LEE%40COMPANY.COM/details?system=ping-mfa"},"timestamp":"2025-11-30T17:12:53.640Z"}
{"level":"info","message":{"auth":"[REDACTED]","method":"GET","msg":"request","timestamp":"2025-11-30T17:12:53.659Z","url":"/api/search-employee/U1004/details?system=ping-mfa"},"timestamp":"2025-11-30T17:12:53.659Z"}
{"level":"info","message":{"auth":"[REDACTED]","method":"GET","msg":"request","timestamp":"2025-11-30T17:12:56.774Z","url":"/api/all-users"},"timestamp":"2025-11-30T17:12:56.774Z"}
{"level":"info","message":{"auth":"[REDACTED]","method":"GET","msg":"request","timestamp":"2025-11-30T17:12:56.851Z","url":"/api/search-employee/dana.lee%40company.com/details?system=ping-directory"},"timestamp":"2025-11-30T17:12:56.851Z"}
{"level":"info","message":{"auth":"[REDACTED]","method":"GET","msg":"request","timestamp":"2025-11-30T17:12:56.855Z","url":"/api/search-employee/u1004/details?system=ping-directory"},"timestamp":"2025-11-30T17:12:56.855Z"}
{"level":"info","message":{"auth":"[REDACTED]","method":"GET","msg":"request","timestamp":"2025-11-30T17:12:56.859Z","url":"/api/search-employee/DANA.LEE%40COMPANY.COM/details?system=ping-directory"},"timestamp":"2025-11-30T17:12:56.859Z"}
{"level":"info","message":{"auth":"[REDACTED]","method":"GET","msg":"request","timestamp":"2025-11-30T17:12:56.864Z","url":"/api/search-employee/U1004/details?system=ping-directory"},"timestamp":"2025-11-30T17:12:56.864Z"}
{"level":"info","message":{"auth":"[REDACTED]","method":"GET","msg":"request","timestamp":"2025-11-30T17:12:56.871Z","url":"/api/search-employee/dana.lee%40company.com/details?system=ping-mfa"},"timestamp":"2025-11-30T17:12:56.871Z"}
{"level":"info","message":{"auth":"[REDACTED]","method":"GET","msg":"request","timestamp":"2025-11-30T17:12:56.874Z","url":"/api/search-employee/u1004/details?system=ping-mfa"},"timestamp":"2025-11-30T17:12:56.874Z"}
{"level":"info","message":{"auth":"[REDACTED]","method":"GET","msg":"request","timestamp":"2025-11-30T17:12:56.877Z","url":"/api/search-employee/DANA.LEE%40COMPANY.COM/details?system=ping-mfa"},"timestamp":"2025-11-30T17:12:56.877Z"}
{"level":"info","message":{"auth":"[REDACTED]","method":"GET","msg":"request","timestamp":"2025-11-30T17:12:56.885Z","url":"/api/search-employee/U1004/details?system=ping-mfa"},"timestamp":"2025-11-30T17:12:56.885Z"}
{"level":"info","message":{"auth":"[REDACTED]","method":"GET","msg":"request","timestamp":"2025-11-30T17:17:40.240Z","url":"/api/ops-failures?system=ping-federate&minutes=10"},"timestamp":"2025-11-30T17:17:40.240Z"}
{"level":"info","message":{"auth":"[REDACTED]","method":"GET","msg":"request","timestamp":"2025-11-30T17:17:40.285Z","url":"/api/ops-failures?system=ping-mfa&minutes=10"},"timestamp":"2025-11-30T17:17:40.285Z"}
{"level":"info","message":{"auth":"[REDACTED]","method":"GET","msg":"request","timestamp":"2025-11-30T17:17:40.302Z","url":"/api/ops-failures?system=ping-federate&minutes=10"},"timestamp":"2025-11-30T17:17:40.302Z"}
{"level":"info","message":{"auth":"[REDACTED]","method":"GET","msg":"request","timestamp":"2025-11-30T17:17:40.310Z","url":"/api/ops-failures?system=ping-mfa&minutes=10"},"timestamp":"2025-11-30T17:17:40.310Z"}
{"level":"info","message":{"auth":"[REDACTED]","method":"GET","msg":"request","timestamp":"2025-11-30T17:17:54.069Z","url":"/api/all-users"},"timestamp":"2025-11-30T17:17:54.069Z"}
{"level":"info","message":{"auth":"[REDACTED]","method":"GET","msg":"request","timestamp":"2025-11-30T17:17:54.223Z","url":"/api/search-employee/ian.chen%40company.com/details?system=ping-directory"},"timestamp":"2025-11-30T17:17:54.223Z"}
{"level":"info","message":{"auth":"[REDACTED]","method":"GET","msg":"request","timestamp":"2025-11-30T17:17:54.238Z","url":"/api/search-employee/u1009/details?system=ping-directory"},"timestamp":"2025-11-30T17:17:54.238Z"}
{"level":"info","message":{"auth":"[REDACTED]","method":"GET","msg":"request","timestamp":"2025-11-30T17:17:54.255Z","url":"/api/search-employee/IAN.CHEN%40COMPANY.COM/details?system=ping-directory"},"timestamp":"2025-11-30T17:17:54.255Z"}
{"level":"info","message":{"auth":"[REDACTED]","method":"GET","msg":"request","timestamp":"2025-11-30T17:17:54.267Z","url":"/api/search-employee/U1009/details?system=ping-directory"},"timestamp":"2025-11-30T17:17:54.267Z"}
{"level":"info","message":{"auth":"[REDACTED]","method":"GET","msg":"request","timestamp":"2025-11-30T17:17:54.275Z","url":"/api/search-employee/ian.chen%40company.com/details?system=ping-mfa"},"timestamp":"2025-11-30T17:17:54.275Z"}
{"level":"info","message":{"auth":"[REDACTED]","method":"GET","msg":"request","timestamp":"2025-11-30T17:17:54.291Z","url":"/api/search-employee/u1009/details?system=ping-mfa"},"timestamp":"2025-11-30T17:17:54.291Z"}
{"level":"info","message":{"auth":"[REDACTED]","method":"GET","msg":"request","timestamp":"2025-11-30T17:17:54.303Z","url":"/api/search-employee/IAN.CHEN%40COMPANY.COM/details?system=ping-mfa"},"timestamp":"2025-11-30T17:17:54.303Z"}
{"level":"info","message":{"auth":"[REDACTED]","method":"GET","msg":"request","timestamp":"2025-11-30T17:17:54.313Z","url":"/api/search-employee/U1009/details?system=ping-mfa"},"timestamp":"2025-11-30T17:17:54.313Z"}
{"level":"info","message":{"auth":"[REDACTED]","method":"GET","msg":"request","timestamp":"2025-11-30T17:18:14.235Z","url":"/api/all-users"},"timestamp":"2025-11-30T17:18:14.235Z"}
{"level":"info","message":{"auth":"[REDACTED]","method":"GET","msg":"request","timestamp":"2025-11-30T17:18:14.336Z","url":"/api/search-employee/ian.chen%40company.com/details?system=ping-directory"},"timestamp":"2025-11-30T17:18:14.336Z"}
{"level":"info","message":{"auth":"[REDACTED]","method":"GET","msg":"request","timestamp":"2025-11-30T17:18:14.344Z","url":"/api/search-employee/u1009/details?system=ping-directory"},"timestamp":"2025-11-30T17:18:14.344Z"}
{"level":"info","message":{"auth":"[REDACTED]","method":"GET","msg":"request","timestamp":"2025-11-30T17:18:14.354Z","url":"/api/search-employee/IAN.CHEN%40COMPANY.COM/details?system=ping-directory"},"timestamp":"2025-11-30T17:18:14.354Z"}
{"level":"info","message":{"auth":"[REDACTED]","method":"GET","msg":"request","timestamp":"2025-11-30T17:18:14.362Z","url":"/api/search-employee/U1009/details?system=ping-directory"},"timestamp":"2025-11-30T17:18:14.362Z"}
{"level":"info","message":{"auth":"[REDACTED]","method":"GET","msg":"request","timestamp":"2025-11-30T17:18:14.369Z","url":"/api/search-employee/ian.chen%40company.com/details?system=ping-mfa"},"timestamp":"2025-11-30T17:18:14.369Z"}
{"level":"info","message":{"auth":"[REDACTED]","method":"GET","msg":"request","timestamp":"2025-11-30T17:18:14.374Z","url":"/api/search-employee/u1009/details?system=ping-mfa"},"timestamp":"2025-11-30T17:18:14.374Z"}
{"level":"info","message":{"auth":"[REDACTED]","method":"GET","msg":"request","timestamp":"2025-11-30T17:18:14.386Z","url":"/api/search-employee/IAN.CHEN%40COMPANY.COM/details?system=ping-mfa"},"timestamp":"2025-11-30T17:18:14.386Z"}
{"level":"info","message":{"auth":"[REDACTED]","method":"GET","msg":"request","timestamp":"2025-11-30T17:18:14.391Z","url":"/api/search-employee/U1009/details?system=ping-mfa"},"timestamp":"2025-11-30T17:18:14.391Z"}
{"level":"info","message":{"auth":"[REDACTED]","method":"GET","msg":"request","timestamp":"2025-11-30T17:20:17.434Z","url":"/api/search-employee/u1009/details?system=ping-mfa"},"timestamp":"2025-11-30T17:20:17.434Z"}
{"level":"info","message":{"auth":"[REDACTED]","method":"GET","msg":"request","timestamp":"2025-11-30T17:21:42.521Z","url":"/api/all-users"},"timestamp":"2025-11-30T17:21:42.521Z"}
{"level":"info","message":{"auth":"[REDACTED]","method":"GET","msg":"request","timestamp":"2025-11-30T17:21:42.616Z","url":"/api/search-employee/ian.chen%40company.com/details?system=ping-directory"},"timestamp":"2025-11-30T17:21:42.616Z"}
{"level":"info","message":{"auth":"[REDACTED]","method":"GET","msg":"request","timestamp":"2025-11-30T17:21:42.624Z","url":"/api/search-employee/u1009/details?system=ping-directory"},"timestamp":"2025-11-30T17:21:42.624Z"}
{"level":"info","message":{"auth":"[REDACTED]","method":"GET","msg":"request","timestamp":"2025-11-30T17:21:42.630Z","url":"/api/search-employee/IAN.CHEN%40COMPANY.COM/details?system=ping-directory"},"timestamp":"2025-11-30T17:21:42.630Z"}
{"level":"info","message":{"auth":"[REDACTED]","method":"GET","msg":"request","timestamp":"2025-11-30T17:21:42.641Z","url":"/api/search-employee/U1009/details?system=ping-directory"},"timestamp":"2025-11-30T17:21:42.641Z"}
{"level":"info","message":{"auth":"[REDACTED]","method":"GET","msg":"request","timestamp":"2025-11-30T17:21:42.652Z","url":"/api/search-employee/ian.chen%40company.com/details?system=ping-mfa"},"timestamp":"2025-11-30T17:21:42.652Z"}
{"level":"info","message":{"auth":"[REDACTED]","method":"GET","msg":"request","timestamp":"2025-11-30T17:21:42.659Z","url":"/api/search-employee/u1009/details?system=ping-mfa"},"timestamp":"2025-11-30T17:21:42.659Z"}
{"level":"info","message":{"auth":"[REDACTED]","method":"GET","msg":"request","timestamp":"2025-11-30T17:21:42.664Z","url":"/api/search-employee/IAN.CHEN%40COMPANY.COM/details?system=ping-mfa"},"timestamp":"2025-11-30T17:21:42.664Z"}
{"level":"info","message":{"auth":"[REDACTED]","method":"GET","msg":"request","timestamp":"2025-11-30T17:21:42.676Z","url":"/api/search-employee/U1009/details?system=ping-mfa"},"timestamp":"2025-11-30T17:21:42.676Z"}
{"level":"info","message":{"auth":"[REDACTED]","method":"GET","msg":"request","timestamp":"2025-11-30T17:21:51.251Z","url":"/api/all-users"},"timestamp":"2025-11-30T17:21:51.251Z"}
{"level":"info","message":{"auth":"[REDACTED]","method":"GET","msg":"request","timestamp":"2025-11-30T17:21:51.343Z","url":"/api/search-employee/ian.chen%40company.com/details?system=ping-directory"},"timestamp":"2025-11-30T17:21:51.343Z"}
{"level":"info","message":{"auth":"[REDACTED]","method":"GET","msg":"request","timestamp":"2025-11-30T17:21:51.395Z","url":"/api/search-employee/u1009/details?system=ping-directory"},"timestamp":"2025-11-30T17:21:51.395Z"}
{"level":"info","message":{"auth":"[REDACTED]","method":"GET","msg":"request","timestamp":"2025-11-30T17:21:51.406Z","url":"/api/search-employee/IAN.CHEN%40COMPANY.COM/details?system=ping-directory"},"timestamp":"2025-11-30T17:21:51.406Z"}
{"level":"info","message":{"auth":"[REDACTED]","method":"GET","msg":"request","timestamp":"2025-11-30T17:21:51.411Z","url":"/api/search-employee/U1009/details?system=ping-directory"},"timestamp":"2025-11-30T17:21:51.411Z"}
{"level":"info","message":{"auth":"[REDACTED]","method":"GET","msg":"request","timestamp":"2025-11-30T17:21:51.421Z","url":"/api/search-employee/ian.chen%40company.com/details?system=ping-mfa"},"timestamp":"2025-11-30T17:21:51.421Z"}
{"level":"info","message":{"auth":"[REDACTED]","method":"GET","msg":"request","timestamp":"2025-11-30T17:21:51.428Z","url":"/api/search-employee/u1009/details?system=ping-mfa"},"timestamp":"2025-11-30T17:21:51.428Z"}
{"level":"info","message":{"auth":"[REDACTED]","method":"GET","msg":"request","timestamp":"2025-11-30T17:21:51.435Z","url":"/api/search-employee/IAN.CHEN%40COMPANY.COM/details?system=ping-mfa"},"timestamp":"2025-11-30T17:21:51.435Z"}
{"level":"info","message":{"auth":"[REDACTED]","method":"GET","msg":"request","timestamp":"2025-11-30T17:21:51.443Z","url":"/api/search-employee/U1009/details?system=ping-mfa"},"timestamp":"2025-11-30T17:21:51.443Z"}
{"level":"info","message":{"auth":"[REDACTED]","method":"GET","msg":"request","timestamp":"2025-11-30T17:21:57.296Z","url":"/api/search-employee/u1009/details?system=ping-mfa"},"timestamp":"2025-11-30T17:21:57.296Z"}
{"level":"info","message":{"auth":"[REDACTED]","method":"GET","msg":"request","timestamp":"2025-11-30T17:21:59.368Z","url":"/api/search-employee/u1009/details?system=ping-directory"},"timestamp":"2025-11-30T17:21:59.368Z"}
{"level":"info","message":{"auth":"[REDACTED]","method":"GET","msg":"request","timestamp":"2025-11-30T17:22:08.488Z","url":"/api/search-employee/u1009/details?system=ping-directory"},"timestamp":"2025-11-30T17:22:08.488Z"}
{"level":"info","message":{"auth":"[REDACTED]","method":"GET","msg":"request","timestamp":"2025-11-30T17:27:38.800Z","url":"/api/ops-failures?system=ping-mfa&minutes=10"},"timestamp":"2025-11-30T17:27:38.800Z"}
{"level":"info","message":{"auth":"[REDACTED]","method":"GET","msg":"request","timestamp":"2025-11-30T17:27:39.198Z","url":"/api/ops-failures?system=ping-mfa&minutes=10"},"timestamp":"2025-11-30T17:27:39.198Z"}
{"level":"info","message":{"auth":"[REDACTED]","method":"GET","msg":"request","timestamp":"2025-11-30T17:27:39.285Z","url":"/api/ops-failures?system=ping-federate&minutes=10"},"timestamp":"2025-11-30T17:27:39.285Z"}
{"level":"info","message":{"auth":"[REDACTED]","method":"GET","msg":"request","timestamp":"2025-11-30T17:27:39.335Z","url":"/api/ops-failures?system=ping-federate&minutes=10"},"timestamp":"2025-11-30T17:27:39.335Z"}
{"level":"info","message":{"auth":"[REDACTED]","method":"GET","msg":"request","timestamp":"2025-11-30T17:29:27.581Z","url":"/api/ops-failures?system=ping-federate&minutes=10"},"timestamp":"2025-11-30T17:29:27.581Z"}
{"level":"info","message":{"auth":"[REDACTED]","method":"GET","msg":"request","timestamp":"2025-11-30T17:29:27.592Z","url":"/api/ops-failures?system=ping-mfa&minutes=10"},"timestamp":"2025-11-30T17:29:27.592Z"}
{"level":"info","message":{"auth":"[REDACTED]","method":"GET","msg":"request","timestamp":"2025-11-30T17:29:27.611Z","url":"/api/ops-failures?system=ping-federate&minutes=10"},"timestamp":"2025-11-30T17:29:27.611Z"}
{"level":"info","message":{"auth":"[REDACTED]","method":"GET","msg":"request","timestamp":"2025-11-30T17:29:27.618Z","url":"/api/ops-failures?system=ping-mfa&minutes=10"},"timestamp":"2025-11-30T17:29:27.618Z"}
{"level":"info","message":{"auth":"[REDACTED]","method":"GET","msg":"request","timestamp":"2025-11-30T17:30:44.655Z","url":"/api/ops-failures?system=ping-federate&minutes=10"},"timestamp":"2025-11-30T17:30:44.655Z"}
{"level":"info","message":{"auth":"[REDACTED]","method":"GET","msg":"request","timestamp":"2025-11-30T17:30:44.663Z","url":"/api/ops-failures?system=ping-mfa&minutes=10"},"timestamp":"2025-11-30T17:30:44.663Z"}
{"level":"info","message":{"auth":"[REDACTED]","method":"GET","msg":"request","timestamp":"2025-11-30T17:30:44.681Z","url":"/api/ops-failures?system=ping-federate&minutes=10"},"timestamp":"2025-11-30T17:30:44.681Z"}
{"level":"info","message":{"auth":"[REDACTED]","method":"GET","msg":"request","timestamp":"2025-11-30T17:30:44.690Z","url":"/api/ops-failures?system=ping-mfa&minutes=10"},"timestamp":"2025-11-30T17:30:44.690Z"}
{"level":"info","message":{"auth":"[REDACTED]","method":"GET","msg":"request","timestamp":"2025-11-30T17:30:48.867Z","url":"/api/ops-failures?system=ping-federate&minutes=10"},"timestamp":"2025-11-30T17:30:48.867Z"}
{"level":"info","message":{"auth":"[REDACTED]","method":"GET","msg":"request","timestamp":"2025-11-30T17:30:48.873Z","url":"/api/ops-failures?system=ping-mfa&minutes=10"},"timestamp":"2025-11-30T17:30:48.873Z"}
{"level":"info","message":{"msg":"backend listening on http://localhost:3001"},"timestamp":"2025-12-01T06:37:47.659Z"}
{"level":"info","message":{"auth":"[REDACTED]","method":"GET","msg":"request","timestamp":"2025-12-01T06:38:30.898Z","url":"/api/ops-failures?system=ping-mfa&minutes=10"},"timestamp":"2025-12-01T06:38:30.898Z"}
{"level":"info","message":{"auth":"[REDACTED]","method":"GET","msg":"request","timestamp":"2025-12-01T06:38:30.927Z","url":"/api/ops-failures?system=ping-mfa&minutes=10"},"timestamp":"2025-12-01T06:38:30.927Z"}
{"level":"info","message":{"auth":"[REDACTED]","method":"GET","msg":"request","timestamp":"2025-12-01T06:38:30.939Z","url":"/api/ops-failures?system=ping-federate&minutes=10"},"timestamp":"2025-12-01T06:38:30.939Z"}
{"level":"info","message":{"auth":"[REDACTED]","method":"GET","msg":"request","timestamp":"2025-12-01T06:38:30.955Z","url":"/api/ops-failures?system=ping-federate&minutes=10"},"timestamp":"2025-12-01T06:38:30.955Z"}
{"level":"info","message":{"auth":"[REDACTED]","method":"GET","msg":"request","timestamp":"2025-12-01T06:46:08.178Z","url":"/api/ops-failures?system=ping-federate&minutes=10"},"timestamp":"2025-12-01T06:46:08.178Z"}
{"level":"info","message":{"auth":"[REDACTED]","method":"GET","msg":"request","timestamp":"2025-12-01T06:46:08.195Z","url":"/api/ops-failures?system=ping-federate&minutes=10"},"timestamp":"2025-12-01T06:46:08.195Z"}
{"level":"info","message":{"auth":"[REDACTED]","method":"GET","msg":"request","timestamp":"2025-12-01T06:46:08.239Z","url":"/api/ops-failures?system=ping-mfa&minutes=10"},"timestamp":"2025-12-01T06:46:08.240Z"}
{"level":"info","message":{"auth":"[REDACTED]","method":"GET","msg":"request","timestamp":"2025-12-01T06:46:08.325Z","url":"/api/ops-failures?system=ping-mfa&minutes=10"},"timestamp":"2025-12-01T06:46:08.325Z"}
{"level":"info","message":{"auth":"[REDACTED]","method":"GET","msg":"request","timestamp":"2025-12-01T06:50:10.411Z","url":"/api/ops-failures?system=ping-federate&minutes=10"},"timestamp":"2025-12-01T06:50:10.411Z"}
{"level":"info","message":{"auth":"[REDACTED]","method":"GET","msg":"request","timestamp":"2025-12-01T06:50:10.429Z","url":"/api/ops-failures?system=ping-federate&minutes=10"},"timestamp":"2025-12-01T06:50:10.429Z"}
{"level":"info","message":{"auth":"[REDACTED]","method":"GET","msg":"request","timestamp":"2025-12-01T06:50:10.441Z","url":"/api/ops-failures?system=ping-mfa&minutes=10"},"timestamp":"2025-12-01T06:50:10.441Z"}
{"level":"info","message":{"auth":"[REDACTED]","method":"GET","msg":"request","timestamp":"2025-12-01T06:50:10.454Z","url":"/api/ops-failures?system=ping-mfa&minutes=10"},"timestamp":"2025-12-01T06:50:10.454Z"}
{"level":"info","message":{"auth":"[REDACTED]","method":"GET","msg":"request","timestamp":"2025-12-01T06:52:18.958Z","url":"/api/ops-failures?system=ping-federate&minutes=10"},"timestamp":"2025-12-01T06:52:18.958Z"}
{"level":"info","message":{"auth":"[REDACTED]","method":"GET","msg":"request","timestamp":"2025-12-01T06:52:18.977Z","url":"/api/ops-failures?system=ping-mfa&minutes=10"},"timestamp":"2025-12-01T06:52:18.977Z"}
{"level":"info","message":{"auth":"[REDACTED]","method":"GET","msg":"request","timestamp":"2025-12-01T06:52:19.002Z","url":"/api/ops-failures?system=ping-federate&minutes=10"},"timestamp":"2025-12-01T06:52:19.002Z"}
{"level":"info","message":{"auth":"[REDACTED]","method":"GET","msg":"request","timestamp":"2025-12-01T06:52:19.035Z","url":"/api/ops-failures?system=ping-mfa&minutes=10"},"timestamp":"2025-12-01T06:52:19.035Z"}
{"level":"info","message":{"auth":"[REDACTED]","method":"GET","msg":"request","timestamp":"2025-12-01T07:00:16.695Z","url":"/api/ops-failures?system=ping-federate&minutes=10"},"timestamp":"2025-12-01T07:00:16.695Z"}
{"level":"info","message":{"auth":"[REDACTED]","method":"GET","msg":"request","timestamp":"2025-12-01T07:00:16.720Z","url":"/api/ops-failures?system=ping-federate&minutes=10"},"timestamp":"2025-12-01T07:00:16.720Z"}
{"level":"info","message":{"auth":"[REDACTED]","method":"GET","msg":"request","timestamp":"2025-12-01T07:00:16.750Z","url":"/api/ops-failures?system=ping-mfa&minutes=10"},"timestamp":"2025-12-01T07:00:16.750Z"}
{"level":"info","message":{"auth":"[REDACTED]","method":"GET","msg":"request","timestamp":"2025-12-01T07:00:16.761Z","url":"/api/ops-failures?system=ping-mfa&minutes=10"},"timestamp":"2025-12-01T07:00:16.761Z"}
{"level":"info","message":{"auth":"[REDACTED]","method":"GET","msg":"request","timestamp":"2025-12-01T07:00:21.149Z","url":"/api/ops-failures?system=ping-federate&minutes=10"},"timestamp":"2025-12-01T07:00:21.149Z"}
{"level":"info","message":{"auth":"[REDACTED]","method":"GET","msg":"request","timestamp":"2025-12-01T07:00:21.155Z","url":"/api/ops-failures?system=ping-mfa&minutes=10"},"timestamp":"2025-12-01T07:00:21.155Z"}
{"level":"info","message":{"auth":"[REDACTED]","method":"GET","msg":"request","timestamp":"2025-12-01T07:09:03.544Z","url":"/api/ops-failures?system=ping-federate&minutes=10"},"timestamp":"2025-12-01T07:09:03.544Z"}
{"level":"info","message":{"auth":"[REDACTED]","method":"GET","msg":"request","timestamp":"2025-12-01T07:09:03.549Z","url":"/api/ops-failures?system=ping-mfa&minutes=10"},"timestamp":"2025-12-01T07:09:03.549Z"}
{"level":"info","message":{"auth":"[REDACTED]","method":"GET","msg":"request","timestamp":"2025-12-01T07:11:30.471Z","url":"/api/ops-failures?system=ping-federate&minutes=10"},"timestamp":"2025-12-01T07:11:30.471Z"}
{"level":"info","message":{"auth":"[REDACTED]","method":"GET","msg":"request","timestamp":"2025-12-01T07:11:30.477Z","url":"/api/ops-failures?system=ping-mfa&minutes=10"},"timestamp":"2025-12-01T07:11:30.477Z"}
{"level":"info","message":{"auth":"[REDACTED]","method":"GET","msg":"request","timestamp":"2025-12-01T07:14:30.075Z","url":"/api/ops-failures?system=ping-federate&minutes=10"},"timestamp":"2025-12-01T07:14:30.075Z"}
{"level":"info","message":{"auth":"[REDACTED]","method":"GET","msg":"request","timestamp":"2025-12-01T07:14:30.079Z","url":"/api/ops-failures?system=ping-mfa&minutes=10"},"timestamp":"2025-12-01T07:14:30.079Z"}
{"level":"info","message":{"auth":"[REDACTED]","method":"GET","msg":"request","timestamp":"2025-12-01T07:15:01.813Z","url":"/api/ops-failures?system=ping-federate&minutes=10"},"timestamp":"2025-12-01T07:15:01.813Z"}
{"level":"info","message":{"auth":"[REDACTED]","method":"GET","msg":"request","timestamp":"2025-12-01T07:15:01.822Z","url":"/api/ops-failures?system=ping-mfa&minutes=10"},"timestamp":"2025-12-01T07:15:01.822Z"}
{"level":"info","message":{"auth":"[REDACTED]","method":"GET","msg":"request","timestamp":"2025-12-01T07:15:01.841Z","url":"/api/ops-failures?system=ping-federate&minutes=10"},"timestamp":"2025-12-01T07:15:01.841Z"}
{"level":"info","message":{"auth":"[REDACTED]","method":"GET","msg":"request","timestamp":"2025-12-01T07:15:01.853Z","url":"/api/ops-failures?system=ping-mfa&minutes=10"},"timestamp":"2025-12-01T07:15:01.853Z"}
{"level":"info","message":{"auth":"[REDACTED]","method":"GET","msg":"request","timestamp":"2025-12-01T07:16:03.184Z","url":"/api/ops-failures?system=ping-federate&minutes=10"},"timestamp":"2025-12-01T07:16:03.184Z"}
{"level":"info","message":{"auth":"[REDACTED]","method":"GET","msg":"request","timestamp":"2025-12-01T07:16:03.482Z","url":"/api/ops-failures?system=ping-federate&minutes=10"},"timestamp":"2025-12-01T07:16:03.482Z"}
{"level":"info","message":{"auth":"[REDACTED]","method":"GET","msg":"request","timestamp":"2025-12-01T07:16:03.613Z","url":"/api/ops-failures?system=ping-mfa&minutes=10"},"timestamp":"2025-12-01T07:16:03.613Z"}
{"level":"info","message":{"auth":"[REDACTED]","method":"GET","msg":"request","timestamp":"2025-12-01T07:16:03.700Z","url":"/api/ops-failures?system=ping-mfa&minutes=10"},"timestamp":"2025-12-01T07:16:03.700Z"}
{"level":"info","message":{"auth":"[REDACTED]","method":"GET","msg":"request","timestamp":"2025-12-01T07:16:40.092Z","url":"/api/ops-failures?system=ping-federate&minutes=10"},"timestamp":"2025-12-01T07:16:40.092Z"}
{"level":"info","message":{"auth":"[REDACTED]","method":"GET","msg":"request","timestamp":"2025-12-01T07:16:40.096Z","url":"/api/ops-failures?system=ping-mfa&minutes=10"},"timestamp":"2025-12-01T07:16:40.096Z"}
{"level":"info","message":{"auth":"[REDACTED]","method":"GET","msg":"request","timestamp":"2025-12-01T07:17:16.783Z","url":"/api/ops-failures?system=ping-federate&minutes=10"},"timestamp":"2025-12-01T07:17:16.783Z"}
{"level":"info","message":{"auth":"[REDACTED]","method":"GET","msg":"request","timestamp":"2025-12-01T07:17:16.808Z","url":"/api/ops-failures?system=ping-mfa&minutes=10"},"timestamp":"2025-12-01T07:17:16.808Z"}
{"level":"info","message":{"auth":"[REDACTED]","method":"GET","msg":"request","timestamp":"2025-12-01T07:17:16.815Z","url":"/api/ops-failures?system=ping-federate&minutes=10"},"timestamp":"2025-12-01T07:17:16.815Z"}
{"level":"info","message":{"auth":"[REDACTED]","method":"GET","msg":"request","timestamp":"2025-12-01T07:17:16.858Z","url":"/api/ops-failures?system=ping-mfa&minutes=10"},"timestamp":"2025-12-01T07:17:16.858Z"}
{"level":"info","message":{"auth":"[REDACTED]","method":"GET","msg":"request","timestamp":"2025-12-01T07:17:58.122Z","url":"/api/ops-failures?system=ping-federate&minutes=10"},"timestamp":"2025-12-01T07:17:58.122Z"}
{"level":"info","message":{"auth":"[REDACTED]","method":"GET","msg":"request","timestamp":"2025-12-01T07:17:58.128Z","url":"/api/ops-failures?system=ping-mfa&minutes=10"},"timestamp":"2025-12-01T07:17:58.128Z"}
{"level":"info","message":{"auth":"[REDACTED]","method":"GET","msg":"request","timestamp":"2025-12-01T07:18:28.804Z","url":"/api/ops-failures?system=ping-federate&minutes=10"},"timestamp":"2025-12-01T07:18:28.804Z"}
{"level":"info","message":{"auth":"[REDACTED]","method":"GET","msg":"request","timestamp":"2025-12-01T07:18:28.814Z","url":"/api/ops-failures?system=ping-mfa&minutes=10"},"timestamp":"2025-12-01T07:18:28.814Z"}
{"level":"info","message":{"auth":"[REDACTED]","method":"GET","msg":"request","timestamp":"2025-12-01T07:18:28.827Z","url":"/api/ops-failures?system=ping-federate&minutes=10"},"timestamp":"2025-12-01T07:18:28.827Z"}
{"level":"info","message":{"auth":"[REDACTED]","method":"GET","msg":"request","timestamp":"2025-12-01T07:18:28.841Z","url":"/api/ops-failures?system=ping-mfa&minutes=10"},"timestamp":"2025-12-01T07:18:28.841Z"}
{"level":"info","message":{"auth":"[REDACTED]","method":"GET","msg":"request","timestamp":"2025-12-01T07:19:57.426Z","url":"/api/ops-failures?system=ping-federate&minutes=10"},"timestamp":"2025-12-01T07:19:57.426Z"}
{"level":"info","message":{"auth":"[REDACTED]","method":"GET","msg":"request","timestamp":"2025-12-01T07:19:57.459Z","url":"/api/ops-failures?system=ping-mfa&minutes=10"},"timestamp":"2025-12-01T07:19:57.459Z"}
{"level":"info","message":{"auth":"[REDACTED]","method":"GET","msg":"request","timestamp":"2025-12-01T07:26:59.387Z","url":"/api/ops-failures?system=ping-federate&minutes=10"},"timestamp":"2025-12-01T07:26:59.387Z"}
{"level":"info","message":{"auth":"[REDACTED]","method":"GET","msg":"request","timestamp":"2025-12-01T07:26:59.391Z","url":"/api/ops-failures?system=ping-mfa&minutes=10"},"timestamp":"2025-12-01T07:26:59.391Z"}
{"level":"info","message":{"auth":"[REDACTED]","method":"GET","msg":"request","timestamp":"2025-12-01T07:33:11.366Z","url":"/api/ops-failures?system=ping-federate&minutes=10"},"timestamp":"2025-12-01T07:33:11.366Z"}
{"level":"info","message":{"auth":"[REDACTED]","method":"GET","msg":"request","timestamp":"2025-12-01T07:33:11.373Z","url":"/api/ops-failures?system=ping-mfa&minutes=10"},"timestamp":"2025-12-01T07:33:11.373Z"}
{"level":"info","message":{"auth":"[REDACTED]","method":"GET","msg":"request","timestamp":"2025-12-01T07:33:30.014Z","url":"/api/ops-failures?system=ping-federate&minutes=10"},"timestamp":"2025-12-01T07:33:30.014Z"}
{"level":"info","message":{"auth":"[REDACTED]","method":"GET","msg":"request","timestamp":"2025-12-01T07:33:30.136Z","url":"/api/ops-failures?system=ping-federate&minutes=10"},"timestamp":"2025-12-01T07:33:30.136Z"}
{"level":"info","message":{"auth":"[REDACTED]","method":"GET","msg":"request","timestamp":"2025-12-01T07:33:30.688Z","url":"/api/ops-failures?system=ping-mfa&minutes=10"},"timestamp":"2025-12-01T07:33:30.688Z"}
{"level":"info","message":{"auth":"[REDACTED]","method":"GET","msg":"request","timestamp":"2025-12-01T07:33:30.854Z","url":"/api/ops-failures?system=ping-mfa&minutes=10"},"timestamp":"2025-12-01T07:33:30.854Z"}
{"level":"info","message":{"auth":"[REDACTED]","method":"GET","msg":"request","timestamp":"2025-12-01T07:34:39.009Z","url":"/api/ops-failures?system=ping-federate&minutes=10"},"timestamp":"2025-12-01T07:34:39.009Z"}
{"level":"info","message":{"auth":"[REDACTED]","method":"GET","msg":"request","timestamp":"2025-12-01T07:34:39.014Z","url":"/api/ops-failures?system=ping-mfa&minutes=10"},"timestamp":"2025-12-01T07:34:39.014Z"}
{"level":"info","message":{"auth":"[REDACTED]","method":"GET","msg":"request","timestamp":"2025-12-01T07:35:12.756Z","url":"/api/ops-failures?system=ping-federate&minutes=10"},"timestamp":"2025-12-01T07:35:12.756Z"}
{"level":"info","message":{"auth":"[REDACTED]","method":"GET","msg":"request","timestamp":"2025-12-01T07:35:13.222Z","url":"/api/ops-failures?system=ping-federate&minutes=10"},"timestamp":"2025-12-01T07:35:13.222Z"}
{"level":"info","message":{"auth":"[REDACTED]","method":"GET","msg":"request","timestamp":"2025-12-01T07:35:13.377Z","url":"/api/ops-failures?system=ping-mfa&minutes=10"},"timestamp":"2025-12-01T07:35:13.377Z"}
{"level":"info","message":{"auth":"[REDACTED]","method":"GET","msg":"request","timestamp":"2025-12-01T07:35:13.402Z","url":"/api/ops-failures?system=ping-mfa&minutes=10"},"timestamp":"2025-12-01T07:35:13.402Z"}
